{
	"credit": "Made with Blockbench",
	"texture_size": [64, 64],
	"textures": {
		"1": "next:item/bluetrashcan"
	},
	"elements": [
		{
			"from": [3, 0, 3],
			"to": [13, 13, 13],
			"faces": {
				"north": {"uv": [3.25, 6, 5.75, 9.25], "texture": "#1"},
				"east": {"uv": [5.75, 6, 8.25, 9.25], "texture": "#1"},
				"south": {"uv": [6.25, 0, 8.75, 3.25], "texture": "#1"},
				"west": {"uv": [0, 6.5, 2.5, 9.75], "texture": "#1"},
				"up": {"uv": [5, 11.75, 2.5, 9.25], "texture": "#1"},
				"down": {"uv": [11.75, 2.5, 9.25, 5], "texture": "#1"}
			}
		},
		{
			"from": [1.5, 9, 1.5],
			"to": [14.5, 12, 14.5],
			"rotation": {"angle": 0, "axis": "y", "origin": [0.5, -1, 0.5]},
			"faces": {
				"north": {"uv": [9.25, 5, 12.5, 5.75], "texture": "#1"},
				"east": {"uv": [9.25, 5, 12.5, 5.75], "texture": "#1"},
				"south": {"uv": [9.25, 5, 12.5, 5.75], "texture": "#1"},
				"west": {"uv": [9.25, 5, 12.5, 5.75], "texture": "#1"},
				"up": {"uv": [3.25, 3.25, 0, 0], "texture": "#1"},
				"down": {"uv": [3.25, 3.25, 0, 6.5], "texture": "#1"}
			}
		},
		{
			"from": [-0.5, 10, 4.5],
			"to": [1.5, 10, 11.5],
			"rotation": {"angle": 0, "axis": "y", "origin": [-1.5, -1.5, 0.5]},
			"faces": {
				"north": {"uv": [9.25, 5, 12.5, 5.75], "texture": "#1"},
				"east": {"uv": [9.25, 5, 12.5, 5.75], "texture": "#1"},
				"south": {"uv": [9.25, 5, 12.5, 5.75], "texture": "#1"},
				"west": {"uv": [9.25, 5, 12.5, 5.75], "texture": "#1"},
				"up": {"uv": [0.5, 11.5, 0, 9.75], "texture": "#1"},
				"down": {"uv": [0.5, 11.5, 0, 9.75], "texture": "#1"}
			}
		},
		{
			"from": [14.5, 10, 4.5],
			"to": [16.5, 10, 11.5],
			"rotation": {"angle": 0, "axis": "y", "origin": [17.5, -1.5, 0.5]},
			"faces": {
				"north": {"uv": [12.5, 5, 9.25, 5.75], "texture": "#1"},
				"east": {"uv": [12.5, 5, 9.25, 5.75], "texture": "#1"},
				"south": {"uv": [12.5, 5, 9.25, 5.75], "texture": "#1"},
				"west": {"uv": [12.5, 5, 9.25, 5.75], "texture": "#1"},
				"up": {"uv": [0, 11.5, 0.5, 9.75], "texture": "#1"},
				"down": {"uv": [0, 11.5, 0.5, 9.75], "texture": "#1"}
			}
		},
		{
			"from": [2, 0, 2],
			"to": [14, 10, 14],
			"faces": {
				"north": {"uv": [6.25, 3.25, 9.25, 5.75], "texture": "#1"},
				"east": {"uv": [6.25, 3.25, 9.25, 5.75], "texture": "#1"},
				"south": {"uv": [6.25, 3.25, 9.25, 5.75], "texture": "#1"},
				"west": {"uv": [6.25, 3.25, 9.25, 5.75], "texture": "#1"},
				"up": {"uv": [6.25, 3, 3.25, 0], "texture": "#1"},
				"down": {"uv": [6.25, 3, 3.25, 6], "texture": "#1"}
			}
		}
	],
	"display": {
		"thirdperson_righthand": {
			"rotation": [75, 45, 0],
			"translation": [0, 2.5, 0],
			"scale": [0.375, 0.375, 0.375]
		},
		"thirdperson_lefthand": {
			"rotation": [75, 45, 0],
			"translation": [0, 2.5, 0],
			"scale": [0.375, 0.375, 0.375]
		},
		"firstperson_righthand": {
			"rotation": [0, 45, 0],
			"translation": [0, 2.5, 0],
			"scale": [0.4, 0.4, 0.4]
		},
		"firstperson_lefthand": {
			"rotation": [0, 45, 0],
			"translation": [0, 2.5, 0],
			"scale": [0.4, 0.4, 0.4]
		},
		"ground": {
			"translation": [0, 2, 0],
			"scale": [0.5, 0.5, 0.5]
		},
		"gui": {
			"rotation": [30, 225, 0],
			"scale": [0.625, 0.625, 0.625]
		},
		"head": {
			"scale": [0, 0, 0]
		},
		"fixed": {
			"rotation": [-90, 0, 0],
			"translation": [0, 0, -13.75],
			"scale": [2, 2, 2]
		}
	}
}