{
	"credit": "Made with Blockbench",
	"texture_size": [32, 32],
	"textures": {
		"0": "next:item/book",
		"particle": "next:item/book"
	},
	"elements": [
		{
			"from": [5, 0, 4],
			"to": [11, 3, 12],
			"rotation": {"angle": 0, "axis": "y", "origin": [8, 1.5, 8]},
			"faces": {
				"north": {"uv": [0, 12, 3, 13.5], "texture": "#0"},
				"east": {"uv": [8, 10, 12, 11.5], "texture": "#0"},
				"south": {"uv": [3, 12, 6, 13.5], "texture": "#0"},
				"west": {"uv": [8, 11.5, 12, 13], "texture": "#0"},
				"up": {"uv": [3, 4, 0, 0], "texture": "#0"},
				"down": {"uv": [6, 0, 3, 4], "texture": "#0"}
			}
		},
		{
			"from": [4.5, 2.25, 4.5],
			"to": [10.5, 2.25, 12.5],
			"rotation": {"angle": 0, "axis": "y", "origin": [7.5, 1.75, 8.5]},
			"faces": {
				"north": {"uv": [0, 0, 3, 0], "texture": "#0"},
				"east": {"uv": [0, 0, 4, 0], "texture": "#0"},
				"south": {"uv": [0, 0, 3, 0], "texture": "#0"},
				"west": {"uv": [0, 0, 4, 0], "texture": "#0"},
				"up": {"uv": [3, 8, 0, 4], "texture": "#0"},
				"down": {"uv": [6, 4, 3, 8], "texture": "#0"}
			}
		},
		{
			"from": [5, 3.25, 4],
			"to": [11, 3.25, 12],
			"rotation": {"angle": 0, "axis": "y", "origin": [8, 4.75, 8]},
			"faces": {
				"north": {"uv": [0, 0, 3, 0], "texture": "#0"},
				"east": {"uv": [0, 0, 4, 0], "texture": "#0"},
				"south": {"uv": [0, 0, 3, 0], "texture": "#0"},
				"west": {"uv": [0, 0, 4, 0], "texture": "#0"},
				"up": {"uv": [9, 4, 6, 0], "texture": "#0"},
				"down": {"uv": [9, 4, 6, 8], "texture": "#0"}
			}
		},
		{
			"from": [4.5, 1, 3.5],
			"to": [10.5, 1, 11.5],
			"rotation": {"angle": 0, "axis": "y", "origin": [7.5, 0.5, 7.5]},
			"faces": {
				"north": {"uv": [0, 0, 3, 0], "texture": "#0"},
				"east": {"uv": [0, 0, 4, 0], "texture": "#0"},
				"south": {"uv": [0, 0, 3, 0], "texture": "#0"},
				"west": {"uv": [0, 0, 4, 0], "texture": "#0"},
				"up": {"uv": [3, 8, 0, 4], "texture": "#0"},
				"down": {"uv": [6, 4, 3, 8], "texture": "#0"}
			}
		}
	],
	"gui_light": "front",
	"display": {
		"thirdperson_righthand": {
			"rotation": [-84, -2.31, -90],
			"translation": [6.25, -1.25, -1.25],
			"scale": [0.95, 0.95, 0.95]
		},
		"thirdperson_lefthand": {
			"rotation": [-84, -2.31, 90],
			"translation": [-6.25, -1.25, -1.25],
			"scale": [0.95, 0.95, 0.95]
		},
		"firstperson_righthand": {
			"rotation": [63, 180, -20],
			"translation": [0, 5.5, 5.75]
		},
		"firstperson_lefthand": {
			"rotation": [63, 180, -20],
			"translation": [0, 5.5, 5.75]
		},
		"ground": {
			"rotation": [19.85, -5.1, -17.63],
			"translation": [0, 5.5, 0]
		},
		"gui": {
			"rotation": [57, 180, 20.67],
			"translation": [4, 5.25, 0],
			"scale": [1.6, 1.6, 1.6]
		},
		"head": {
			"translation": [0, -30.4, 0],
			"scale": [1.6, 1.6, 1.6]
		},
		"fixed": {
			"rotation": [-78, 0, 0],
			"translation": [0, 0, -5.5]
		}
	},
	"groups": [
		{
			"name": "book",
			"origin": [16.82843, 0.17057, 8],
			"color": 0,
			"children": [0, 1, 2, 3]
		}
	]
}