{
	"credit": "Made with Blockbench",
	"texture_size": [32, 32],
	"textures": {
		"1": "next:item/gift"
	},
	"elements": [
		{
			"from": [4, 0, 5],
			"to": [12, 5, 12],
			"rotation": {"angle": 0, "axis": "y", "origin": [6, 25.63388, -16.25]},
			"faces": {
				"north": {"uv": [5, 3.5, 9, 6], "texture": "#1"},
				"east": {"uv": [9, 4, 12.5, 6.5], "texture": "#1"},
				"south": {"uv": [5, 6, 9, 8.5], "texture": "#1"},
				"west": {"uv": [10, 6.5, 13.5, 9], "texture": "#1"},
				"down": {"uv": [9, 0, 5, 3.5], "texture": "#1"}
			}
		},
		{
			"from": [3, 5, 4],
			"to": [13, 9, 13],
			"rotation": {"angle": 0, "axis": "y", "origin": [6, 25.63388, -16.25]},
			"faces": {
				"north": {"uv": [5, 8.5, 10, 10.5], "texture": "#1"},
				"east": {"uv": [9, 0, 13.5, 2], "texture": "#1"},
				"south": {"uv": [0, 9, 5, 11], "texture": "#1"},
				"west": {"uv": [9, 2, 13.5, 4], "texture": "#1"},
				"up": {"uv": [5, 4.5, 0, 0], "texture": "#1"},
				"down": {"uv": [5, 4.5, 0, 9], "texture": "#1"}
			}
		},
		{
			"from": [19.10543, 20.0499, 6.5],
			"to": [24.10543, 20.0499, 9.5],
			"rotation": {"angle": -45, "axis": "z", "origin": [6, 25.63388, -16.25]},
			"faces": {
				"north": {"uv": [0, 0, 2.5, 0], "texture": "#1"},
				"east": {"uv": [0, 0, 1.5, 0], "texture": "#1"},
				"south": {"uv": [0, 0, 2.5, 0], "texture": "#1"},
				"west": {"uv": [0, 0, 1.5, 0], "texture": "#1"},
				"up": {"uv": [12.5, 10.5, 10, 9], "texture": "#1"},
				"down": {"uv": [7.5, 10.5, 5, 12], "texture": "#1"}
			}
		},
		{
			"from": [24.10543, 15.0499, 6.5],
			"to": [24.10543, 20.0499, 9.5],
			"rotation": {"angle": -45, "axis": "z", "origin": [6, 25.63388, -16.25]},
			"faces": {
				"north": {"uv": [0, 0, 0, 2.5], "texture": "#1"},
				"east": {"uv": [7.5, 10.5, 9, 13], "texture": "#1"},
				"south": {"uv": [0, 0, 0, 2.5], "texture": "#1"},
				"west": {"uv": [9, 10.5, 10.5, 13], "texture": "#1"},
				"up": {"uv": [0, 1.5, 0, 0], "texture": "#1"},
				"down": {"uv": [0, 0, 0, 1.5], "texture": "#1"}
			}
		},
		{
			"from": [19.10543, 15.0499, 6.5],
			"to": [19.10543, 20.0499, 9.5],
			"rotation": {"angle": -45, "axis": "z", "origin": [6, 25.63388, -16.25]},
			"faces": {
				"north": {"uv": [0, 0, 0, 2.5], "texture": "#1"},
				"east": {"uv": [10.5, 10.5, 12, 13], "texture": "#1"},
				"south": {"uv": [0, 0, 0, 2.5], "texture": "#1"},
				"west": {"uv": [0, 11, 1.5, 13.5], "texture": "#1"},
				"up": {"uv": [0, 1.5, 0, 0], "texture": "#1"},
				"down": {"uv": [0, 0, 0, 1.5], "texture": "#1"}
			}
		},
		{
			"from": [-9.27701, 17.22147, 6.5],
			"to": [-4.27701, 17.22147, 9.5],
			"rotation": {"angle": 45, "axis": "z", "origin": [6, 25.63388, -16.25]},
			"faces": {
				"north": {"uv": [0, 0, 2.5, 0], "texture": "#1"},
				"east": {"uv": [0, 0, 1.5, 0], "texture": "#1"},
				"south": {"uv": [0, 0, 2.5, 0], "texture": "#1"},
				"west": {"uv": [0, 0, 1.5, 0], "texture": "#1"},
				"up": {"uv": [4, 12.5, 1.5, 11], "texture": "#1"},
				"down": {"uv": [6.5, 12, 4, 13.5], "texture": "#1"}
			}
		},
		{
			"from": [-9.27701, 12.22147, 6.5],
			"to": [-9.27701, 17.22147, 9.5],
			"rotation": {"angle": 45, "axis": "z", "origin": [6, 25.63388, -16.25]},
			"faces": {
				"north": {"uv": [0, 0, 0, 2.5], "texture": "#1"},
				"east": {"uv": [12, 10.5, 13.5, 13], "texture": "#1"},
				"south": {"uv": [0, 0, 0, 2.5], "texture": "#1"},
				"west": {"uv": [1.5, 12.5, 3, 15], "texture": "#1"},
				"up": {"uv": [0, 1.5, 0, 0], "texture": "#1"},
				"down": {"uv": [0, 0, 0, 1.5], "texture": "#1"}
			}
		},
		{
			"from": [-4.27701, 12.22147, 6.5],
			"to": [-4.27701, 17.22147, 9.5],
			"rotation": {"angle": 45, "axis": "z", "origin": [6, 25.63388, -16.25]},
			"faces": {
				"north": {"uv": [0, 0, 0, 2.5], "texture": "#1"},
				"east": {"uv": [12.5, 4, 14, 6.5], "texture": "#1"},
				"south": {"uv": [0, 0, 0, 2.5], "texture": "#1"},
				"west": {"uv": [6.5, 13, 8, 15.5], "texture": "#1"},
				"up": {"uv": [0, 1.5, 0, 0], "texture": "#1"},
				"down": {"uv": [0, 0, 0, 1.5], "texture": "#1"}
			}
		}
	],
	"display": {
		"thirdperson_righthand": {
			"translation": [-2, 1.75, -1.25],
			"scale": [0.38, 0.38, 0.38]
		},
		"thirdperson_lefthand": {
			"translation": [-2, 1.75, -1.25],
			"scale": [0.38, 0.38, 0.38]
		},
		"firstperson_righthand": {
			"rotation": [3, -51, -17],
			"translation": [0.25, 3.5, 0.75],
			"scale": [0.43, 0.43, 0.43]
		},
		"firstperson_lefthand": {
			"rotation": [3, -51, -17],
			"translation": [0.25, 3.5, 0.75],
			"scale": [0.43, 0.43, 0.43]
		},
		"ground": {
			"translation": [0, 7, 0]
		},
		"gui": {
			"rotation": [30, 225, 0],
			"translation": [0.25, 1.75, 0],
			"scale": [0.96, 0.96, 0.96]
		},
		"head": {
			"translation": [0, 25, -1.5],
			"scale": [3.5, 3.5, 3.5]
		},
		"fixed": {
			"rotation": [-90, 0, 0],
			"translation": [0, -1.5, -23.5],
			"scale": [3.01, 3.01, 3.01]
		}
	},
	"groups": [
		{
			"name": "maingift",
			"origin": [6, 23.75, -19.5],
			"rotation": [-7.5, 0, 0],
			"color": 0,
			"children": [
				0,
				1,
				{
					"name": "right_loop2",
					"origin": [16.18198, 31.35355, -38],
					"color": 0,
					"children": [2, 3, 4]
				},
				{
					"name": "right_loop",
					"origin": [16.18198, 31.35355, -38],
					"color": 0,
					"children": [5, 6, 7]
				}
			]
		}
	]
}