{
	"format_version": "1.21.6",
	"credit": "Made with Blockbench",
	"texture_size": [1000, 320],
	"textures": {
		"1": "next:item/lobbysign_text2",
		"11": "next:item/lobbysign_text1",
		"particle": "next:item/lobbysign_text1"
	},
	"elements": [
		{
			"from": [18.63341, -0.37872, 2.36089],
			"to": [29.2199, 12.85439, 9.63911],
			"rotation": {"angle": 0, "axis": "y", "origin": [8.04692, -1.04037, 6]},
			"faces": {
				"north": {"uv": [6.752, 1.1, 7.264, 3.1], "texture": "#1"},
				"south": {"uv": [7.264, 1.1, 6.752, 3.1], "texture": "#1"},
				"up": {"uv": [7.264, 1.1, 6.752, 0], "texture": "#1"},
				"down": {"uv": [7.264, 4.2, 6.752, 3.1], "texture": "#1"}
			}
		},
		{
			"from": [23.265, 10.86943, 1.69924],
			"to": [24.58831, 13.51605, 10.30076],
			"rotation": {"angle": 0, "axis": "y", "origin": [8.04692, -1.04037, 6]},
			"faces": {
				"east": {"uv": [0, 13.3, 0.016, 13.35], "texture": "#1"},
				"west": {"uv": [0, 13.3, 0.016, 13.35], "texture": "#1"},
				"down": {"uv": [0, 13.3, 0.016, 13.35], "texture": "#1"}
			}
		},
		{
			"from": [23.265, -1.04037, 1.69924],
			"to": [24.58831, 2.2679, 10.30076],
			"rotation": {"angle": 0, "axis": "y", "origin": [8.04692, -1.04037, 6]},
			"faces": {
				"east": {"uv": [0, 13.3, 0.016, 13.35], "texture": "#1"},
				"west": {"uv": [0, 13.3, 0.016, 13.35], "texture": "#1"},
				"up": {"uv": [0, 13.3, 0.016, 13.35], "texture": "#1"}
			}
		},
		{
			"from": [29.88156, 13.51605, 10.30076],
			"to": [17.97176, -1.04037, 1.69924],
			"rotation": {"angle": 0, "axis": "y", "origin": [8.04692, -1.04037, 6]},
			"faces": {
				"north": {"uv": [0.304, 14.4, 0.448, 13.3], "texture": "#1"},
				"east": {"uv": [0, 13.3, 0.016, 13.35], "texture": "#1"},
				"south": {"uv": [0.304, 14.4, 0.448, 13.3], "texture": "#1"},
				"west": {"uv": [0, 13.3, 0.016, 13.35], "texture": "#1"},
				"up": {"uv": [0.304, 13.3, 0.448, 13.35], "texture": "#1"},
				"down": {"uv": [0.304, 13.3, 0.448, 13.35], "texture": "#1"}
			}
		},
		{
			"from": [8.04692, -0.37872, 2.36089],
			"to": [17.3101, 12.85439, 9.63911],
			"rotation": {"angle": 0, "axis": "y", "origin": [8.04692, -1.04037, 6]},
			"faces": {
				"north": {"uv": [2.4, 1.1, 2.848, 3.1], "texture": "#1"},
				"south": {"uv": [2.848, 1.1, 2.4, 3.1], "texture": "#1"},
				"up": {"uv": [2.848, 1.1, 2.4, 0], "texture": "#1"},
				"down": {"uv": [2.848, 4.2, 2.4, 3.1], "texture": "#1"}
			}
		},
		{
			"from": [7.38527, 8.2228, 1.69924],
			"to": [12.67851, 9.54611, 10.30076],
			"rotation": {"angle": 0, "axis": "y", "origin": [8.04692, -1.04037, 6]},
			"faces": {
				"east": {"uv": [0, 13.3, 0.016, 13.35], "texture": "#1"},
				"up": {"uv": [0, 13.3, 0.016, 13.35], "texture": "#1"},
				"down": {"uv": [0, 13.3, 0.016, 13.35], "texture": "#1"}
			}
		},
		{
			"from": [7.38527, 2.92956, 1.69924],
			"to": [12.67851, 4.25287, 10.30076],
			"rotation": {"angle": 0, "axis": "y", "origin": [8.04692, -1.04037, 6]},
			"faces": {
				"east": {"uv": [0, 13.3, 0.016, 13.35], "texture": "#1"},
				"up": {"uv": [0, 13.3, 0.016, 13.35], "texture": "#1"},
				"down": {"uv": [0, 13.3, 0.016, 13.35], "texture": "#1"}
			}
		},
		{
			"from": [17.97176, 13.51605, 10.30076],
			"to": [7.38527, -1.04037, 1.69924],
			"rotation": {"angle": 0, "axis": "y", "origin": [8.04692, -1.04037, 6]},
			"faces": {
				"north": {"uv": [0.048, 13.3, 0.08, 13.85], "texture": "#1"},
				"east": {"uv": [0.064, 13.3, 0.048, 13.85], "texture": "#1"},
				"south": {"uv": [0.08, 13.3, 0.048, 13.85], "texture": "#1"},
				"west": {"uv": [0, 13.3, 0.016, 13.35], "texture": "#1"},
				"up": {"uv": [0, 13.3, 0.016, 13.35], "texture": "#1"},
				"down": {"uv": [0, 13.3, 0.016, 13.35], "texture": "#1"}
			}
		},
		{
			"from": [-2.53956, -0.37872, 2.36089],
			"to": [6.72361, 12.85439, 9.63911],
			"rotation": {"angle": 0, "axis": "y", "origin": [8.04692, -1.04037, 6]},
			"faces": {
				"north": {"uv": [12.032, 1.1, 12.48, 3.1], "texture": "#1"},
				"south": {"uv": [12.48, 1.1, 12.032, 3.1], "texture": "#1"},
				"up": {"uv": [12.48, 1.1, 12.032, 0], "texture": "#1"},
				"down": {"uv": [12.48, 4.2, 12.032, 3.1], "texture": "#1"}
			}
		},
		{
			"from": [7.38527, 13.51605, 10.30076],
			"to": [-3.20122, -1.04037, 1.69924],
			"rotation": {"angle": 0, "axis": "y", "origin": [8.04692, -1.04037, 6]},
			"faces": {
				"north": {"uv": [0, 13.3, 0.016, 13.35], "texture": "#1"},
				"east": {"uv": [0, 13.3, 0.016, 13.35], "texture": "#1"},
				"south": {"uv": [0, 13.3, 0.016, 13.35], "texture": "#1"},
				"west": {"uv": [0, 13.3, 0.016, 13.35], "texture": "#1"},
				"up": {"uv": [0, 13.3, 0.016, 13.35], "texture": "#1"},
				"down": {"uv": [0, 13.3, 0.016, 13.35], "texture": "#1"}
			}
		},
		{
			"from": [-13.12605, -0.37872, 2.36089],
			"to": [-3.86287, 12.85439, 9.63911],
			"rotation": {"angle": 0, "axis": "y", "origin": [8.04692, -1.04037, 6]},
			"faces": {
				"north": {"uv": [9.76, 1.1, 10.208, 3.1], "texture": "#1"},
				"south": {"uv": [10.208, 1.1, 9.76, 3.1], "texture": "#1"},
				"up": {"uv": [10.208, 1.1, 9.76, 0], "texture": "#1"},
				"down": {"uv": [10.208, 4.2, 9.76, 3.1], "texture": "#1"}
			}
		},
		{
			"from": [-5.84784, -1.04037, 1.69924],
			"to": [-3.20122, 9.54611, 10.30076],
			"rotation": {"angle": 0, "axis": "y", "origin": [8.04692, -1.04037, 6]},
			"faces": {
				"west": {"uv": [0, 13.3, 0.016, 13.35], "texture": "#1"},
				"up": {"uv": [0, 13.3, 0.016, 13.35], "texture": "#1"}
			}
		},
		{
			"from": [-13.78771, -1.04037, 1.69924],
			"to": [-11.14108, 9.54611, 10.30076],
			"rotation": {"angle": 0, "axis": "y", "origin": [8.04692, -1.04037, 6]},
			"faces": {
				"east": {"uv": [0, 13.3, 0.016, 13.35], "texture": "#1"},
				"up": {"uv": [0, 13.3, 0.016, 13.35], "texture": "#1"}
			}
		},
		{
			"from": [-3.20122, 13.51605, 10.30076],
			"to": [-13.78771, -1.04037, 1.69924],
			"rotation": {"angle": 0, "axis": "y", "origin": [8.04692, -1.04037, 6]},
			"faces": {
				"north": {"uv": [0.032, 14.4, 0.096, 13.85], "texture": "#1"},
				"east": {"uv": [0.032, 14.4, 0.048, 13.85], "texture": "#1"},
				"south": {"uv": [0.032, 14.4, 0.096, 13.85], "texture": "#1"},
				"west": {"uv": [0.032, 14.4, 0.048, 13.85], "texture": "#1"},
				"up": {"uv": [0.032, 14.4, 0.096, 14.35], "texture": "#1"},
				"down": {"uv": [0, 13.3, 0.016, 13.35], "texture": "#1"}
			}
		},
		{
			"from": [24.91914, -7.98776, 2.36089],
			"to": [31.53569, -1.3712, 9.63911],
			"rotation": {"angle": 0, "axis": "y", "origin": [8.04692, -8.31858, 6]},
			"faces": {
				"north": {"uv": [5.92, 1.1, 6.56, 3.1], "texture": "#11"},
				"east": {"uv": [0.032, 13.4, 0.048, 13.3], "texture": "#11"},
				"south": {"uv": [6.56, 1.1, 5.92, 3.1], "texture": "#11"},
				"west": {"uv": [0.032, 13.4, 0.048, 13.3], "texture": "#11"},
				"up": {"uv": [6.56, 1.1, 5.92, 0], "texture": "#11"},
				"down": {"uv": [6.56, 4.2, 5.92, 3.1], "texture": "#11"}
			}
		},
		{
			"from": [27.56576, -6.66444, 2.36089],
			"to": [28.88907, -6.66444, 9.63911],
			"rotation": {"angle": 0, "axis": "y", "origin": [8.04692, -8.31858, 6]},
			"faces": {
				"down": {"uv": [6.72, 4.2, 6.592, 3.1], "texture": "#11"}
			}
		},
		{
			"from": [27.23493, -2.36368, 1.69924],
			"to": [29.2199, -1.04037, 10.30076],
			"rotation": {"angle": 0, "axis": "y", "origin": [8.04692, -8.31858, 6]},
			"faces": {
				"east": {"uv": [0, 13.3, 0.016, 13.35], "texture": "#11"},
				"west": {"uv": [0, 13.3, 0.016, 13.35], "texture": "#11"},
				"down": {"uv": [0.016, 13.35, 0.064, 13.4], "texture": "#11"}
			}
		},
		{
			"from": [27.89659, -3.687, 1.69924],
			"to": [28.55824, -2.36368, 10.30076],
			"rotation": {"angle": 0, "axis": "y", "origin": [8.04692, -8.31858, 6]},
			"faces": {
				"east": {"uv": [0, 13.3, 0.016, 13.35], "texture": "#11"},
				"west": {"uv": [0, 13.3, 0.016, 13.35], "texture": "#11"},
				"down": {"uv": [0, 13.3, 0.016, 13.35], "texture": "#11"}
			}
		},
		{
			"from": [27.23493, -8.31858, 1.69924],
			"to": [29.2199, -6.99527, 10.30076],
			"rotation": {"angle": 0, "axis": "y", "origin": [8.04692, -8.31858, 6]},
			"faces": {
				"east": {"uv": [0, 13.3, 0.016, 13.35], "texture": "#11"},
				"west": {"uv": [0, 13.3, 0.016, 13.35], "texture": "#11"},
				"up": {"uv": [0, 13.3, 0.016, 13.35], "texture": "#11"}
			}
		},
		{
			"from": [31.86652, -1.04037, 10.30076],
			"to": [24.58831, -8.31858, 1.69924],
			"rotation": {"angle": 0, "axis": "y", "origin": [8.04692, -8.31858, 6]},
			"faces": {
				"north": {"uv": [0.192, 13.85, 0.368, 13.3], "texture": "#11"},
				"east": {"uv": [0, 13.3, 0.016, 13.35], "texture": "#11"},
				"south": {"uv": [0.192, 13.85, 0.368, 13.3], "texture": "#11"},
				"west": {"uv": [0, 13.3, 0.016, 13.35], "texture": "#11"},
				"up": {"uv": [0.192, 13.3, 0.368, 13.35], "texture": "#11"},
				"down": {"uv": [0.192, 13.3, 0.368, 13.35], "texture": "#11"}
			}
		},
		{
			"from": [22.27252, -7.98776, 2.36089],
			"to": [24.25748, -1.3712, 9.63911],
			"rotation": {"angle": 0, "axis": "y", "origin": [8.04692, -8.31858, 6]},
			"faces": {
				"north": {"uv": [4.32, 1.1, 4.512, 3.1], "texture": "#11"},
				"south": {"uv": [4.512, 1.1, 4.32, 3.1], "texture": "#11"},
				"up": {"uv": [4.512, 1.1, 4.32, 0], "texture": "#11"},
				"down": {"uv": [4.512, 4.2, 4.32, 3.1], "texture": "#11"}
			}
		},
		{
			"from": [24.58831, -1.04037, 10.30076],
			"to": [21.94169, -8.31858, 1.69924],
			"rotation": {"angle": 0, "axis": "y", "origin": [8.04692, -8.31858, 6]},
			"faces": {
				"north": {"uv": [0, 13.3, 0.016, 13.35], "texture": "#11"},
				"east": {"uv": [0, 13.3, 0.016, 13.35], "texture": "#11"},
				"south": {"uv": [0, 13.3, 0.016, 13.35], "texture": "#11"},
				"west": {"uv": [0, 13.3, 0.016, 13.35], "texture": "#11"},
				"up": {"uv": [0, 13.3, 0.016, 13.35], "texture": "#11"},
				"down": {"uv": [0, 13.3, 0.016, 13.35], "texture": "#11"}
			}
		},
		{
			"from": [16.31762, -7.98776, 2.36089],
			"to": [21.61086, -1.3712, 9.63911],
			"rotation": {"angle": 0, "axis": "y", "origin": [8.04692, -8.31858, 6]},
			"faces": {
				"north": {"uv": [6.752, 1.1, 7.264, 3.1], "texture": "#11"},
				"south": {"uv": [7.264, 1.1, 6.752, 3.1], "texture": "#11"},
				"up": {"uv": [7.264, 1.1, 6.752, 0], "texture": "#11"},
				"down": {"uv": [7.264, 4.2, 6.752, 3.1], "texture": "#11"}
			}
		},
		{
			"from": [18.63341, -2.36368, 1.69924],
			"to": [19.29507, -1.04037, 10.30076],
			"rotation": {"angle": 0, "axis": "y", "origin": [8.04692, -8.31858, 6]},
			"faces": {
				"east": {"uv": [0, 13.3, 0.016, 13.35], "texture": "#11"},
				"west": {"uv": [0, 13.3, 0.016, 13.35], "texture": "#11"},
				"down": {"uv": [0, 13.3, 0.016, 13.35], "texture": "#11"}
			}
		},
		{
			"from": [18.63341, -8.31858, 1.69924],
			"to": [19.29507, -6.66444, 10.30076],
			"rotation": {"angle": 0, "axis": "y", "origin": [8.04692, -8.31858, 6]},
			"faces": {
				"east": {"uv": [0, 13.3, 0.016, 13.35], "texture": "#11"},
				"west": {"uv": [0, 13.3, 0.016, 13.35], "texture": "#11"},
				"up": {"uv": [0, 13.3, 0.016, 13.35], "texture": "#11"}
			}
		},
		{
			"from": [21.94169, -1.04037, 10.30076],
			"to": [15.98679, -8.31858, 1.69924],
			"rotation": {"angle": 0, "axis": "y", "origin": [8.04692, -8.31858, 6]},
			"faces": {
				"north": {"uv": [0.304, 14.4, 0.448, 13.3], "texture": "#11"},
				"east": {"uv": [0, 13.3, 0.016, 13.35], "texture": "#11"},
				"south": {"uv": [0.304, 14.4, 0.448, 13.3], "texture": "#11"},
				"west": {"uv": [0, 13.3, 0.016, 13.35], "texture": "#11"},
				"up": {"uv": [0.304, 13.3, 0.448, 13.35], "texture": "#11"},
				"down": {"uv": [0.304, 13.3, 0.448, 13.35], "texture": "#11"}
			}
		},
		{
			"from": [11.02437, -7.98776, 2.36089],
			"to": [15.65596, -1.3712, 9.63911],
			"rotation": {"angle": 0, "axis": "y", "origin": [8.04692, -8.31858, 6]},
			"faces": {
				"north": {"uv": [2.4, 1.1, 2.848, 3.1], "texture": "#11"},
				"south": {"uv": [2.848, 1.1, 2.4, 3.1], "texture": "#11"},
				"up": {"uv": [2.848, 1.1, 2.4, 0], "texture": "#11"},
				"down": {"uv": [2.848, 4.2, 2.4, 3.1], "texture": "#11"}
			}
		},
		{
			"from": [10.69355, -3.687, 1.69924],
			"to": [13.34017, -3.02534, 10.30076],
			"rotation": {"angle": 0, "axis": "y", "origin": [8.04692, -8.31858, 6]},
			"faces": {
				"east": {"uv": [0, 13.3, 0.016, 13.35], "texture": "#11"},
				"up": {"uv": [0, 13.3, 0.016, 13.35], "texture": "#11"},
				"down": {"uv": [0, 13.3, 0.016, 13.35], "texture": "#11"}
			}
		},
		{
			"from": [10.69355, -6.33362, 1.69924],
			"to": [13.34017, -5.67196, 10.30076],
			"rotation": {"angle": 0, "axis": "y", "origin": [8.04692, -8.31858, 6]},
			"faces": {
				"east": {"uv": [0, 13.3, 0.016, 13.35], "texture": "#11"},
				"up": {"uv": [0, 13.3, 0.016, 13.35], "texture": "#11"},
				"down": {"uv": [0, 13.3, 0.016, 13.35], "texture": "#11"}
			}
		},
		{
			"from": [15.98679, -1.04037, 10.30076],
			"to": [10.69355, -8.31858, 1.69924],
			"rotation": {"angle": 0, "axis": "y", "origin": [8.04692, -8.31858, 6]},
			"faces": {
				"north": {"uv": [0.048, 13.3, 0.08, 13.85], "texture": "#11"},
				"east": {"uv": [0.064, 13.3, 0.048, 13.85], "texture": "#11"},
				"south": {"uv": [0.08, 13.3, 0.048, 13.85], "texture": "#11"},
				"west": {"uv": [0, 13.3, 0.016, 13.35], "texture": "#11"},
				"up": {"uv": [0, 13.3, 0.016, 13.35], "texture": "#11"},
				"down": {"uv": [0, 13.3, 0.016, 13.35], "texture": "#11"}
			}
		},
		{
			"from": [5.73113, -7.98776, 2.36089],
			"to": [10.36272, -1.3712, 9.63911],
			"rotation": {"angle": 0, "axis": "y", "origin": [8.04692, -8.31858, 6]},
			"faces": {
				"north": {"uv": [1.44, 1.1, 1.888, 3.1], "texture": "#11"},
				"south": {"uv": [1.888, 1.1, 1.44, 3.1], "texture": "#11"},
				"up": {"uv": [1.888, 1.1, 1.44, 0], "texture": "#11"},
				"down": {"uv": [1.888, 4.2, 1.44, 3.1], "texture": "#11"}
			}
		},
		{
			"from": [5.4003, -6.33362, 1.69924],
			"to": [8.04692, -3.02534, 10.30076],
			"rotation": {"angle": 0, "axis": "y", "origin": [8.04692, -8.31858, 6]},
			"faces": {
				"east": {"uv": [0.016, 13.3, 0, 13.35], "texture": "#11"},
				"up": {"uv": [0.016, 13.3, 0, 13.35], "texture": "#11"},
				"down": {"uv": [0.016, 13.3, 0, 13.35], "texture": "#11"}
			}
		},
		{
			"from": [10.69355, -1.04037, 10.30076],
			"to": [5.4003, -8.31858, 1.69924],
			"rotation": {"angle": 0, "axis": "y", "origin": [8.04692, -8.31858, 6]},
			"faces": {
				"north": {"uv": [0.032, 13.3, 0, 13.85], "texture": "#11"},
				"east": {"uv": [0.032, 13.3, 0.016, 13.85], "texture": "#11"},
				"south": {"uv": [0, 13.3, 0.032, 13.85], "texture": "#11"},
				"west": {"uv": [0, 13.3, 0.016, 13.35], "texture": "#11"},
				"up": {"uv": [0, 13.3, 0.016, 13.35], "texture": "#11"},
				"down": {"uv": [0, 13.3, 0.016, 13.35], "texture": "#11"}
			}
		},
		{
			"from": [0.43789, -7.98776, 2.36089],
			"to": [5.06948, -1.3712, 9.63911],
			"rotation": {"angle": 0, "axis": "y", "origin": [8.04692, -8.31858, 6]},
			"faces": {
				"north": {"uv": [8.8, 1.1, 9.248, 3.1], "texture": "#11"},
				"south": {"uv": [9.248, 1.1, 8.8, 3.1], "texture": "#11"},
				"up": {"uv": [9.248, 1.1, 8.8, 0], "texture": "#11"},
				"down": {"uv": [9.248, 4.2, 8.8, 3.1], "texture": "#11"}
			}
		},
		{
			"from": [5.4003, -1.04037, 10.30076],
			"to": [0.10706, -8.31858, 1.69924],
			"rotation": {"angle": 0, "axis": "y", "origin": [8.04692, -8.31858, 6]},
			"faces": {
				"north": {"uv": [0, 13.3, 0.016, 13.35], "texture": "#11"},
				"east": {"uv": [0, 13.3, 0.016, 13.35], "texture": "#11"},
				"south": {"uv": [0, 13.3, 0.016, 13.35], "texture": "#11"},
				"west": {"uv": [0, 13.3, 0.016, 13.35], "texture": "#11"},
				"up": {"uv": [0, 13.3, 0.016, 13.35], "texture": "#11"},
				"down": {"uv": [0, 13.3, 0.016, 13.35], "texture": "#11"}
			}
		},
		{
			"from": [-4.85536, -7.98776, 2.36089],
			"to": [-0.22377, -1.3712, 9.63911],
			"rotation": {"angle": 0, "axis": "y", "origin": [8.04692, -8.31858, 6]},
			"faces": {
				"north": {"uv": [0, 1.1, 0.448, 3.1], "texture": "#11"},
				"south": {"uv": [0.448, 1.1, 0, 3.1], "texture": "#11"},
				"up": {"uv": [0.448, 1.1, 0, 0], "texture": "#11"},
				"down": {"uv": [0.448, 4.2, 0, 3.1], "texture": "#11"}
			}
		},
		{
			"from": [0.10706, -1.04037, 10.30076],
			"to": [-5.18618, -8.31858, 1.69924],
			"rotation": {"angle": 0, "axis": "y", "origin": [8.04692, -8.31858, 6]},
			"faces": {
				"north": {"uv": [0, 13.3, 0.016, 13.35], "texture": "#11"},
				"east": {"uv": [0, 13.3, 0.016, 13.35], "texture": "#11"},
				"south": {"uv": [0, 13.3, 0.016, 13.35], "texture": "#11"},
				"west": {"uv": [0, 13.3, 0.016, 13.35], "texture": "#11"},
				"up": {"uv": [0, 13.3, 0.016, 13.35], "texture": "#11"},
				"down": {"uv": [0, 13.3, 0.016, 13.35], "texture": "#11"}
			}
		},
		{
			"from": [-10.1486, -7.98776, 2.36089],
			"to": [-5.51701, -1.3712, 9.63911],
			"rotation": {"angle": 0, "axis": "y", "origin": [8.04692, -8.31858, 6]},
			"faces": {
				"north": {"uv": [2.88, 1.1, 3.328, 3.1], "texture": "#11"},
				"south": {"uv": [3.328, 1.1, 2.88, 3.1], "texture": "#11"},
				"up": {"uv": [3.328, 1.1, 2.88, 0], "texture": "#11"},
				"down": {"uv": [3.328, 4.2, 2.88, 3.1], "texture": "#11"}
			}
		},
		{
			"from": [-10.47943, -3.687, 1.69924],
			"to": [-7.83281, -3.02534, 10.30076],
			"rotation": {"angle": 0, "axis": "y", "origin": [8.04692, -8.31858, 6]},
			"faces": {
				"east": {"uv": [0, 13.3, 0.016, 13.35], "texture": "#11"},
				"up": {"uv": [0, 13.3, 0.016, 13.35], "texture": "#11"},
				"down": {"uv": [0, 13.3, 0.016, 13.35], "texture": "#11"}
			}
		},
		{
			"from": [-10.47943, -8.31858, 1.69924],
			"to": [-7.83281, -5.67196, 10.30076],
			"rotation": {"angle": 0, "axis": "y", "origin": [8.04692, -8.31858, 6]},
			"faces": {
				"east": {"uv": [0, 13.3, 0.016, 13.35], "texture": "#11"},
				"up": {"uv": [0, 13.3, 0.016, 13.35], "texture": "#11"}
			}
		},
		{
			"from": [-5.18618, -1.04037, 10.30076],
			"to": [-10.47943, -8.31858, 1.69924],
			"rotation": {"angle": 0, "axis": "y", "origin": [8.04692, -8.31858, 6]},
			"faces": {
				"north": {"uv": [0.096, 13.85, 0.064, 13.3], "texture": "#11"},
				"east": {"uv": [0.096, 13.85, 0.08, 13.3], "texture": "#11"},
				"south": {"uv": [0.064, 13.85, 0.096, 13.3], "texture": "#11"},
				"west": {"uv": [0, 13.3, 0.016, 13.35], "texture": "#11"},
				"up": {"uv": [0.016, 13.35, 0.048, 13.4], "texture": "#11"},
				"down": {"uv": [0, 13.3, 0.016, 13.35], "texture": "#11"}
			}
		},
		{
			"from": [-15.44184, -7.98776, 2.36089],
			"to": [-10.81026, -1.3712, 9.63911],
			"rotation": {"angle": 0, "axis": "y", "origin": [8.04692, -8.31858, 6]},
			"faces": {
				"north": {"uv": [9.76, 1.1, 10.208, 3.1], "texture": "#11"},
				"south": {"uv": [10.208, 1.1, 9.76, 3.1], "texture": "#11"},
				"up": {"uv": [10.208, 1.1, 9.76, 0], "texture": "#11"},
				"down": {"uv": [10.208, 4.2, 9.76, 3.1], "texture": "#11"}
			}
		},
		{
			"from": [-11.80274, -8.31858, 1.69924],
			"to": [-10.47943, -3.02534, 10.30076],
			"rotation": {"angle": 0, "axis": "y", "origin": [8.04692, -8.31858, 6]},
			"faces": {
				"west": {"uv": [0, 13.3, 0.016, 13.35], "texture": "#11"},
				"up": {"uv": [0, 13.3, 0.016, 13.35], "texture": "#11"}
			}
		},
		{
			"from": [-15.77267, -8.31858, 1.69924],
			"to": [-14.44936, -3.02534, 10.30076],
			"rotation": {"angle": 0, "axis": "y", "origin": [8.04692, -8.31858, 6]},
			"faces": {
				"east": {"uv": [0, 13.3, 0.016, 13.35], "texture": "#11"},
				"up": {"uv": [0, 13.3, 0.016, 13.35], "texture": "#11"}
			}
		},
		{
			"from": [-10.47943, -1.04037, 10.30076],
			"to": [-15.77267, -8.31858, 1.69924],
			"rotation": {"angle": 0, "axis": "y", "origin": [8.04692, -8.31858, 6]},
			"faces": {
				"north": {"uv": [0.032, 14.4, 0.096, 13.85], "texture": "#11"},
				"east": {"uv": [0.032, 14.4, 0.048, 13.85], "texture": "#11"},
				"south": {"uv": [0.032, 14.4, 0.096, 13.85], "texture": "#11"},
				"west": {"uv": [0.032, 14.4, 0.048, 13.85], "texture": "#11"},
				"up": {"uv": [0.032, 14.4, 0.096, 14.35], "texture": "#11"},
				"down": {"uv": [0, 13.3, 0.016, 13.35], "texture": "#11"}
			}
		}
	],
	"gui_light": "front",
	"display": {
		"thirdperson_righthand": {
			"rotation": [0, -180, 0],
			"translation": [0, 3.5, 0],
			"scale": [0.2, 0.2, 0.2]
		},
		"thirdperson_lefthand": {
			"rotation": [0, -180, 0],
			"translation": [0, 3.5, 0],
			"scale": [0.2, 0.2, 0.2]
		},
		"firstperson_righthand": {
			"rotation": [0, -180, 0],
			"translation": [0.75, 4.75, 0],
			"scale": [0.2, 0.2, 0.2]
		},
		"firstperson_lefthand": {
			"rotation": [0, -180, 0],
			"translation": [0.75, 4.75, 0],
			"scale": [0.2, 0.2, 0.2]
		},
		"ground": {
			"translation": [0, 14.25, 0]
		},
		"gui": {
			"rotation": [0, -180, 0],
			"translation": [0, 1.5, 0],
			"scale": [0.33, 0.33, 0.33]
		},
		"head": {
			"translation": [0, 26, 0]
		},
		"fixed": {
			"translation": [0, 18.75, -10.25],
			"scale": [4, 4, 4]
		},
		"on_shelf": {
			"rotation": [0, -180, 0],
			"scale": [0.4, 0.4, 0.4]
		}
	},
	"groups": [
		{
			"name": "next",
			"origin": [-0.70648, 0.63386, 0],
			"color": 0,
			"children": [
				{
					"name": "n",
					"origin": [-0.70648, 0.63386, 0],
					"color": 0,
					"children": [0, 1, 2, 3]
				},
				{
					"name": "e",
					"origin": [-0.70648, 0.63386, 0],
					"color": 0,
					"children": [4, 5, 6, 7]
				},
				{
					"name": "x",
					"origin": [-0.70648, 0.63386, 0],
					"color": 0,
					"children": [8, 9]
				},
				{
					"name": "t",
					"origin": [-0.70648, 0.63386, 0],
					"color": 0,
					"children": [10, 11, 12, 13]
				}
			]
		},
		{
			"name": "minecraft",
			"origin": [-0.70648, -2.96102, 0],
			"color": 0,
			"children": [
				{
					"name": "m",
					"origin": [-0.70648, -2.96102, 0],
					"color": 0,
					"children": [14, 15, 16, 17, 18, 19]
				},
				{
					"name": "i",
					"origin": [-0.70648, -2.96102, 0],
					"color": 0,
					"children": [20, 21]
				},
				{
					"name": "n",
					"origin": [-0.70648, -2.96102, 0],
					"color": 0,
					"children": [22, 23, 24, 25]
				},
				{
					"name": "e",
					"origin": [-0.70648, -2.96102, 0],
					"color": 0,
					"children": [26, 27, 28, 29]
				},
				{
					"name": "c",
					"origin": [-0.70648, -2.96102, 0],
					"color": 0,
					"children": [30, 31, 32]
				},
				{
					"name": "r",
					"origin": [-0.70648, -2.96102, 0],
					"color": 0,
					"children": [33, 34]
				},
				{
					"name": "a",
					"origin": [-0.70648, -2.96102, 0],
					"color": 0,
					"children": [35, 36]
				},
				{
					"name": "f",
					"origin": [-0.70648, -2.96102, 0],
					"color": 0,
					"children": [37, 38, 39, 40]
				},
				{
					"name": "t",
					"origin": [-0.70648, -2.96102, 0],
					"color": 0,
					"children": [41, 42, 43, 44]
				}
			]
		}
	]
}