{"credit":"Made with Blockbench","textures":{"0":"next:item/vendingmachine","particle":"next:item/vendingmachine"},"elements":[{"from":[0,0,0],"to":[16,32,16],"faces":{"north":{"uv":[0,0,4,8],"texture":"#0"},"east":{"uv":[4.5,0,8.5,8],"texture":"#0"},"south":{"uv":[8.75,0,12.75,8],"texture":"#0"},"west":{"uv":[8.5,0,4.5,8],"texture":"#0"},"up":{"uv":[0,12,4,16],"texture":"#0"},"down":{"uv":[0,12,4,8],"texture":"#0"}}},{"from":[2,10,-0.00781],"to":[14,29,-0.00781],"rotation":{"angle":0,"axis":"y","origin":[2,3,0]},"faces":{"north":{"uv":[13,0,16,4.75],"texture":"#0"}}}],"gui_light":"front","display":{"thirdperson_righthand":{"rotation":[75,45,0],"translation":[0,2.5,0],"scale":[0.375,0.375,0.375]},"thirdperson_lefthand":{"rotation":[75,45,0],"translation":[0,2.5,0],"scale":[0.375,0.375,0.375]},"firstperson_righthand":{"rotation":[-180,66.25,-180],"translation":[6.25,1.25,0.75],"scale":[0.4,0.4,0.4]},"firstperson_lefthand":{"rotation":[-180,66.25,-180],"translation":[3,2.75,2.75],"scale":[0.4,0.4,0.4]},"ground":{"translation":[0,3,0],"scale":[0.25,0.25,0.25]},"gui":{"rotation":[30,225,0],"translation":[0,-2.75,0],"scale":[0.38477,0.38477,0.38477]},"head":{"translation":[0,-30.25,0],"scale":[1.59375,1.59375,1.59375]},"fixed":{"rotation":[-90,0,0],"translation":[0,0,-16],"scale":[2.00195,2.00195,2.00195]}},"groups":[{"name":"group","origin":[8,8,8],"color":0,"children":[{"name":"group","origin":[8,8,8],"color":0,"children":[0,1]}]}],"mcmodels":"73bd350eddbddb73df581375c0032d80"}