{"textures":{"0":"bettermodel:item/armor/host_armor_5","1":"bettermodel:item/armor/host_armor_leggings_5","particle":"bettermodel:item/armor/host_armor_5"},"elements":[{"from":[5.65625,4.67031,5.65625],"to":[10.34375,9.35781,10.34375],"rotation":{"angle":0,"axis":"y","origin":[8,0.1,8]},"faces":{"north":{"uv":[2,12.25,1,14.5],"texture":"#1","tintindex":0},"east":{"uv":[3,12.25,2,14.5],"texture":"#1","tintindex":0},"south":{"uv":[4,12.25,3,14.5],"texture":"#1","tintindex":0},"west":{"uv":[1,12.25,0,14.5],"texture":"#1","tintindex":0}}},{"from":[10.34375,9.35781,10.34375],"to":[5.65625,4.67031,5.65625],"rotation":{"angle":0,"axis":"y","origin":[8,0.1,8]},"faces":{"north":{"uv":[4,14.5,3,12.25],"texture":"#1","tintindex":0},"east":{"uv":[1,14.5,0,12.25],"texture":"#1","tintindex":0},"south":{"uv":[2,14.5,1,12.25],"texture":"#1","tintindex":0},"west":{"uv":[3,14.5,2,12.25],"texture":"#1","tintindex":0}}},{"from":[10.8125,7.95156,10.8125],"to":[5.1875,1.38906,5.1875],"rotation":{"angle":0,"axis":"y","origin":[8,0.1,8]},"faces":{"north":{"uv":[4,16,3,13],"texture":"#0","tintindex":0},"east":{"uv":[1,16,0,13],"texture":"#0","tintindex":0},"south":{"uv":[2,16,1,13],"texture":"#0","tintindex":0},"west":{"uv":[3,16,2,13],"texture":"#0","tintindex":0},"up":{"uv":[3,8,2,10],"texture":"#0","tintindex":0}}},{"from":[5.1875,1.38906,5.1875],"to":[10.8125,7.95156,10.8125],"rotation":{"angle":0,"axis":"y","origin":[8,0.1,8]},"faces":{"north":{"uv":[2,13,1,16],"texture":"#0","tintindex":0},"east":{"uv":[3,13,2,16],"texture":"#0","tintindex":0},"south":{"uv":[4,13,3,16],"texture":"#0","tintindex":0},"west":{"uv":[1,13,0,16],"texture":"#0","tintindex":0},"down":{"uv":[2,8,3,10],"texture":"#0","tintindex":0}}}]}