{
	"credit": "Made with Blockbench",
	"texture_size": [128, 128],
	"textures": {
		"23": "next:item/big_balloon/balloon",
		"particle": "next:item/big_balloon/balloon"
	},
	"elements": [
		{
			"name": "BLOON",
			"from": [-4, 8, -4],
			"to": [20, 32, 20],
			"rotation": {"angle": 0, "axis": "y", "origin": [8, 8.25, 8]},
			"faces": {
				"north": {"uv": [0, 0, 3, 3], "texture": "#23"},
				"east": {"uv": [0, 3, 3, 6], "texture": "#23"},
				"south": {"uv": [0, 3, 3, 6], "texture": "#23"},
				"west": {"uv": [0, 3, 3, 6], "texture": "#23"},
				"up": {"uv": [6, 3, 3, 0], "texture": "#23"},
				"down": {"uv": [6, 3, 3, 6], "texture": "#23"}
			}
		},
		{
			"from": [-5, 19, -5],
			"to": [-3, 21, -3],
			"rotation": {"angle": 0, "axis": "y", "origin": [-5, 19, -5]},
			"faces": {
				"north": {"uv": [4, 6.875, 4.25, 7.125], "texture": "#23"},
				"east": {"uv": [4, 6.875, 4.25, 7.125], "texture": "#23"},
				"south": {"uv": [4, 6.875, 4.25, 7.125], "texture": "#23"},
				"west": {"uv": [4, 6.875, 4.25, 7.125], "texture": "#23"},
				"up": {"uv": [4.25, 7.125, 4, 6.875], "texture": "#23"},
				"down": {"uv": [4.25, 6.875, 4, 7.125], "texture": "#23"}
			}
		},
		{
			"from": [19, 19, -5],
			"to": [21, 21, -3],
			"rotation": {"angle": 0, "axis": "y", "origin": [19, 19, -5]},
			"faces": {
				"north": {"uv": [4, 6.875, 4.25, 7.125], "texture": "#23"},
				"east": {"uv": [4, 6.875, 4.25, 7.125], "texture": "#23"},
				"south": {"uv": [4, 6.875, 4.25, 7.125], "texture": "#23"},
				"west": {"uv": [4, 6.875, 4.25, 7.125], "texture": "#23"},
				"up": {"uv": [4.25, 7.125, 4, 6.875], "texture": "#23"},
				"down": {"uv": [4.25, 6.875, 4, 7.125], "texture": "#23"}
			}
		},
		{
			"from": [19, 19, 19],
			"to": [21, 21, 21],
			"rotation": {"angle": 0, "axis": "y", "origin": [19, 19, 19]},
			"faces": {
				"north": {"uv": [4, 6.875, 4.25, 7.125], "texture": "#23"},
				"east": {"uv": [4, 6.875, 4.25, 7.125], "texture": "#23"},
				"south": {"uv": [4, 6.875, 4.25, 7.125], "texture": "#23"},
				"west": {"uv": [4, 6.875, 4.25, 7.125], "texture": "#23"},
				"up": {"uv": [4.25, 7.125, 4, 6.875], "texture": "#23"},
				"down": {"uv": [4.25, 6.875, 4, 7.125], "texture": "#23"}
			}
		},
		{
			"from": [-5, 19, 19],
			"to": [-3, 21, 21],
			"rotation": {"angle": 0, "axis": "y", "origin": [-5, 19, 19]},
			"faces": {
				"north": {"uv": [4, 6.875, 4.25, 7.125], "texture": "#23"},
				"east": {"uv": [4, 6.875, 4.25, 7.125], "texture": "#23"},
				"south": {"uv": [4, 6.875, 4.25, 7.125], "texture": "#23"},
				"west": {"uv": [4, 6.875, 4.25, 7.125], "texture": "#23"},
				"up": {"uv": [4.25, 7.125, 4, 6.875], "texture": "#23"},
				"down": {"uv": [4.25, 6.875, 4, 7.125], "texture": "#23"}
			}
		},
		{
			"from": [-5, 19, -5],
			"to": [-3, 21, -3],
			"rotation": {"angle": 0, "axis": "y", "origin": [-5, 19, -5]},
			"faces": {
				"north": {"uv": [4, 6.875, 4.25, 7.125], "texture": "#23"},
				"east": {"uv": [4, 6.875, 4.25, 7.125], "texture": "#23"},
				"south": {"uv": [4, 6.875, 4.25, 7.125], "texture": "#23"},
				"west": {"uv": [4, 6.875, 4.25, 7.125], "texture": "#23"},
				"up": {"uv": [4.25, 7.125, 4, 6.875], "texture": "#23"},
				"down": {"uv": [4.25, 6.875, 4, 7.125], "texture": "#23"}
			}
		},
		{
			"from": [-4, 8, -4.5],
			"to": [20, 19, -4.5],
			"rotation": {"angle": 0, "axis": "y", "origin": [3, 16, -6]},
			"faces": {
				"north": {"uv": [6, 0, 9, 1.375], "texture": "#23"},
				"east": {"uv": [0, 0, 0, 1.375], "texture": "#23"},
				"south": {"uv": [6, 1.375, 9, 2.75], "texture": "#23"},
				"west": {"uv": [0, 0, 0, 1.375], "texture": "#23"},
				"up": {"uv": [3, 0, 0, 0], "texture": "#23"},
				"down": {"uv": [3, 0, 0, 0], "texture": "#23"}
			}
		},
		{
			"from": [-4, 8, 20.5],
			"to": [20, 19, 20.5],
			"rotation": {"angle": 0, "axis": "y", "origin": [13, 16, 22]},
			"faces": {
				"north": {"uv": [6, 1.375, 9, 2.75], "texture": "#23"},
				"east": {"uv": [0, 0, 0, 1.375], "texture": "#23"},
				"south": {"uv": [6, 0, 9, 1.375], "texture": "#23"},
				"west": {"uv": [0, 0, 0, 1.375], "texture": "#23"},
				"up": {"uv": [3, 0, 0, 0], "texture": "#23"},
				"down": {"uv": [3, 0, 0, 0], "texture": "#23"}
			}
		},
		{
			"from": [-4.5, 8, -4],
			"to": [-4.5, 19, 20],
			"rotation": {"angle": 0, "axis": "y", "origin": [-6, 16, 13]},
			"faces": {
				"north": {"uv": [0, 0, 0, 1.375], "texture": "#23"},
				"east": {"uv": [6, 1.375, 9, 2.75], "texture": "#23"},
				"south": {"uv": [0, 0, 0, 1.375], "texture": "#23"},
				"west": {"uv": [6, 0, 9, 1.375], "texture": "#23"},
				"up": {"uv": [0, 3, 0, 0], "texture": "#23"},
				"down": {"uv": [0, 0, 0, 3], "texture": "#23"}
			}
		},
		{
			"from": [20.5, 8, -4],
			"to": [20.5, 19, 20],
			"rotation": {"angle": 0, "axis": "y", "origin": [22, 16, 3]},
			"faces": {
				"north": {"uv": [0, 0, 0, 1.375], "texture": "#23"},
				"east": {"uv": [6, 0, 9, 1.375], "texture": "#23"},
				"south": {"uv": [0, 0, 0, 1.375], "texture": "#23"},
				"west": {"uv": [6, 1.375, 9, 2.75], "texture": "#23"},
				"up": {"uv": [0, 3, 0, 0], "texture": "#23"},
				"down": {"uv": [0, 0, 0, 3], "texture": "#23"}
			}
		},
		{
			"name": "ROPE",
			"from": [0.25, 1, -0.25],
			"to": [16, 3, -0.25],
			"rotation": {"angle": 0, "axis": "y", "origin": [8, 6.25, 8]},
			"faces": {
				"north": {"uv": [6.375, 7.375, 8.34375, 7.625], "texture": "#23"},
				"east": {"uv": [0, 0, 0, 0.25], "texture": "#23"},
				"south": {"uv": [6.375, 7.375, 8.34375, 7.625], "texture": "#23"},
				"west": {"uv": [0, 0, 0, 0.25], "texture": "#23"},
				"up": {"uv": [1.96875, 0, 0, 0], "texture": "#23"},
				"down": {"uv": [1.96875, 0, 0, 0], "texture": "#23"}
			}
		},
		{
			"name": "ROPE",
			"from": [16.25, 1, 0.25],
			"to": [16.25, 3, 15.75],
			"rotation": {"angle": 0, "axis": "y", "origin": [8, 6.25, 8]},
			"faces": {
				"north": {"uv": [0, 0, 0, 0.25], "texture": "#23"},
				"east": {"uv": [6.375, 7.375, 8.34375, 7.625], "texture": "#23"},
				"south": {"uv": [0, 0, 0, 0.25], "texture": "#23"},
				"west": {"uv": [6.375, 7.375, 8.34375, 7.625], "texture": "#23"},
				"up": {"uv": [0, 1.9375, 0, 0], "texture": "#23"},
				"down": {"uv": [0, 0, 0, 1.9375], "texture": "#23"}
			}
		},
		{
			"name": "ROPE",
			"from": [0.25, 1, 16.25],
			"to": [16, 3, 16.25],
			"rotation": {"angle": 0, "axis": "y", "origin": [8, 6.25, 8]},
			"faces": {
				"north": {"uv": [6.375, 7.375, 8.34375, 7.625], "texture": "#23"},
				"east": {"uv": [0, 0, 0, 0.25], "texture": "#23"},
				"south": {"uv": [6.375, 7.375, 8.34375, 7.625], "texture": "#23"},
				"west": {"uv": [0, 0, 0, 0.25], "texture": "#23"},
				"up": {"uv": [1.96875, 0, 0, 0], "texture": "#23"},
				"down": {"uv": [1.96875, 0, 0, 0], "texture": "#23"}
			}
		},
		{
			"name": "ROPE",
			"from": [-0.25, 1, 0.25],
			"to": [-0.25, 3, 15.75],
			"rotation": {"angle": 0, "axis": "y", "origin": [8, 6.25, 8]},
			"faces": {
				"north": {"uv": [0, 0, 0, 0.25], "texture": "#23"},
				"east": {"uv": [6.375, 7.375, 8.34375, 7.625], "texture": "#23"},
				"south": {"uv": [0, 0, 0, 0.25], "texture": "#23"},
				"west": {"uv": [6.375, 7.375, 8.34375, 7.625], "texture": "#23"},
				"up": {"uv": [0, 1.9375, 0, 0], "texture": "#23"},
				"down": {"uv": [0, 0, 0, 1.9375], "texture": "#23"}
			}
		},
		{
			"from": [-1, 3, 1],
			"to": [1, 5, 17],
			"rotation": {"angle": 0, "axis": "y", "origin": [-1, 3, 0]},
			"faces": {
				"north": {"uv": [4.25, 6.875, 4.5, 7.125], "texture": "#23"},
				"east": {"uv": [6, 5.625, 8, 5.875], "texture": "#23"},
				"south": {"uv": [8, 7.625, 8.25, 7.875], "texture": "#23"},
				"west": {"uv": [6, 5.625, 8, 5.875], "texture": "#23"},
				"up": {"uv": [5.875, 8.375, 5.625, 6.375], "texture": "#23"},
				"down": {"uv": [6.125, 6.375, 5.875, 8.375], "texture": "#23"}
			}
		},
		{
			"from": [15, 3, -1],
			"to": [17, 5, 15],
			"rotation": {"angle": 0, "axis": "y", "origin": [15, 3, 0]},
			"faces": {
				"north": {"uv": [8, 7.625, 8.25, 7.875], "texture": "#23"},
				"east": {"uv": [6, 5.625, 8, 5.875], "texture": "#23"},
				"south": {"uv": [8, 7.875, 8.25, 8.125], "texture": "#23"},
				"west": {"uv": [6, 5.625, 8, 5.875], "texture": "#23"},
				"up": {"uv": [6.375, 8.375, 6.125, 6.375], "texture": "#23"},
				"down": {"uv": [8, 5.625, 6, 5.875], "texture": "#23"}
			}
		},
		{
			"from": [-1, 3, -1],
			"to": [15, 5, 1],
			"rotation": {"angle": 0, "axis": "y", "origin": [0, 3, 1]},
			"faces": {
				"north": {"uv": [6, 5.625, 8, 5.875], "texture": "#23"},
				"east": {"uv": [8.125, 2.75, 8.375, 3], "texture": "#23"},
				"south": {"uv": [6, 5.625, 8, 5.875], "texture": "#23"},
				"west": {"uv": [8, 7.625, 8.25, 7.875], "texture": "#23"},
				"up": {"uv": [8.375, 6.625, 6.375, 6.375], "texture": "#23"},
				"down": {"uv": [8, 5.625, 6, 5.875], "texture": "#23"}
			}
		},
		{
			"from": [1, 3, 15],
			"to": [17, 5, 17],
			"rotation": {"angle": 0, "axis": "y", "origin": [2, 3, 17]},
			"faces": {
				"north": {"uv": [6, 5.625, 8, 5.875], "texture": "#23"},
				"east": {"uv": [8, 7.625, 8.25, 7.875], "texture": "#23"},
				"south": {"uv": [6, 5.625, 8, 5.875], "texture": "#23"},
				"west": {"uv": [8.125, 3, 8.375, 3.25], "texture": "#23"},
				"up": {"uv": [8.375, 6.875, 6.375, 6.625], "texture": "#23"},
				"down": {"uv": [8, 5.625, 6, 5.875], "texture": "#23"}
			}
		},
		{
			"name": "UPPER",
			"from": [15, 5, -1],
			"to": [17, 8, 15],
			"rotation": {"angle": 0, "axis": "y", "origin": [8, 8.25, 8]},
			"faces": {
				"north": {"uv": [7.875, 3.875, 8.125, 4.25], "texture": "#23"},
				"east": {"uv": [6, 4.5, 8, 4.875], "texture": "#23"},
				"south": {"uv": [8, 4.25, 8.25, 4.625], "texture": "#23"},
				"west": {"uv": [6, 4.5, 8, 4.875], "texture": "#23"},
				"up": {"uv": [2.5, 8.875, 2.25, 6.875], "texture": "#23"},
				"down": {"uv": [2.75, 6.875, 2.5, 8.875], "texture": "#23"}
			}
		},
		{
			"name": "UPPER",
			"from": [1, 5, 15],
			"to": [17, 8, 17],
			"rotation": {"angle": 0, "axis": "y", "origin": [8, 8.25, 8]},
			"faces": {
				"north": {"uv": [6, 4.875, 8, 5.25], "texture": "#23"},
				"east": {"uv": [7.875, 3.875, 8.125, 4.25], "texture": "#23"},
				"south": {"uv": [6, 4.875, 8, 5.25], "texture": "#23"},
				"west": {"uv": [8, 4.625, 8.25, 5], "texture": "#23"},
				"up": {"uv": [8.375, 7.125, 6.375, 6.875], "texture": "#23"},
				"down": {"uv": [4.75, 7.125, 2.75, 7.375], "texture": "#23"}
			}
		},
		{
			"name": "UPPER",
			"from": [-1, 5, 1],
			"to": [1, 8, 17],
			"rotation": {"angle": 0, "axis": "y", "origin": [8, 8.25, 8]},
			"faces": {
				"north": {"uv": [8, 5, 8.25, 5.375], "texture": "#23"},
				"east": {"uv": [6, 4.5, 8, 4.875], "texture": "#23"},
				"south": {"uv": [7.875, 3.875, 8.125, 4.25], "texture": "#23"},
				"west": {"uv": [6, 4.5, 8, 4.875], "texture": "#23"},
				"up": {"uv": [5, 9.125, 4.75, 7.125], "texture": "#23"},
				"down": {"uv": [5.25, 7.125, 5, 9.125], "texture": "#23"}
			}
		},
		{
			"name": "UPPER",
			"from": [-1, 5, -1],
			"to": [15, 8, 1],
			"rotation": {"angle": 0, "axis": "y", "origin": [8, 8.25, 8]},
			"faces": {
				"north": {"uv": [6, 5.25, 8, 5.625], "texture": "#23"},
				"east": {"uv": [8, 5.375, 8.25, 5.75], "texture": "#23"},
				"south": {"uv": [6, 5.25, 8, 5.625], "texture": "#23"},
				"west": {"uv": [7.875, 3.875, 8.125, 4.25], "texture": "#23"},
				"up": {"uv": [8.375, 7.375, 6.375, 7.125], "texture": "#23"},
				"down": {"uv": [4.75, 7.375, 2.75, 7.625], "texture": "#23"}
			}
		},
		{
			"name": "SUP",
			"from": [15.75, -5, -0.75],
			"to": [16.75, 3, 0.25],
			"rotation": {"angle": 0, "axis": "y", "origin": [8, 8.25, 8]},
			"faces": {
				"north": {"uv": [5.5, 7.125, 5.625, 8.125], "texture": "#23"},
				"east": {"uv": [5.5, 7.125, 5.625, 8.125], "texture": "#23"},
				"south": {"uv": [7.875, 7.625, 8, 8.625], "texture": "#23"},
				"west": {"uv": [5.5, 7.125, 5.625, 8.125], "texture": "#23"},
				"up": {"uv": [7.25, 6, 7.125, 5.875], "texture": "#23"},
				"down": {"uv": [7.375, 5.875, 7.25, 6], "texture": "#23"}
			}
		},
		{
			"name": "SUP",
			"from": [15.75, -5, 15.75],
			"to": [16.75, 3, 16.75],
			"rotation": {"angle": 0, "axis": "y", "origin": [8, 8.25, 8]},
			"faces": {
				"north": {"uv": [5.5, 7.125, 5.625, 8.125], "texture": "#23"},
				"east": {"uv": [5.5, 7.125, 5.625, 8.125], "texture": "#23"},
				"south": {"uv": [5.5, 7.125, 5.625, 8.125], "texture": "#23"},
				"west": {"uv": [5.5, 7.125, 5.625, 8.125], "texture": "#23"},
				"up": {"uv": [7.5, 6, 7.375, 5.875], "texture": "#23"},
				"down": {"uv": [7.625, 5.875, 7.5, 6], "texture": "#23"}
			}
		},
		{
			"name": "SUP",
			"from": [-0.75, -5, 15.75],
			"to": [0.25, 3, 16.75],
			"rotation": {"angle": 0, "axis": "y", "origin": [8, 8.25, 8]},
			"faces": {
				"north": {"uv": [5.5, 7.125, 5.625, 8.125], "texture": "#23"},
				"east": {"uv": [5.5, 7.125, 5.625, 8.125], "texture": "#23"},
				"south": {"uv": [5.5, 7.125, 5.625, 8.125], "texture": "#23"},
				"west": {"uv": [5.5, 7.125, 5.625, 8.125], "texture": "#23"},
				"up": {"uv": [8, 4.375, 7.875, 4.25], "texture": "#23"},
				"down": {"uv": [8, 4.375, 7.875, 4.5], "texture": "#23"}
			}
		},
		{
			"name": "SUP",
			"from": [-0.75, -5, -0.75],
			"to": [0.25, 3, 0.25],
			"rotation": {"angle": 0, "axis": "y", "origin": [8, 8.25, 8]},
			"faces": {
				"north": {"uv": [5.5, 7.125, 5.625, 8.125], "texture": "#23"},
				"east": {"uv": [5.5, 7.125, 5.625, 8.125], "texture": "#23"},
				"south": {"uv": [5.5, 7.125, 5.625, 8.125], "texture": "#23"},
				"west": {"uv": [5.5, 7.125, 5.625, 8.125], "texture": "#23"},
				"up": {"uv": [8.125, 5.875, 8, 5.75], "texture": "#23"},
				"down": {"uv": [8.25, 3.25, 8.125, 3.375], "texture": "#23"}
			}
		},
		{
			"name": "WALL",
			"from": [11, -12, -1],
			"to": [15.5, -5, 0.5],
			"rotation": {"angle": 0, "axis": "y", "origin": [8, 8.25, 8]},
			"faces": {
				"north": {"uv": [2.75, 7.625, 3.3125, 8.5], "texture": "#23"},
				"east": {"uv": [4.5, 7.625, 4.6875, 8.5], "texture": "#23"},
				"south": {"uv": [2.75, 7.625, 3.3125, 8.5], "texture": "#23"},
				"west": {"uv": [6.375, 7.625, 6.5625, 8.5], "texture": "#23"},
				"up": {"uv": [3.3125, 7.0625, 2.75, 6.875], "texture": "#23"},
				"down": {"uv": [3.9375, 6.875, 3.375, 7.0625], "texture": "#23"}
			}
		},
		{
			"name": "WALL",
			"from": [0.5, -12, -1],
			"to": [5, -5, 0.5],
			"rotation": {"angle": 0, "axis": "y", "origin": [8, 8.25, 8]},
			"faces": {
				"north": {"uv": [3.375, 7.625, 3.9375, 8.5], "texture": "#23"},
				"east": {"uv": [6.375, 7.625, 6.5625, 8.5], "texture": "#23"},
				"south": {"uv": [2.75, 7.625, 3.3125, 8.5], "texture": "#23"},
				"west": {"uv": [6.625, 7.625, 6.8125, 8.5], "texture": "#23"},
				"up": {"uv": [3.3125, 7.0625, 2.75, 6.875], "texture": "#23"},
				"down": {"uv": [8.4375, 3.625, 7.875, 3.8125], "texture": "#23"}
			}
		},
		{
			"name": "WALL",
			"from": [15.5, -12, -1],
			"to": [17, -5, 17],
			"rotation": {"angle": 0, "axis": "y", "origin": [8, 8.25, 8]},
			"faces": {
				"north": {"uv": [6.875, 7.625, 7.0625, 8.5], "texture": "#23"},
				"east": {"uv": [2.25, 6, 4.5, 6.875], "texture": "#23"},
				"south": {"uv": [7.125, 7.625, 7.3125, 8.5], "texture": "#23"},
				"west": {"uv": [2.25, 6, 4.5, 6.875], "texture": "#23"},
				"up": {"uv": [5.4375, 9.375, 5.25, 7.125], "texture": "#23"},
				"down": {"uv": [4.1875, 7.625, 4, 9.875], "texture": "#23"}
			}
		},
		{
			"name": "WALL",
			"from": [-1, -12, -1],
			"to": [0.5, -5, 17],
			"rotation": {"angle": 0, "axis": "y", "origin": [8, 8.25, 8]},
			"faces": {
				"north": {"uv": [7.375, 7.625, 7.5625, 8.5], "texture": "#23"},
				"east": {"uv": [2.25, 6, 4.5, 6.875], "texture": "#23"},
				"south": {"uv": [6.875, 7.625, 7.0625, 8.5], "texture": "#23"},
				"west": {"uv": [2.25, 6, 4.5, 6.875], "texture": "#23"},
				"up": {"uv": [5.4375, 9.375, 5.25, 7.125], "texture": "#23"},
				"down": {"uv": [4.4375, 7.625, 4.25, 9.875], "texture": "#23"}
			}
		},
		{
			"name": "WALL",
			"from": [0.5, -12, 15.5],
			"to": [15.5, -5, 17],
			"rotation": {"angle": 0, "axis": "y", "origin": [8, 8.25, 8]},
			"faces": {
				"north": {"uv": [6, 2.75, 7.875, 3.625], "texture": "#23"},
				"east": {"uv": [7.625, 7.625, 7.8125, 8.5], "texture": "#23"},
				"south": {"uv": [6, 3.625, 7.875, 4.5], "texture": "#23"},
				"west": {"uv": [7.875, 2.75, 8.0625, 3.625], "texture": "#23"},
				"up": {"uv": [9.5, 6.0625, 7.625, 5.875], "texture": "#23"},
				"down": {"uv": [9.5, 6.125, 7.625, 6.3125], "texture": "#23"}
			}
		},
		{
			"name": "PLATE",
			"from": [-1, -13, -1],
			"to": [17, -12, 17],
			"rotation": {"angle": 0, "axis": "y", "origin": [8, 8.25, 8]},
			"faces": {
				"north": {"uv": [6, 5.625, 8, 5.875], "texture": "#23"},
				"east": {"uv": [6, 5.625, 8, 5.875], "texture": "#23"},
				"south": {"uv": [6, 5.625, 8, 5.875], "texture": "#23"},
				"west": {"uv": [6, 5.625, 8, 5.875], "texture": "#23"},
				"up": {"uv": [2.25, 8.25, 0, 6], "texture": "#23"},
				"down": {"uv": [2.25, 6, 0, 8.25], "texture": "#23"}
			}
		},
		{
			"from": [16, -16, 0],
			"to": [16, -13, 16],
			"rotation": {"angle": 0, "axis": "y", "origin": [16, -16, 0]},
			"faces": {
				"north": {"uv": [0, 0, 0, 0.375], "texture": "#23"},
				"east": {"uv": [5.625, 6, 7.625, 6.375], "texture": "#23"},
				"south": {"uv": [0, 0, 0, 0.375], "texture": "#23"},
				"west": {"uv": [5.625, 6, 7.625, 6.375], "texture": "#23"},
				"up": {"uv": [0, 2, 0, 0], "texture": "#23"},
				"down": {"uv": [0, 0, 0, 2], "texture": "#23"}
			}
		},
		{
			"from": [0, -16, 16],
			"to": [16, -13, 16],
			"rotation": {"angle": 0, "axis": "y", "origin": [0, -16, 16]},
			"faces": {
				"north": {"uv": [5.625, 6, 7.625, 6.375], "texture": "#23"},
				"east": {"uv": [0, 0, 0, 0.375], "texture": "#23"},
				"south": {"uv": [5.625, 6, 7.625, 6.375], "texture": "#23"},
				"west": {"uv": [0, 0, 0, 0.375], "texture": "#23"},
				"up": {"uv": [2, 0, 0, 0], "texture": "#23"},
				"down": {"uv": [2, 0, 0, 0], "texture": "#23"}
			}
		},
		{
			"from": [0, -16, 0],
			"to": [16, -13, 0],
			"rotation": {"angle": 0, "axis": "y", "origin": [0, -16, 0]},
			"faces": {
				"north": {"uv": [5.625, 6, 7.625, 6.375], "texture": "#23"},
				"east": {"uv": [0, 0, 0, 0.375], "texture": "#23"},
				"south": {"uv": [5.625, 6, 7.625, 6.375], "texture": "#23"},
				"west": {"uv": [0, 0, 0, 0.375], "texture": "#23"},
				"up": {"uv": [2, 0, 0, 0], "texture": "#23"},
				"down": {"uv": [2, 0, 0, 0], "texture": "#23"}
			}
		},
		{
			"from": [0, -16, 0],
			"to": [0, -13, 16],
			"rotation": {"angle": 0, "axis": "y", "origin": [0, -16, 0]},
			"faces": {
				"north": {"uv": [0, 0, 0, 0.375], "texture": "#23"},
				"east": {"uv": [5.625, 6, 7.625, 6.375], "texture": "#23"},
				"south": {"uv": [0, 0, 0, 0.375], "texture": "#23"},
				"west": {"uv": [5.625, 6, 7.625, 6.375], "texture": "#23"},
				"up": {"uv": [0, 2, 0, 0], "texture": "#23"},
				"down": {"uv": [0, 0, 0, 2], "texture": "#23"}
			}
		},
		{
			"name": "CARPET",
			"from": [3.75, -12, 3.75],
			"to": [12.25, -11.75, 12.25],
			"rotation": {"angle": 45, "axis": "y", "origin": [8, 9.5, 8]},
			"faces": {
				"north": {"uv": [6, 5.875, 7.0625, 5.90625], "texture": "#23"},
				"east": {"uv": [6, 5.875, 7.0625, 5.90625], "texture": "#23"},
				"south": {"uv": [6, 5.875, 7.0625, 5.90625], "texture": "#23"},
				"west": {"uv": [6, 5.875, 7.0625, 5.90625], "texture": "#23"},
				"up": {"uv": [5.5625, 7.0625, 4.5, 6], "texture": "#23"},
				"down": {"uv": [5.5625, 6, 4.5, 7.0625], "texture": "#23"}
			}
		}
	],
	"display": {
		"head": {
			"translation": [0, 62, 0],
			"scale": [4, 4, 4]
		}
	},
	"groups": [
		{
			"name": "BLOON",
			"origin": [8, 8, 8],
			"color": 0,
			"children": [0, 1, 2, 3, 4, 5, 6, 7, 8, 9]
		},
		{
			"name": "UPPER",
			"origin": [8, 2.75, 8],
			"color": 0,
			"children": [
				{
					"name": "DECO",
					"origin": [7.75, -0.25, 8],
					"color": 0,
					"children": [10, 11, 12, 13]
				},
				{
					"name": "WOOD",
					"origin": [8, 2.75, 8],
					"color": 0,
					"children": [14, 15, 16, 17]
				},
				18,
				19,
				20,
				21
			]
		},
		{
			"name": "SUP",
			"origin": [8, 8, 8],
			"color": 0,
			"children": [22, 23, 24, 25]
		},
		{
			"name": "BASE",
			"origin": [8, 8, 8],
			"color": 0,
			"children": [26, 27, 28, 29, 30, 31]
		},
		{
			"name": "LEGS",
			"origin": [8, 1, 8],
			"color": 0,
			"children": [32, 33, 34, 35]
		},
		36
	]
}