{
	"credit": "Made with Blockbench",
	"texture_size": [128, 128],
	"textures": {
		"0": "next:item/banners/cosmetics",
		"particle": "next:item/banners/cosmetics"
	},
	"elements": [
		{
			"from": [-11, 29, 3],
			"to": [-9, 31, 13],
			"rotation": {"angle": 0, "axis": "y", "origin": [-12, 29, 11]},
			"faces": {
				"north": {"uv": [5.5, 5.25, 5.75, 5.5], "texture": "#0"},
				"east": {"uv": [0, 5.25, 1.25, 5.5], "texture": "#0"},
				"south": {"uv": [3.25, 5.75, 3.5, 6], "texture": "#0"},
				"west": {"uv": [1.25, 5.25, 2.5, 5.5], "texture": "#0"},
				"up": {"uv": [2.75, 6.5, 2.5, 5.25], "texture": "#0"},
				"down": {"uv": [3, 5.25, 2.75, 6.5], "texture": "#0"}
			}
		},
		{
			"from": [-11, 23, 11],
			"to": [-9, 29, 13],
			"rotation": {"angle": 0, "axis": "y", "origin": [-12, 26, 11]},
			"faces": {
				"north": {"uv": [1.625, 5.5, 1.875, 6.25], "texture": "#0"},
				"east": {"uv": [1.875, 5.5, 2.125, 6.25], "texture": "#0"},
				"south": {"uv": [2.125, 5.5, 2.375, 6.25], "texture": "#0"},
				"west": {"uv": [0.5, 5.75, 0.75, 6.5], "texture": "#0"},
				"up": {"uv": [3.75, 6, 3.5, 5.75], "texture": "#0"},
				"down": {"uv": [4, 5.75, 3.75, 6], "texture": "#0"}
			}
		},
		{
			"from": [-10, 24, 3],
			"to": [-10, 26, 12],
			"rotation": {"angle": 45, "axis": "x", "origin": [-10, 25, 10.5]},
			"faces": {
				"north": {"uv": [0, 0, 0, 0.25], "texture": "#0"},
				"east": {"uv": [0.5, 5.5, 1.625, 5.75], "texture": "#0"},
				"south": {"uv": [0, 0, 0, 0.25], "texture": "#0"},
				"west": {"uv": [3, 5.5, 4.125, 5.75], "texture": "#0"},
				"up": {"uv": [0, 1.125, 0, 0], "texture": "#0"},
				"down": {"uv": [0, 0, 0, 1.125], "texture": "#0"}
			}
		},
		{
			"from": [-11, 8, 4],
			"to": [27, 29, 4],
			"rotation": {"angle": 0, "axis": "y", "origin": [25, 26, 13]},
			"faces": {
				"north": {"uv": [0, 0, 4.75, 2.625], "texture": "#0"},
				"east": {"uv": [0, 0, 0, 2.625], "texture": "#0"},
				"south": {"uv": [0, 2.625, 4.75, 5.25], "texture": "#0"},
				"west": {"uv": [0, 0, 0, 2.625], "texture": "#0"},
				"up": {"uv": [4.75, 0, 0, 0], "texture": "#0"},
				"down": {"uv": [4.75, 0, 0, 0], "texture": "#0"}
			}
		},
		{
			"from": [-9, 29.5, 10.5],
			"to": [25, 29.5, 13.5],
			"rotation": {"angle": 45, "axis": "x", "origin": [23.5, 29.5, 12]},
			"faces": {
				"north": {"uv": [0, 0, 4.25, 0], "texture": "#0"},
				"east": {"uv": [0, 0, 0.375, 0], "texture": "#0"},
				"south": {"uv": [0, 0, 4.25, 0], "texture": "#0"},
				"west": {"uv": [0, 0, 0.375, 0], "texture": "#0"},
				"up": {"uv": [9, 4.375, 4.75, 4], "texture": "#0"},
				"down": {"uv": [9, 4.375, 4.75, 4.75], "texture": "#0"}
			}
		},
		{
			"from": [-9, 30.56037, 6.44005],
			"to": [25, 30.56037, 8.44005],
			"rotation": {"angle": 0, "axis": "y", "origin": [-9, 27.56037, 16.44005]},
			"faces": {
				"north": {"uv": [0, 0, 4.25, 0], "texture": "#0"},
				"east": {"uv": [0, 0, 0.25, 0], "texture": "#0"},
				"south": {"uv": [0, 0, 4.25, 0], "texture": "#0"},
				"west": {"uv": [0, 0, 0.25, 0], "texture": "#0"},
				"up": {"uv": [9, 5, 4.75, 4.75], "texture": "#0"},
				"down": {"uv": [9, 5, 4.75, 5.25], "texture": "#0"}
			}
		},
		{
			"from": [-11, 13, 3.85],
			"to": [27, 29, 3.85],
			"rotation": {"angle": 0, "axis": "y", "origin": [25, 26, 12.85]},
			"faces": {
				"north": {"uv": [4.75, 0, 9.5, 2], "texture": "#0"},
				"east": {"uv": [0, 0, 0, 2], "texture": "#0"},
				"south": {"uv": [4.75, 2, 9.5, 4], "texture": "#0"},
				"west": {"uv": [0, 0, 0, 2], "texture": "#0"},
				"up": {"uv": [4.75, 0, 0, 0], "texture": "#0"},
				"down": {"uv": [4.75, 0, 0, 0], "texture": "#0"}
			}
		},
		{
			"from": [25, 23, 11],
			"to": [27, 29, 13],
			"rotation": {"angle": 0, "axis": "y", "origin": [28, 26, 11]},
			"faces": {
				"north": {"uv": [1.875, 5.5, 1.625, 6.25], "texture": "#0"},
				"east": {"uv": [0.75, 5.75, 0.5, 6.5], "texture": "#0"},
				"south": {"uv": [2.375, 5.5, 2.125, 6.25], "texture": "#0"},
				"west": {"uv": [2.125, 5.5, 1.875, 6.25], "texture": "#0"},
				"up": {"uv": [3.5, 6, 3.75, 5.75], "texture": "#0"},
				"down": {"uv": [3.75, 5.75, 4, 6], "texture": "#0"}
			}
		},
		{
			"from": [25, 29, 3],
			"to": [27, 31, 13],
			"rotation": {"angle": 0, "axis": "y", "origin": [28, 29, 11]},
			"faces": {
				"north": {"uv": [5.75, 5.25, 5.5, 5.5], "texture": "#0"},
				"east": {"uv": [2.5, 5.25, 1.25, 5.5], "texture": "#0"},
				"south": {"uv": [3.5, 5.75, 3.25, 6], "texture": "#0"},
				"west": {"uv": [1.25, 5.25, 0, 5.5], "texture": "#0"},
				"up": {"uv": [2.5, 6.5, 2.75, 5.25], "texture": "#0"},
				"down": {"uv": [2.75, 5.25, 3, 6.5], "texture": "#0"}
			}
		},
		{
			"from": [26, 24, 3],
			"to": [26, 26, 12],
			"rotation": {"angle": 45, "axis": "x", "origin": [26, 25, 10.5]},
			"faces": {
				"north": {"uv": [0, 0, 0, 0.25], "texture": "#0"},
				"east": {"uv": [4.125, 5.5, 3, 5.75], "texture": "#0"},
				"south": {"uv": [0, 0, 0, 0.25], "texture": "#0"},
				"west": {"uv": [1.625, 5.5, 0.5, 5.75], "texture": "#0"},
				"up": {"uv": [0, 1.125, 0, 0], "texture": "#0"},
				"down": {"uv": [0, 0, 0, 1.125], "texture": "#0"}
			}
		}
	],
	"display": {
		"head": {
			"translation": [0, -80, -3.5],
			"scale": [3.2, 3.2, 3.2]
		},
		"fixed": {
			"translation": [0, -62.5, -17.25],
			"scale": [4, 4, 4]
		}
	},
	"groups": [
		{
			"name": "main",
			"origin": [26, 25, 10.5],
			"color": 0,
			"children": [0, 1, 2, 3, 4, 5, 6]
		},
		7,
		8,
		9
	]
}