{
	"credit": "Made with Blockbench",
	"texture_size": [64, 64],
	"textures": {
		"0": "next:item/hats/hard/texture",
		"particle": "next:item/hats/hard/texture"
	},
	"elements": [
		{
			"from": [0.5, 2, 0.5],
			"to": [15.5, 6, 15.5],
			"faces": {
				"north": {"uv": [9, 0, 12.75, 1], "texture": "#0"},
				"east": {"uv": [9, 1, 12.75, 2], "texture": "#0"},
				"south": {"uv": [9, 2, 12.75, 3], "texture": "#0"},
				"west": {"uv": [9, 3, 12.75, 4], "texture": "#0"},
				"up": {"uv": [3.75, 8.75, 0, 5], "texture": "#0"},
				"down": {"uv": [7.5, 5, 3.75, 8.75], "texture": "#0"}
			}
		},
		{
			"from": [0.5, 0, -3.5],
			"to": [15.5, 2, 16.5],
			"faces": {
				"north": {"uv": [9, 5, 12.75, 5.5], "texture": "#0"},
				"east": {"uv": [9, 4, 14, 4.5], "texture": "#0"},
				"south": {"uv": [9, 5.5, 12.75, 6], "texture": "#0"},
				"west": {"uv": [9, 4.5, 14, 5], "texture": "#0"},
				"up": {"uv": [3.75, 5, 0, 0], "texture": "#0"},
				"down": {"uv": [7.5, 0, 3.75, 5], "texture": "#0"}
			}
		},
		{
			"from": [5, 2, -0.5],
			"to": [11, 7, 16.5],
			"faces": {
				"north": {"uv": [4.25, 8.75, 5.75, 10], "texture": "#0"},
				"east": {"uv": [7.5, 8.5, 11.75, 9.75], "texture": "#0"},
				"south": {"uv": [5.75, 8.75, 7.25, 10], "texture": "#0"},
				"west": {"uv": [0, 8.75, 4.25, 10], "texture": "#0"},
				"up": {"uv": [9, 4.25, 7.5, 0], "texture": "#0"},
				"down": {"uv": [9, 4.25, 7.5, 8.5], "texture": "#0"}
			}
		}
	],
	"display": {
		"thirdperson_righthand": {
			"rotation": [75, 45, 0],
			"translation": [0, 1.5, 2.75],
			"scale": [0.5, 0.5, 0.5]
		},
		"thirdperson_lefthand": {
			"rotation": [75, 45, 0],
			"translation": [0, 1.5, 2.75],
			"scale": [0.5, 0.5, 0.5]
		},
		"firstperson_righthand": {
			"rotation": [0, 225, 0],
			"translation": [0, 2.75, 0],
			"scale": [0.4, 0.4, 0.4]
		},
		"firstperson_lefthand": {
			"rotation": [0, 225, 0],
			"translation": [0, 2.75, 0],
			"scale": [0.4, 0.4, 0.4]
		},
		"ground": {
			"translation": [0, 3, 0],
			"scale": [0.5, 0.5, 0.5]
		},
		"gui": {
			"rotation": [30, 225, 0],
			"translation": [0, 2, 0],
			"scale": [0.5, 0.5, 0.5]
		},
		"head": {
			"translation": [0, 9.25, 0]
		},
		"fixed": {
			"rotation": [-90, 0, 0],
			"translation": [0, 0, -7]
		}
	}
}