{"parent":"minecraft:item/generated","textures":{"layer0":"minecraft:item/leather_horse_armor"},"overrides":[{"predicate":{"custom_model_data":1},"model":"bettermodel:item/palm_tree_top_1"},{"predicate":{"custom_model_data":2},"model":"bettermodel:item/palm_tree_bottom_1"},{"predicate":{"custom_model_data":3},"model":"bettermodel:item/palm_tree_group36_1"},{"predicate":{"custom_model_data":4},"model":"bettermodel:item/palm_tree_group37_1"},{"predicate":{"custom_model_data":5},"model":"bettermodel:item/palm_tree_group38_1"},{"predicate":{"custom_model_data":6},"model":"bettermodel:item/palm_tree_group33_1"},{"predicate":{"custom_model_data":7},"model":"bettermodel:item/palm_tree_group34_1"},{"predicate":{"custom_model_data":8},"model":"bettermodel:item/palm_tree_group35_1"},{"predicate":{"custom_model_data":9},"model":"bettermodel:item/palm_tree_group30_1"},{"predicate":{"custom_model_data":10},"model":"bettermodel:item/palm_tree_group31_1"},{"predicate":{"custom_model_data":11},"model":"bettermodel:item/palm_tree_group32_1"},{"predicate":{"custom_model_data":12},"model":"bettermodel:item/palm_tree_group27_1"},{"predicate":{"custom_model_data":13},"model":"bettermodel:item/palm_tree_group28_1"},{"predicate":{"custom_model_data":14},"model":"bettermodel:item/palm_tree_group29_1"},{"predicate":{"custom_model_data":15},"model":"bettermodel:item/palm_tree_group3_1"},{"predicate":{"custom_model_data":16},"model":"bettermodel:item/palm_tree_group4_1"},{"predicate":{"custom_model_data":17},"model":"bettermodel:item/palm_tree_group5_1"},{"predicate":{"custom_model_data":18},"model":"bettermodel:item/palm_tree_group6_1"},{"predicate":{"custom_model_data":19},"model":"bettermodel:item/palm_tree_group7_1"},{"predicate":{"custom_model_data":20},"model":"bettermodel:item/palm_tree_group8_1"},{"predicate":{"custom_model_data":21},"model":"bettermodel:item/palm_tree_group12_1"},{"predicate":{"custom_model_data":22},"model":"bettermodel:item/palm_tree_group13_1"},{"predicate":{"custom_model_data":23},"model":"bettermodel:item/palm_tree_group14_1"},{"predicate":{"custom_model_data":24},"model":"bettermodel:item/palm_tree_group9_1"},{"predicate":{"custom_model_data":25},"model":"bettermodel:item/palm_tree_group10_1"},{"predicate":{"custom_model_data":26},"model":"bettermodel:item/palm_tree_group11_1"},{"predicate":{"custom_model_data":27},"model":"bettermodel:item/palm_tree_group24_1"},{"predicate":{"custom_model_data":28},"model":"bettermodel:item/palm_tree_group25_1"},{"predicate":{"custom_model_data":29},"model":"bettermodel:item/palm_tree_group26_1"},{"predicate":{"custom_model_data":30},"model":"bettermodel:item/palm_tree_group21_1"},{"predicate":{"custom_model_data":31},"model":"bettermodel:item/palm_tree_group22_1"},{"predicate":{"custom_model_data":32},"model":"bettermodel:item/palm_tree_group23_1"},{"predicate":{"custom_model_data":33},"model":"bettermodel:item/palm_tree_group18_1"},{"predicate":{"custom_model_data":34},"model":"bettermodel:item/palm_tree_group19_1"},{"predicate":{"custom_model_data":35},"model":"bettermodel:item/palm_tree_group20_1"},{"predicate":{"custom_model_data":36},"model":"bettermodel:item/palm_tree_group15_1"},{"predicate":{"custom_model_data":37},"model":"bettermodel:item/palm_tree_group16_1"},{"predicate":{"custom_model_data":38},"model":"bettermodel:item/palm_tree_group17_1"}]}