{"textures":{"0":"bettermodel:item/palm_tree_small_palm_tree_1","1":"bettermodel:item/palm_tree_small_palm_tree_2","2":"bettermodel:item/palm_tree_small_palm_tree_3","particle":"bettermodel:item/palm_tree_small_palm_tree_1"},"elements":[{"from":[8.0,21.0,10.0],"to":[24.0,21.0,22.0],"faces":{"north":{"uv":[3.0,6.0,7.0,6.0],"tintindex":-2,"texture":"#2"},"east":{"uv":[0.0,6.0,3.0,6.0],"tintindex":-2,"texture":"#2"},"south":{"uv":[10.0,6.0,14.0,6.0],"tintindex":-2,"texture":"#2"},"west":{"uv":[7.0,6.0,10.0,6.0],"tintindex":-2,"texture":"#2"},"up":{"uv":[7.0,6.0,3.0,3.0],"tintindex":-2,"texture":"#2"},"down":{"uv":[11.0,3.0,7.0,6.0],"tintindex":-2,"texture":"#2"}},"rotation":{"angle":-22.5,"axis":"x","origin":[8.0,21.0,22.0]}}]}