{"textures":{"0":"bettermodel:item/palm_tree_small_palm_tree_1","1":"bettermodel:item/palm_tree_small_palm_tree_2","2":"bettermodel:item/palm_tree_small_palm_tree_3","particle":"bettermodel:item/palm_tree_small_palm_tree_1"},"elements":[{"from":[5.0,6.5,5.0],"to":[11.0,17.5,11.0],"faces":{"north":{"uv":[3.0,9.0,6.0,14.5],"tintindex":-2,"texture":"#1"},"east":{"uv":[0.0,9.0,3.0,14.5],"tintindex":-2,"texture":"#1"},"south":{"uv":[9.0,9.0,12.0,14.5],"tintindex":-2,"texture":"#1"},"west":{"uv":[6.0,9.0,9.0,14.5],"tintindex":-2,"texture":"#1"},"up":{"uv":[6.0,9.0,3.0,6.0],"tintindex":-2,"texture":"#1"},"down":{"uv":[9.0,6.0,6.0,9.0],"tintindex":-2,"texture":"#1"}},"rotation":{"angle":45.0,"axis":"y","origin":[8.0,8.0,8.0]}},{"from":[4.0,2.5,4.0],"to":[12.0,6.5,12.0],"faces":{"north":{"uv":[4.0,4.0,8.0,6.0],"tintindex":-2,"texture":"#1"},"east":{"uv":[0.0,4.0,4.0,6.0],"tintindex":-2,"texture":"#1"},"south":{"uv":[12.0,4.0,16.0,6.0],"tintindex":-2,"texture":"#1"},"west":{"uv":[8.0,4.0,12.0,6.0],"tintindex":-2,"texture":"#1"},"up":{"uv":[8.0,4.0,4.0,0.0],"tintindex":-2,"texture":"#1"},"down":{"uv":[12.0,0.0,8.0,4.0],"tintindex":-2,"texture":"#1"}}}]}