{"textures":{"0":"bettermodel:item/palm_tree_small_palm_tree_1","1":"bettermodel:item/palm_tree_small_palm_tree_2","2":"bettermodel:item/palm_tree_small_palm_tree_3","particle":"bettermodel:item/palm_tree_small_palm_tree_1"},"elements":[{"from":[7.6666665,8.0,7.6666665],"to":[11.0,12.666666,11.0],"faces":{"north":{"uv":[2.5,2.5,5.0,6.0],"tintindex":-2,"texture":"#0"},"east":{"uv":[0.0,2.5,2.5,6.0],"tintindex":-2,"texture":"#0"},"south":{"uv":[7.5,2.5,10.0,6.0],"tintindex":-2,"texture":"#0"},"west":{"uv":[5.0,2.5,7.5,6.0],"tintindex":-2,"texture":"#0"},"up":{"uv":[5.0,2.5,2.5,0.0],"tintindex":-2,"texture":"#0"},"down":{"uv":[7.5,0.0,5.0,2.5],"tintindex":-2,"texture":"#0"}}},{"from":[8.333333,12.666666,8.333333],"to":[10.333333,20.666668,10.333333],"faces":{"north":{"uv":[1.5,7.5,3.0,13.5],"tintindex":-2,"texture":"#0"},"east":{"uv":[0.0,7.5,1.5,13.5],"tintindex":-2,"texture":"#0"},"south":{"uv":[4.5,7.5,6.0,13.5],"tintindex":-2,"texture":"#0"},"west":{"uv":[3.0,7.5,4.5,13.5],"tintindex":-2,"texture":"#0"},"up":{"uv":[3.0,7.5,1.5,6.0],"tintindex":-2,"texture":"#0"},"down":{"uv":[4.5,6.0,3.0,7.5],"tintindex":-2,"texture":"#0"}}},{"from":[8.0,20.666668,8.0],"to":[10.666667,24.0,10.666667],"faces":{"north":{"uv":[8.0,8.0,10.0,10.5],"tintindex":-2,"texture":"#0"},"east":{"uv":[6.0,8.0,8.0,10.5],"tintindex":-2,"texture":"#0"},"south":{"uv":[12.0,8.0,14.0,10.5],"tintindex":-2,"texture":"#0"},"west":{"uv":[10.0,8.0,12.0,10.5],"tintindex":-2,"texture":"#0"},"up":{"uv":[10.0,8.0,8.0,6.0],"tintindex":-2,"texture":"#0"},"down":{"uv":[12.0,6.0,10.0,8.0],"tintindex":-2,"texture":"#0"}}},{"from":[6.3333335,20.666668,9.333333],"to":[12.333334,24.0,9.333333],"faces":{"north":{"uv":[7.0,13.5,11.5,16.0],"tintindex":-2,"texture":"#0"},"east":{"uv":[7.0,13.5,7.0,16.0],"tintindex":-2,"texture":"#0"},"south":{"uv":[11.5,13.5,16.0,16.0],"tintindex":-2,"texture":"#0"},"west":{"uv":[11.5,13.5,11.5,16.0],"tintindex":-2,"texture":"#0"},"up":{"uv":[11.5,13.5,7.0,13.5],"tintindex":-2,"texture":"#0"},"down":{"uv":[16.0,13.5,11.5,13.5],"tintindex":-2,"texture":"#0"}},"rotation":{"angle":-45.0,"axis":"y","origin":[9.333333,22.333332,9.333333]}},{"from":[6.3333335,20.666668,9.333333],"to":[12.333334,24.0,9.333333],"faces":{"north":{"uv":[7.0,10.75,11.5,13.25],"tintindex":-2,"texture":"#0"},"east":{"uv":[7.0,10.75,7.0,13.25],"tintindex":-2,"texture":"#0"},"south":{"uv":[11.5,10.75,16.0,13.25],"tintindex":-2,"texture":"#0"},"west":{"uv":[11.5,10.75,11.5,13.25],"tintindex":-2,"texture":"#0"},"up":{"uv":[11.5,10.75,7.0,10.75],"tintindex":-2,"texture":"#0"},"down":{"uv":[16.0,10.75,11.5,10.75],"tintindex":-2,"texture":"#0"}}},{"from":[9.333333,20.666668,6.3333335],"to":[9.333333,24.0,12.333334],"faces":{"north":{"uv":[11.5,10.75,11.5,13.25],"tintindex":-2,"texture":"#0"},"east":{"uv":[7.0,10.75,11.5,13.25],"tintindex":-2,"texture":"#0"},"south":{"uv":[16.0,10.75,16.0,13.25],"tintindex":-2,"texture":"#0"},"west":{"uv":[11.5,10.75,16.0,13.25],"tintindex":-2,"texture":"#0"},"up":{"uv":[11.5,10.75,11.5,6.25],"tintindex":-2,"texture":"#0"},"down":{"uv":[11.5,6.25,11.5,10.75],"tintindex":-2,"texture":"#0"}}},{"from":[6.3333335,20.666668,9.333333],"to":[12.333334,24.0,9.333333],"faces":{"north":{"uv":[11.5,13.5,7.0,16.0],"tintindex":-2,"texture":"#0"},"east":{"uv":[11.5,13.5,11.5,16.0],"tintindex":-2,"texture":"#0"},"south":{"uv":[16.0,13.5,11.5,16.0],"tintindex":-2,"texture":"#0"},"west":{"uv":[7.0,13.5,7.0,16.0],"tintindex":-2,"texture":"#0"},"up":{"uv":[7.0,13.5,11.5,13.5],"tintindex":-2,"texture":"#0"},"down":{"uv":[11.5,13.5,16.0,13.5],"tintindex":-2,"texture":"#0"}},"rotation":{"angle":45.0,"axis":"y","origin":[9.333333,22.333332,9.333333]}}]}