{"textures":{"0":"bettermodel:item/palm_tree_small_palm_tree_1","1":"bettermodel:item/palm_tree_small_palm_tree_2","2":"bettermodel:item/palm_tree_small_palm_tree_3","particle":"bettermodel:item/palm_tree_small_palm_tree_1"},"elements":[{"from":[0.0,8.0,-4.0],"to":[16.0,8.0,8.0],"faces":{"north":{"uv":[3.0,9.0,7.0,9.0],"tintindex":-2,"texture":"#2"},"east":{"uv":[0.0,9.0,3.0,9.0],"tintindex":-2,"texture":"#2"},"south":{"uv":[10.0,9.0,14.0,9.0],"tintindex":-2,"texture":"#2"},"west":{"uv":[7.0,9.0,10.0,9.0],"tintindex":-2,"texture":"#2"},"up":{"uv":[7.0,9.0,3.0,6.0],"tintindex":-2,"texture":"#2"},"down":{"uv":[11.0,6.0,7.0,9.0],"tintindex":-2,"texture":"#2"}}}]}