{"model":{"type":"range_dispatch","property":"custom_model_data","fallback":{"type":"minecraft:empty"},"entries":[{"threshold":1,"model":{"type":"minecraft:model","model":"bettermodel:modern_item/palm_tree_top_1","tints":[{"type":"minecraft:custom_model_data","default":16777215}]}},{"threshold":2,"model":{"type":"minecraft:model","model":"bettermodel:modern_item/palm_tree_bottom_1","tints":[{"type":"minecraft:custom_model_data","default":16777215}]}},{"threshold":3,"model":{"type":"minecraft:model","model":"bettermodel:modern_item/palm_tree_group36_1","tints":[{"type":"minecraft:custom_model_data","default":16777215}]}},{"threshold":4,"model":{"type":"minecraft:model","model":"bettermodel:modern_item/palm_tree_group37_1","tints":[{"type":"minecraft:custom_model_data","default":16777215}]}},{"threshold":5,"model":{"type":"minecraft:model","model":"bettermodel:modern_item/palm_tree_group38_1","tints":[{"type":"minecraft:custom_model_data","default":16777215}]}},{"threshold":6,"model":{"type":"minecraft:model","model":"bettermodel:modern_item/palm_tree_group33_1","tints":[{"type":"minecraft:custom_model_data","default":16777215}]}},{"threshold":7,"model":{"type":"minecraft:model","model":"bettermodel:modern_item/palm_tree_group34_1","tints":[{"type":"minecraft:custom_model_data","default":16777215}]}},{"threshold":8,"model":{"type":"minecraft:model","model":"bettermodel:modern_item/palm_tree_group35_1","tints":[{"type":"minecraft:custom_model_data","default":16777215}]}},{"threshold":9,"model":{"type":"minecraft:model","model":"bettermodel:modern_item/palm_tree_group30_1","tints":[{"type":"minecraft:custom_model_data","default":16777215}]}},{"threshold":10,"model":{"type":"minecraft:model","model":"bettermodel:modern_item/palm_tree_group31_1","tints":[{"type":"minecraft:custom_model_data","default":16777215}]}},{"threshold":11,"model":{"type":"minecraft:model","model":"bettermodel:modern_item/palm_tree_group32_1","tints":[{"type":"minecraft:custom_model_data","default":16777215}]}},{"threshold":12,"model":{"type":"minecraft:model","model":"bettermodel:modern_item/palm_tree_group27_1","tints":[{"type":"minecraft:custom_model_data","default":16777215}]}},{"threshold":13,"model":{"type":"minecraft:model","model":"bettermodel:modern_item/palm_tree_group28_1","tints":[{"type":"minecraft:custom_model_data","default":16777215}]}},{"threshold":14,"model":{"type":"minecraft:model","model":"bettermodel:modern_item/palm_tree_group29_1","tints":[{"type":"minecraft:custom_model_data","default":16777215}]}},{"threshold":15,"model":{"type":"minecraft:model","model":"bettermodel:modern_item/palm_tree_group3_1","tints":[{"type":"minecraft:custom_model_data","default":16777215}]}},{"threshold":16,"model":{"type":"minecraft:model","model":"bettermodel:modern_item/palm_tree_group4_1","tints":[{"type":"minecraft:custom_model_data","default":16777215}]}},{"threshold":17,"model":{"type":"minecraft:model","model":"bettermodel:modern_item/palm_tree_group5_1","tints":[{"type":"minecraft:custom_model_data","default":16777215}]}},{"threshold":18,"model":{"type":"minecraft:model","model":"bettermodel:modern_item/palm_tree_group6_1","tints":[{"type":"minecraft:custom_model_data","default":16777215}]}},{"threshold":19,"model":{"type":"minecraft:model","model":"bettermodel:modern_item/palm_tree_group7_1","tints":[{"type":"minecraft:custom_model_data","default":16777215}]}},{"threshold":20,"model":{"type":"minecraft:model","model":"bettermodel:modern_item/palm_tree_group8_1","tints":[{"type":"minecraft:custom_model_data","default":16777215}]}},{"threshold":21,"model":{"type":"minecraft:model","model":"bettermodel:modern_item/palm_tree_group12_1","tints":[{"type":"minecraft:custom_model_data","default":16777215}]}},{"threshold":22,"model":{"type":"minecraft:model","model":"bettermodel:modern_item/palm_tree_group13_1","tints":[{"type":"minecraft:custom_model_data","default":16777215}]}},{"threshold":23,"model":{"type":"minecraft:model","model":"bettermodel:modern_item/palm_tree_group14_1","tints":[{"type":"minecraft:custom_model_data","default":16777215}]}},{"threshold":24,"model":{"type":"minecraft:model","model":"bettermodel:modern_item/palm_tree_group9_1","tints":[{"type":"minecraft:custom_model_data","default":16777215}]}},{"threshold":25,"model":{"type":"minecraft:model","model":"bettermodel:modern_item/palm_tree_group10_1","tints":[{"type":"minecraft:custom_model_data","default":16777215}]}},{"threshold":26,"model":{"type":"minecraft:model","model":"bettermodel:modern_item/palm_tree_group11_1","tints":[{"type":"minecraft:custom_model_data","default":16777215}]}},{"threshold":27,"model":{"type":"minecraft:model","model":"bettermodel:modern_item/palm_tree_group24_1","tints":[{"type":"minecraft:custom_model_data","default":16777215}]}},{"threshold":28,"model":{"type":"minecraft:model","model":"bettermodel:modern_item/palm_tree_group25_1","tints":[{"type":"minecraft:custom_model_data","default":16777215}]}},{"threshold":29,"model":{"type":"minecraft:model","model":"bettermodel:modern_item/palm_tree_group26_1","tints":[{"type":"minecraft:custom_model_data","default":16777215}]}},{"threshold":30,"model":{"type":"minecraft:model","model":"bettermodel:modern_item/palm_tree_group21_1","tints":[{"type":"minecraft:custom_model_data","default":16777215}]}},{"threshold":31,"model":{"type":"minecraft:model","model":"bettermodel:modern_item/palm_tree_group22_1","tints":[{"type":"minecraft:custom_model_data","default":16777215}]}},{"threshold":32,"model":{"type":"minecraft:model","model":"bettermodel:modern_item/palm_tree_group23_1","tints":[{"type":"minecraft:custom_model_data","default":16777215}]}},{"threshold":33,"model":{"type":"minecraft:model","model":"bettermodel:modern_item/palm_tree_group18_1","tints":[{"type":"minecraft:custom_model_data","default":16777215}]}},{"threshold":34,"model":{"type":"minecraft:model","model":"bettermodel:modern_item/palm_tree_group19_1","tints":[{"type":"minecraft:custom_model_data","default":16777215}]}},{"threshold":35,"model":{"type":"minecraft:model","model":"bettermodel:modern_item/palm_tree_group20_1","tints":[{"type":"minecraft:custom_model_data","default":16777215}]}},{"threshold":36,"model":{"type":"minecraft:model","model":"bettermodel:modern_item/palm_tree_group15_1","tints":[{"type":"minecraft:custom_model_data","default":16777215}]}},{"threshold":37,"model":{"type":"minecraft:model","model":"bettermodel:modern_item/palm_tree_group16_1","tints":[{"type":"minecraft:custom_model_data","default":16777215}]}},{"threshold":38,"model":{"type":"minecraft:model","model":"bettermodel:modern_item/palm_tree_group17_1","tints":[{"type":"minecraft:custom_model_data","default":16777215}]}}]}}