{
    "model": {
        "type": "condition",
        "property": "damaged",
        "on_true": {
            "type": "model",
            "model": "minecraft:item/diamond_hoe"
        },
        "on_false": {
            "type": "range_dispatch",
            "property": "damage",
            "entries": [
                {
                    "threshold": 0.037131882202305,
                    "model": {
                        "type": "model",
                        "model": "minecraft:vehicles/items/jerrycan_full"
                    }
                },
                {
                    "threshold": 0.037772087067862,
                    "model": {
                        "type": "model",
                        "model": "minecraft:vehicles/items/jerrycan_empty"
                    }
                },
                {
                    "threshold": 0.641485275288092,
                    "model": {
                        "type": "model",
                        "model": "minecraft:vehicles/vehicles/sportief_navyblauw"
                    }
                },
                {
                    "threshold": 0.642125480153649,
                    "model": {
                        "type": "model",
                        "model": "minecraft:vehicles/vehicles/sedan_navyblauw"
                    }
                },
                {
                    "threshold": 0.643405889884763,
                    "model": {
                        "type": "model",
                        "model": "minecraft:vehicles/vehicles/jeep_politie"
                    }
                },
                {
                    "threshold": 0.64404609475032,
                    "model": {
                        "type": "model",
                        "model": "minecraft:vehicles/vehicles/hotrod_red"
                    }
                },
                {
                    "threshold": 0.645326504481434,
                    "model": {
                        "type": "model",
                        "model": "minecraft:vehicles/vehicles/fiets_man_gray"
                    }
                },
                {
                    "threshold": 0.645966709346991,
                    "model": {
                        "type": "model",
                        "model": "minecraft:vehicles/vehicles/hoverboard_white"
                    }
                },
                {
                    "threshold": 0.648527528809219,
                    "model": {
                        "type": "model",
                        "model": "minecraft:vehicles/vehicles/motor_gray"
                    }
                },
                {
                    "threshold": 0.649807938540333,
                    "model": {
                        "type": "model",
                        "model": "minecraft:vehicles/vehicles/sedan_politie"
                    }
                },
                {
                    "threshold": 0.651088348271447,
                    "model": {
                        "type": "model",
                        "model": "minecraft:vehicles/vehicles/sedan_red"
                    }
                },
                {
                    "threshold": 0.651728553137004,
                    "model": {
                        "type": "model",
                        "model": "minecraft:vehicles/vehicles/sedan_green"
                    }
                },
                {
                    "threshold": 0.652368758002561,
                    "model": {
                        "type": "model",
                        "model": "minecraft:vehicles/vehicles/sedan_gray"
                    }
                },
                {
                    "threshold": 0.653008962868118,
                    "model": {
                        "type": "model",
                        "model": "minecraft:vehicles/vehicles/sedan_pink"
                    }
                },
                {
                    "threshold": 0.653649167733675,
                    "model": {
                        "type": "model",
                        "model": "minecraft:vehicles/vehicles/sedan_yellow"
                    }
                },
                {
                    "threshold": 0.654289372599232,
                    "model": {
                        "type": "model",
                        "model": "minecraft:vehicles/vehicles/sedan_brown"
                    }
                },
                {
                    "threshold": 0.654929577464789,
                    "model": {
                        "type": "model",
                        "model": "minecraft:vehicles/vehicles/sedan_sportief_quarts"
                    }
                },
                {
                    "threshold": 0.655569782330346,
                    "model": {
                        "type": "model",
                        "model": "minecraft:vehicles/vehicles/sedan_purple"
                    }
                },
                {
                    "threshold": 0.656209987195903,
                    "model": {
                        "type": "model",
                        "model": "minecraft:vehicles/vehicles/sedan_sportief_diamond"
                    }
                },
                {
                    "threshold": 0.65685019206146,
                    "model": {
                        "type": "model",
                        "model": "minecraft:vehicles/vehicles/sedan_koningsdag"
                    }
                },
                {
                    "threshold": 0.657490396927017,
                    "model": {
                        "type": "model",
                        "model": "minecraft:vehicles/vehicles/sedan_sportief_rainbow"
                    }
                },
                {
                    "threshold": 0.658130601792574,
                    "model": {
                        "type": "model",
                        "model": "minecraft:vehicles/vehicles/sedan_lesauto"
                    }
                },
                {
                    "threshold": 0.658770806658131,
                    "model": {
                        "type": "model",
                        "model": "minecraft:vehicles/vehicles/hoverboard_gold"
                    }
                },
                {
                    "threshold": 0.659411011523688,
                    "model": {
                        "type": "model",
                        "model": "minecraft:vehicles/vehicles/hoverboard_orange"
                    }
                },
                {
                    "threshold": 0.660051216389245,
                    "model": {
                        "type": "model",
                        "model": "minecraft:vehicles/vehicles/hoverboard_green"
                    }
                },
                {
                    "threshold": 0.660691421254802,
                    "model": {
                        "type": "model",
                        "model": "minecraft:vehicles/vehicles/hoverboard_blue"
                    }
                },
                {
                    "threshold": 0.661331626120359,
                    "model": {
                        "type": "model",
                        "model": "minecraft:vehicles/vehicles/hoverboard_red"
                    }
                },
                {
                    "threshold": 0.661971830985916,
                    "model": {
                        "type": "model",
                        "model": "minecraft:vehicles/vehicles/hoverboard_yellow"
                    }
                },
                {
                    "threshold": 0.662612035851472,
                    "model": {
                        "type": "model",
                        "model": "minecraft:vehicles/vehicles/hoverboard_purple"
                    }
                },
                {
                    "threshold": 0.663252240717029,
                    "model": {
                        "type": "model",
                        "model": "minecraft:vehicles/vehicles/motor_orange"
                    }
                },
                {
                    "threshold": 0.663892445582586,
                    "model": {
                        "type": "model",
                        "model": "minecraft:vehicles/vehicles/motor_green"
                    }
                },
                {
                    "threshold": 0.664532650448143,
                    "model": {
                        "type": "model",
                        "model": "minecraft:vehicles/vehicles/motor_blue"
                    }
                },
                {
                    "threshold": 0.6651728553137,
                    "model": {
                        "type": "model",
                        "model": "minecraft:vehicles/vehicles/motor_gold"
                    }
                },
                {
                    "threshold": 0.665813060179257,
                    "model": {
                        "type": "model",
                        "model": "minecraft:vehicles/vehicles/motor_police"
                    }
                },
                {
                    "threshold": 0.666453265044814,
                    "model": {
                        "type": "model",
                        "model": "minecraft:vehicles/vehicles/motor_red"
                    }
                },
                {
                    "threshold": 0.667093469910371,
                    "model": {
                        "type": "model",
                        "model": "minecraft:vehicles/vehicles/motor_pink"
                    }
                },
                {
                    "threshold": 0.667733674775928,
                    "model": {
                        "type": "model",
                        "model": "minecraft:vehicles/vehicles/fiets_man_green"
                    }
                },
                {
                    "threshold": 0.668373879641485,
                    "model": {
                        "type": "model",
                        "model": "minecraft:vehicles/vehicles/fiets_man_brown"
                    }
                },
                {
                    "threshold": 0.669014084507042,
                    "model": {
                        "type": "model",
                        "model": "minecraft:vehicles/vehicles/fiets_man_blueblack"
                    }
                },
                {
                    "threshold": 0.669654289372599,
                    "model": {
                        "type": "model",
                        "model": "minecraft:vehicles/vehicles/fiets_vrouw_gray"
                    }
                },
                {
                    "threshold": 0.670294494238156,
                    "model": {
                        "type": "model",
                        "model": "minecraft:vehicles/vehicles/fiets_vrouw_green"
                    }
                },
                {
                    "threshold": 0.670934699103713,
                    "model": {
                        "type": "model",
                        "model": "minecraft:vehicles/vehicles/fiets_vrouw_brown"
                    }
                },
                {
                    "threshold": 0.67157490396927,
                    "model": {
                        "type": "model",
                        "model": "minecraft:vehicles/vehicles/fiets_vrouw_blueblack"
                    }
                },
                {
                    "threshold": 0.677336747759283,
                    "model": {
                        "type": "model",
                        "model": "minecraft:vehicles/vehicles/wieken_groot"
                    }
                },
                {
                    "threshold": 0.67797695262484,
                    "model": {
                        "type": "model",
                        "model": "minecraft:vehicles/vehicles/wieken_klein"
                    }
                },
                {
                    "threshold": 0.678617157490397,
                    "model": {
                        "type": "model",
                        "model": "minecraft:vehicles/vehicles/sportief_white"
                    }
                },
                {
                    "threshold": 0.679257362355954,
                    "model": {
                        "type": "model",
                        "model": "minecraft:vehicles/vehicles/sportief_pink"
                    }
                },
                {
                    "threshold": 0.679897567221511,
                    "model": {
                        "type": "model",
                        "model": "minecraft:vehicles/vehicles/sportief_blackyellow"
                    }
                },
                {
                    "threshold": 0.680537772087068,
                    "model": {
                        "type": "model",
                        "model": "minecraft:vehicles/vehicles/sportief_flamered"
                    }
                },
                {
                    "threshold": 0.681177976952625,
                    "model": {
                        "type": "model",
                        "model": "minecraft:vehicles/vehicles/sportief_flameblue"
                    }
                },
                {
                    "threshold": 0.681818181818182,
                    "model": {
                        "type": "model",
                        "model": "minecraft:vehicles/vehicles/sportief_flamewhite"
                    }
                },
                {
                    "threshold": 0.682458386683739,
                    "model": {
                        "type": "model",
                        "model": "minecraft:vehicles/vehicles/sportief_gold"
                    }
                },
                {
                    "threshold": 0.683098591549296,
                    "model": {
                        "type": "model",
                        "model": "minecraft:vehicles/vehicles/sportief_emerald"
                    }
                },
                {
                    "threshold": 0.683738796414853,
                    "model": {
                        "type": "model",
                        "model": "minecraft:vehicles/vehicles/sportief_orange"
                    }
                },
                {
                    "threshold": 0.68437900128041,
                    "model": {
                        "type": "model",
                        "model": "minecraft:vehicles/vehicles/sportief_diamond"
                    }
                },
                {
                    "threshold": 0.685019206145967,
                    "model": {
                        "type": "model",
                        "model": "minecraft:vehicles/vehicles/sportief_black"
                    }
                },
                {
                    "threshold": 0.685659411011524,
                    "model": {
                        "type": "model",
                        "model": "minecraft:vehicles/vehicles/sedan_sportief_goldv2"
                    }
                },
                {
                    "threshold": 0.686939820742638,
                    "model": {
                        "type": "model",
                        "model": "minecraft:vehicles/vehicles/jeep_blue"
                    }
                },
                {
                    "threshold": 0.687580025608195,
                    "model": {
                        "type": "model",
                        "model": "minecraft:vehicles/vehicles/jeep_gold"
                    }
                },
                {
                    "threshold": 0.688220230473752,
                    "model": {
                        "type": "model",
                        "model": "minecraft:vehicles/vehicles/hotrod_blackyellow"
                    }
                },
                {
                    "threshold": 0.697823303457106,
                    "model": {
                        "type": "model",
                        "model": "minecraft:vehicles/vehicles/motor_gray"
                    }
                },
                {
                    "threshold": 0.698463508322663,
                    "model": {
                        "type": "model",
                        "model": "minecraft:vehicles/vehicles/motor_gray"
                    }
                },
                {
                    "threshold": 0.703585147247119,
                    "model": {
                        "type": "model",
                        "model": "minecraft:vehicles/vehicles/sedan_cars"
                    }
                },
                {
                    "threshold": 0.704225352112676,
                    "model": {
                        "type": "model",
                        "model": "minecraft:vehicles/vehicles/sedan_lightning"
                    }
                },
                {
                    "threshold": 0.704865556978233,
                    "model": {
                        "type": "model",
                        "model": "minecraft:vehicles/vehicles/sedan_monster"
                    }
                },
                {
                    "threshold": 0.709987195902689,
                    "model": {
                        "type": "model",
                        "model": "minecraft:vehicles/vehicles/sedan_babyblue"
                    }
                },
                {
                    "threshold": 0.710627400768246,
                    "model": {
                        "type": "model",
                        "model": "minecraft:vehicles/vehicles/sedan_beige"
                    }
                },
                {
                    "threshold": 0.711267605633803,
                    "model": {
                        "type": "model",
                        "model": "minecraft:vehicles/vehicles/sedan_black"
                    }
                },
                {
                    "threshold": 0.71190781049936,
                    "model": {
                        "type": "model",
                        "model": "minecraft:vehicles/vehicles/sedan_cognac"
                    }
                },
                {
                    "threshold": 0.712548015364917,
                    "model": {
                        "type": "model",
                        "model": "minecraft:vehicles/vehicles/sedan_lemonyellow"
                    }
                },
                {
                    "threshold": 0.713188220230474,
                    "model": {
                        "type": "model",
                        "model": "minecraft:vehicles/vehicles/sedan_lily"
                    }
                },
                {
                    "threshold": 0.713828425096031,
                    "model": {
                        "type": "model",
                        "model": "minecraft:vehicles/vehicles/sedan_sportief_emerald"
                    }
                },
                {
                    "threshold": 0.714468629961588,
                    "model": {
                        "type": "model",
                        "model": "minecraft:vehicles/vehicles/sedan_sportief_obsidian"
                    }
                },
                {
                    "threshold": 0.715108834827145,
                    "model": {
                        "type": "model",
                        "model": "minecraft:vehicles/vehicles/sedan_zalm"
                    }
                },
                {
                    "threshold": 0.717669654289373,
                    "model": {
                        "type": "model",
                        "model": "minecraft:vehicles/vehicles/hovercraft_lime"
                    }
                },
                {
                    "threshold": 0.71830985915493,
                    "model": {
                        "type": "model",
                        "model": "minecraft:vehicles/vehicles/hovercraft_white"
                    }
                },
                {
                    "threshold": 0.718950064020487,
                    "model": {
                        "type": "model",
                        "model": "minecraft:vehicles/vehicles/hovercraft_gold"
                    }
                },
                {
                    "threshold": 0.719590268886044,
                    "model": {
                        "type": "model",
                        "model": "minecraft:vehicles/vehicles/apache_blue"
                    }
                },
                {
                    "threshold": 0.7202304737516,
                    "model": {
                        "type": "model",
                        "model": "minecraft:vehicles/vehicles/apache_pink"
                    }
                },
                {
                    "threshold": 0.720870678617158,
                    "model": {
                        "type": "model",
                        "model": "minecraft:vehicles/vehicles/apache_green"
                    }
                },
                {
                    "threshold": 0.721510883482714,
                    "model": {
                        "type": "model",
                        "model": "minecraft:vehicles/vehicles/apache_brown"
                    }
                },
                {
                    "threshold": 0.722151088348272,
                    "model": {
                        "type": "model",
                        "model": "minecraft:vehicles/vehicles/apache_gray"
                    }
                },
                {
                    "threshold": 0.722791293213828,
                    "model": {
                        "type": "model",
                        "model": "minecraft:vehicles/vehicles/apache_gold"
                    }
                },
                {
                    "threshold": 0.723431498079385,
                    "model": {
                        "type": "model",
                        "model": "minecraft:vehicles/vehicles/apache_red"
                    }
                },
                {
                    "threshold": 0.724071702944942,
                    "model": {
                        "type": "model",
                        "model": "minecraft:vehicles/vehicles/apache_upperblue"
                    }
                },
                {
                    "threshold": 0.724711907810499,
                    "model": {
                        "type": "model",
                        "model": "minecraft:vehicles/vehicles/suv_blue"
                    }
                },
                {
                    "threshold": 0.725352112676056,
                    "model": {
                        "type": "model",
                        "model": "minecraft:vehicles/vehicles/suv_brown"
                    }
                },
                {
                    "threshold": 0.725992317541613,
                    "model": {
                        "type": "model",
                        "model": "minecraft:vehicles/vehicles/suv_gold"
                    }
                },
                {
                    "threshold": 0.72663252240717,
                    "model": {
                        "type": "model",
                        "model": "minecraft:vehicles/vehicles/suv_green"
                    }
                },
                {
                    "threshold": 0.727272727272727,
                    "model": {
                        "type": "model",
                        "model": "minecraft:vehicles/vehicles/suv_pink"
                    }
                },
                {
                    "threshold": 0.727912932138284,
                    "model": {
                        "type": "model",
                        "model": "minecraft:vehicles/vehicles/suv_red"
                    }
                },
                {
                    "threshold": 0.728553137003841,
                    "model": {
                        "type": "model",
                        "model": "minecraft:vehicles/vehicles/suv_upperblue"
                    }
                },
                {
                    "threshold": 0.729193341869398,
                    "model": {
                        "type": "model",
                        "model": "minecraft:vehicles/vehicles/suv_white"
                    }
                },
                {
                    "threshold": 0.729833546734955,
                    "model": {
                        "type": "model",
                        "model": "minecraft:vehicles/vehicles/suv_yellow"
                    }
                },
                {
                    "threshold": 0.730473751600512,
                    "model": {
                        "type": "model",
                        "model": "minecraft:vehicles/vehicles/suv_black"
                    }
                },
                {
                    "threshold": 0.731113956466069,
                    "model": {
                        "type": "model",
                        "model": "minecraft:vehicles/vehicles/apache_black"
                    }
                },
                {
                    "threshold": 0.731754161331626,
                    "model": {
                        "type": "model",
                        "model": "minecraft:vehicles/vehicles/fiets_man_bluediamond"
                    }
                },
                {
                    "threshold": 0.732394366197183,
                    "model": {
                        "type": "model",
                        "model": "minecraft:vehicles/vehicles/fiets_man_gold"
                    }
                },
                {
                    "threshold": 0.73303457106274,
                    "model": {
                        "type": "model",
                        "model": "minecraft:vehicles/vehicles/fiets_man_pink"
                    }
                },
                {
                    "threshold": 0.733674775928297,
                    "model": {
                        "type": "model",
                        "model": "minecraft:vehicles/vehicles/fiets_man_red"
                    }
                },
                {
                    "threshold": 0.734314980793854,
                    "model": {
                        "type": "model",
                        "model": "minecraft:vehicles/vehicles/fiets_vrouw_bluediamond"
                    }
                },
                {
                    "threshold": 0.734955185659411,
                    "model": {
                        "type": "model",
                        "model": "minecraft:vehicles/vehicles/fiets_vrouw_gold"
                    }
                },
                {
                    "threshold": 0.735595390524968,
                    "model": {
                        "type": "model",
                        "model": "minecraft:vehicles/vehicles/fiets_vrouw_pink"
                    }
                },
                {
                    "threshold": 0.736235595390525,
                    "model": {
                        "type": "model",
                        "model": "minecraft:vehicles/vehicles/fiets_vrouw_red"
                    }
                },
                {
                    "threshold": 0.737516005121639,
                    "model": {
                        "type": "model",
                        "model": "minecraft:vehicles/vehicles/hoverboard_babyblue"
                    }
                },
                {
                    "threshold": 0.738156209987196,
                    "model": {
                        "type": "model",
                        "model": "minecraft:vehicles/vehicles/hoverboard_goldenglass"
                    }
                },
                {
                    "threshold": 0.738796414852753,
                    "model": {
                        "type": "model",
                        "model": "minecraft:vehicles/vehicles/hoverboard_champagne"
                    }
                },
                {
                    "threshold": 0.73943661971831,
                    "model": {
                        "type": "model",
                        "model": "minecraft:vehicles/vehicles/hoverboard_desert"
                    }
                },
                {
                    "threshold": 0.740076824583867,
                    "model": {
                        "type": "model",
                        "model": "minecraft:vehicles/vehicles/hoverboard_ender"
                    }
                },
                {
                    "threshold": 0.740717029449424,
                    "model": {
                        "type": "model",
                        "model": "minecraft:vehicles/vehicles/hoverboard_lemonyellow"
                    }
                },
                {
                    "threshold": 0.741357234314981,
                    "model": {
                        "type": "model",
                        "model": "minecraft:vehicles/vehicles/hotrod_gold"
                    }
                },
                {
                    "threshold": 0.741997439180538,
                    "model": {
                        "type": "model",
                        "model": "minecraft:vehicles/vehicles/hotrod_blue"
                    }
                },
                {
                    "threshold": 0.742637644046095,
                    "model": {
                        "type": "model",
                        "model": "minecraft:vehicles/vehicles/hotrod_orange"
                    }
                },
                {
                    "threshold": 0.743277848911652,
                    "model": {
                        "type": "model",
                        "model": "minecraft:vehicles/vehicles/hotrod_black"
                    }
                },
                {
                    "threshold": 0.743918053777209,
                    "model": {
                        "type": "model",
                        "model": "minecraft:vehicles/vehicles/hotrod_pink"
                    }
                },
                {
                    "threshold": 0.744558258642766,
                    "model": {
                        "type": "model",
                        "model": "minecraft:vehicles/vehicles/hotrod_blackyellow"
                    }
                },
                {
                    "threshold": 0.745198463508323,
                    "model": {
                        "type": "model",
                        "model": "minecraft:vehicles/vehicles/hotrod_army"
                    }
                },
                {
                    "threshold": 0.74583866837388,
                    "model": {
                        "type": "model",
                        "model": "minecraft:vehicles/vehicles/racecar_black"
                    }
                },
                {
                    "threshold": 0.746478873239437,
                    "model": {
                        "type": "model",
                        "model": "minecraft:vehicles/vehicles/racecar_red"
                    }
                },
                {
                    "threshold": 0.747119078104994,
                    "model": {
                        "type": "model",
                        "model": "minecraft:vehicles/vehicles/racecar_emerald"
                    }
                },
                {
                    "threshold": 0.747759282970551,
                    "model": {
                        "type": "model",
                        "model": "minecraft:vehicles/vehicles/racecar_gold"
                    }
                },
                {
                    "threshold": 0.748399487836108,
                    "model": {
                        "type": "model",
                        "model": "minecraft:vehicles/vehicles/racecar_pink"
                    }
                },
                {
                    "threshold": 0.749039692701665,
                    "model": {
                        "type": "model",
                        "model": "minecraft:vehicles/vehicles/racecar_diamond"
                    }
                },
                {
                    "threshold": 0.749679897567222,
                    "model": {
                        "type": "model",
                        "model": "minecraft:vehicles/vehicles/racecar_orange"
                    }
                },
                {
                    "threshold": 0.750320102432779,
                    "model": {
                        "type": "model",
                        "model": "minecraft:vehicles/vehicles/racecar_orangeblack"
                    }
                },
                {
                    "threshold": 0.750960307298335,
                    "model": {
                        "type": "model",
                        "model": "minecraft:vehicles/vehicles/sedan_sportief_president"
                    }
                },
                {
                    "threshold": 0.751600512163893,
                    "model": {
                        "type": "model",
                        "model": "minecraft:vehicles/vehicles/sedan_sportief_obsidian"
                    }
                },
                {
                    "threshold": 0.752240717029449,
                    "model": {
                        "type": "model",
                        "model": "minecraft:vehicles/vehicles/sedan_sportief_gold"
                    }
                },
                {
                    "threshold": 0.752880921895006,
                    "model": {
                        "type": "model",
                        "model": "minecraft:vehicles/vehicles/sedan_sportief_1"
                    }
                },
                {
                    "threshold": 0.753521126760563,
                    "model": {
                        "type": "model",
                        "model": "minecraft:vehicles/vehicles/sedan_sportief_2"
                    }
                },
                {
                    "threshold": 0.75416133162612,
                    "model": {
                        "type": "model",
                        "model": "minecraft:vehicles/vehicles/sedan_sportief_3"
                    }
                },
                {
                    "threshold": 0.754801536491677,
                    "model": {
                        "type": "model",
                        "model": "minecraft:vehicles/vehicles/sedan_sportief_4"
                    }
                },
                {
                    "threshold": 0.755441741357234,
                    "model": {
                        "type": "model",
                        "model": "minecraft:vehicles/vehicles/apache_pink"
                    }
                },
                {
                    "threshold": 0.756081946222791,
                    "model": {
                        "type": "model",
                        "model": "minecraft:vehicles/vehicles/apache_obsidian"
                    }
                },
                {
                    "threshold": 0.756722151088348,
                    "model": {
                        "type": "model",
                        "model": "minecraft:vehicles/vehicles/apache_leaves"
                    }
                },
                {
                    "threshold": 0.757362355953905,
                    "model": {
                        "type": "model",
                        "model": "minecraft:vehicles/vehicles/apache_orange"
                    }
                },
                {
                    "threshold": 0.758002560819462,
                    "model": {
                        "type": "model",
                        "model": "minecraft:vehicles/vehicles/suv_ender"
                    }
                },
                {
                    "threshold": 0.758642765685019,
                    "model": {
                        "type": "model",
                        "model": "minecraft:vehicles/vehicles/suv_politie"
                    }
                },
                {
                    "threshold": 0.759282970550576,
                    "model": {
                        "type": "model",
                        "model": "minecraft:vehicles/vehicles/racecar_ender"
                    }
                },
                {
                    "threshold": 0.759923175416133,
                    "model": {
                        "type": "model",
                        "model": "minecraft:vehicles/vehicles/fiets_vrouw_rainbow"
                    }
                },
                {
                    "threshold": 0.76056338028169,
                    "model": {
                        "type": "model",
                        "model": "minecraft:vehicles/vehicles/suv_stars"
                    }
                },
                {
                    "threshold": 0.761203585147247,
                    "model": {
                        "type": "model",
                        "model": "minecraft:vehicles/vehicles/sedan_kerst"
                    }
                },
                {
                    "threshold": 0.761843790012804,
                    "model": {
                        "type": "model",
                        "model": "minecraft:vehicles/vehicles/sedan_sportief_kerst"
                    }
                },
                {
                    "threshold": 0.762483994878361,
                    "model": {
                        "type": "model",
                        "model": "minecraft:vehicles/vehicles/sedan_sportief_lego"
                    }
                },
                {
                    "threshold": 0.763124199743918,
                    "model": {
                        "type": "model",
                        "model": "minecraft:vehicles/vehicles/hotrod_valentijn"
                    }
                },
                {
                    "threshold": 0.763764404609475,
                    "model": {
                        "type": "model",
                        "model": "minecraft:vehicles/vehicles/racecar_purplefade"
                    }
                },
                {
                    "threshold": 0.764404609475032,
                    "model": {
                        "type": "model",
                        "model": "minecraft:vehicles/vehicles/motor_vierjaar"
                    }
                },
                {
                    "threshold": 0.765044814340589,
                    "model": {
                        "type": "model",
                        "model": "minecraft:vehicles/vehicles/motor_easter"
                    }
                },
                {
                    "threshold": 0.765685019206146,
                    "model": {
                        "type": "model",
                        "model": "minecraft:vehicles/vehicles/sportief_koningsclean"
                    }
                },
                {
                    "threshold": 0.766325224071703,
                    "model": {
                        "type": "model",
                        "model": "minecraft:vehicles/vehicles/motor_koningsdag"
                    }
                },
                {
                    "threshold": 0.76696542893726,
                    "model": {
                        "type": "model",
                        "model": "minecraft:vehicles/vehicles/suv_cabrio_orangeblack"
                    }
                },
                {
                    "threshold": 0.767605633802817,
                    "model": {
                        "type": "model",
                        "model": "minecraft:vehicles/vehicles/fiets_vrouw_king"
                    }
                },
                {
                    "threshold": 0.768245838668374,
                    "model": {
                        "type": "model",
                        "model": "minecraft:vehicles/vehicles/fiets_man_king"
                    }
                },
                {
                    "threshold": 0.768886043533931,
                    "model": {
                        "type": "model",
                        "model": "minecraft:vehicles/vehicles/hovercraft_orange"
                    }
                },
                {
                    "threshold": 0.769526248399488,
                    "model": {
                        "type": "model",
                        "model": "minecraft:vehicles/vehicles/hovercraft_black"
                    }
                },
                {
                    "threshold": 0.770166453265045,
                    "model": {
                        "type": "model",
                        "model": "minecraft:vehicles/vehicles/suv_cabrio_redblack"
                    }
                },
                {
                    "threshold": 0.770806658130602,
                    "model": {
                        "type": "model",
                        "model": "minecraft:vehicles/vehicles/suv_cabrio_greenwhite"
                    }
                },
                {
                    "threshold": 0.771446862996159,
                    "model": {
                        "type": "model",
                        "model": "minecraft:vehicles/items/sneeuwpoppetje"
                    }
                },
                {
                    "threshold": 0.772087067861716,
                    "model": {
                        "type": "model",
                        "model": "minecraft:vehicles/items/wandelstok_clean"
                    }
                },
                {
                    "threshold": 0.772727272727273,
                    "model": {
                        "type": "model",
                        "model": "minecraft:vehicles/vehicles/suv_cabrio_lightbluewhite"
                    }
                },
                {
                    "threshold": 0.77336747759283,
                    "model": {
                        "type": "model",
                        "model": "minecraft:vehicles/vehicles/suv_cabrio_purplewhite"
                    }
                },
                {
                    "threshold": 0.774007682458387,
                    "model": {
                        "type": "model",
                        "model": "minecraft:vehicles/vehicles/suv_cabrio_pinkwhite"
                    }
                },
                {
                    "threshold": 0.774647887323944,
                    "model": {
                        "type": "model",
                        "model": "minecraft:vehicles/vehicles/racecar_animatedrainbow"
                    }
                },
                {
                    "threshold": 0.775288092189501,
                    "model": {
                        "type": "model",
                        "model": "minecraft:vehicles/vehicles/hovercraft_animatedpurpleyellow"
                    }
                },
                {
                    "threshold": 0.775928297055058,
                    "model": {
                        "type": "model",
                        "model": "minecraft:vehicles/vehicles/apache_roodze"
                    }
                },
                {
                    "threshold": 0.776568501920615,
                    "model": {
                        "type": "model",
                        "model": "minecraft:vehicles/vehicles/apache_bordeaux"
                    }
                },
                {
                    "threshold": 0.777208706786172,
                    "model": {
                        "type": "model",
                        "model": "minecraft:vehicles/vehicles/apache_criminalblack"
                    }
                },
                {
                    "threshold": 0.777848911651729,
                    "model": {
                        "type": "model",
                        "model": "minecraft:vehicles/vehicles/apache_mint"
                    }
                },
                {
                    "threshold": 0.778489116517286,
                    "model": {
                        "type": "model",
                        "model": "minecraft:vehicles/vehicles/sportief_bordeauxclean"
                    }
                },
                {
                    "threshold": 0.779129321382843,
                    "model": {
                        "type": "model",
                        "model": "minecraft:vehicles/vehicles/sedan_sportief_babygirl"
                    }
                },
                {
                    "threshold": 0.7797695262484,
                    "model": {
                        "type": "model",
                        "model": "minecraft:vehicles/vehicles/sedan_sportief_babyboy"
                    }
                },
                {
                    "threshold": 0.780409731113956,
                    "model": {
                        "type": "model",
                        "model": "minecraft:vehicles/vehicles/suv_lime"
                    }
                },
                {
                    "threshold": 0.781049935979514,
                    "model": {
                        "type": "model",
                        "model": "minecraft:vehicles/vehicles/suv_criminalblack"
                    }
                },
                {
                    "threshold": 0.78169014084507,
                    "model": {
                        "type": "model",
                        "model": "minecraft:vehicles/vehicles/suv_navyblue"
                    }
                },
                {
                    "threshold": 0.782330345710627,
                    "model": {
                        "type": "model",
                        "model": "minecraft:vehicles/vehicles/suv_bordeaux"
                    }
                },
                {
                    "threshold": 0.782970550576184,
                    "model": {
                        "type": "model",
                        "model": "minecraft:vehicles/vehicles/sportief_flamegreen"
                    }
                },
                {
                    "threshold": 0.783610755441741,
                    "model": {
                        "type": "model",
                        "model": "minecraft:vehicles/vehicles/sportief_flamepink"
                    }
                },
                {
                    "threshold": 0.784250960307298,
                    "model": {
                        "type": "model",
                        "model": "minecraft:vehicles/vehicles/fiets_man_babyblue"
                    }
                },
                {
                    "threshold": 0.784891165172855,
                    "model": {
                        "type": "model",
                        "model": "minecraft:vehicles/vehicles/fiets_vrouw_babygirl"
                    }
                },
                {
                    "threshold": 0.785531370038412,
                    "model": {
                        "type": "model",
                        "model": "minecraft:vehicles/vehicles/suv_pokemon"
                    }
                },
                {
                    "threshold": 0.786171574903969,
                    "model": {
                        "type": "model",
                        "model": "minecraft:vehicles/vehicles/suv_giraffe"
                    }
                },
                {
                    "threshold": 0.786811779769526,
                    "model": {
                        "type": "model",
                        "model": "minecraft:vehicles/vehicles/broomstick"
                    }
                },
                {
                    "threshold": 0.787451984635083,
                    "model": {
                        "type": "model",
                        "model": "minecraft:vehicles/vehicles/ufo_vehicle"
                    }
                },
                {
                    "threshold": 0.78809218950064,
                    "model": {
                        "type": "model",
                        "model": "minecraft:vehicles/vehicles/ufo_vehicle_orange"
                    }
                },
                {
                    "threshold": 0.788732394366197,
                    "model": {
                        "type": "model",
                        "model": "minecraft:vehicles/vehicles/ufo_vehicle_blackgold"
                    }
                },
                {
                    "threshold": 0.789372599231754,
                    "model": {
                        "type": "model",
                        "model": "minecraft:vehicles/vehicles/ufo_vehicle_purple"
                    }
                },
                {
                    "threshold": 0.790012804097311,
                    "model": {
                        "type": "model",
                        "model": "minecraft:vehicles/vehicles/ufo_vehicle_blue"
                    }
                },
                {
                    "threshold": 0.790653008962868,
                    "model": {
                        "type": "model",
                        "model": "minecraft:vehicles/vehicles/ufo_vehicle_black"
                    }
                },
                {
                    "threshold": 0.791293213828425,
                    "model": {
                        "type": "model",
                        "model": "minecraft:vehicles/vehicles/broomstick2"
                    }
                },
                {
                    "threshold": 0.791933418693982,
                    "model": {
                        "type": "model",
                        "model": "minecraft:vehicles/vehicles/broomstick3"
                    }
                },
                {
                    "threshold": 0.792573623559539,
                    "model": {
                        "type": "model",
                        "model": "minecraft:vehicles/vehicles/broomstick4"
                    }
                },
                {
                    "threshold": 0.793213828425096,
                    "model": {
                        "type": "model",
                        "model": "minecraft:vehicles/vehicles/broomstick5"
                    }
                },
                {
                    "threshold": 0.793854033290653,
                    "model": {
                        "type": "model",
                        "model": "minecraft:vehicles/vehicles/sportief_forest"
                    }
                },
                {
                    "threshold": 0.79449423815621,
                    "model": {
                        "type": "model",
                        "model": "minecraft:vehicles/vehicles/sportief_forestclean"
                    }
                },
                {
                    "threshold": 0.795134443021767,
                    "model": {
                        "type": "model",
                        "model": "minecraft:vehicles/vehicles/sportief_puppel"
                    }
                },
                {
                    "threshold": 0.795774647887324,
                    "model": {
                        "type": "model",
                        "model": "minecraft:vehicles/vehicles/sportief_puppelclean"
                    }
                },
                {
                    "threshold": 0.796414852752881,
                    "model": {
                        "type": "model",
                        "model": "minecraft:vehicles/vehicles/sportief_nietrood"
                    }
                },
                {
                    "threshold": 0.797055057618438,
                    "model": {
                        "type": "model",
                        "model": "minecraft:vehicles/vehicles/sportief_nietroodclean"
                    }
                },
                {
                    "threshold": 0.797695262483995,
                    "model": {
                        "type": "model",
                        "model": "minecraft:vehicles/vehicles/sportief_fakegold"
                    }
                },
                {
                    "threshold": 0.798335467349552,
                    "model": {
                        "type": "model",
                        "model": "minecraft:vehicles/vehicles/sportief_fakegoldclean"
                    }
                },
                {
                    "threshold": 0.798975672215109,
                    "model": {
                        "type": "model",
                        "model": "minecraft:vehicles/vehicles/sportief_peppa"
                    }
                },
                {
                    "threshold": 0.799615877080666,
                    "model": {
                        "type": "model",
                        "model": "minecraft:vehicles/vehicles/sportief_peppaclean"
                    }
                },
                {
                    "threshold": 0.8002560819,
                    "model": {
                        "type": "model",
                        "model": "minecraft:vehicles/vehicles/tank_legend_black"
                    }
                },
                {
                    "threshold": 0.80089628681,
                    "model": {
                        "type": "model",
                        "model": "minecraft:vehicles/vehicles/tank_legend_camodark"
                    }
                },
                {
                    "threshold": 0.80153649167,
                    "model": {
                        "type": "model",
                        "model": "minecraft:vehicles/vehicles/tank_legend_camoforest"
                    }
                },
                {
                    "threshold": 0.80217669654,
                    "model": {
                        "type": "model",
                        "model": "minecraft:vehicles/vehicles/tank_legend_camomarine"
                    }
                },
                {
                    "threshold": 0.8028169014,
                    "model": {
                        "type": "model",
                        "model": "minecraft:vehicles/vehicles/tank_legend_desert"
                    }
                },
                {
                    "threshold": 0.80345710627,
                    "model": {
                        "type": "model",
                        "model": "minecraft:vehicles/vehicles/tank_legend_green"
                    }
                },
                {
                    "threshold": 0.80409731114,
                    "model": {
                        "type": "model",
                        "model": "minecraft:vehicles/vehicles/tank_legend_sand"
                    }
                },
                {
                    "threshold": 0.804737516,
                    "model": {
                        "type": "model",
                        "model": "minecraft:vehicles/vehicles/raket_legend_black"
                    }
                },
                {
                    "threshold": 0.80537772087,
                    "model": {
                        "type": "model",
                        "model": "minecraft:vehicles/vehicles/raket_legend_camodark"
                    }
                },
                {
                    "threshold": 0.80601792573,
                    "model": {
                        "type": "model",
                        "model": "minecraft:vehicles/vehicles/raket_legend_camoforest"
                    }
                },
                {
                    "threshold": 0.8066581306,
                    "model": {
                        "type": "model",
                        "model": "minecraft:vehicles/vehicles/raket_legend_camomarine"
                    }
                },
                {
                    "threshold": 0.80729833546,
                    "model": {
                        "type": "model",
                        "model": "minecraft:vehicles/vehicles/raket_legend_desert"
                    }
                },
                {
                    "threshold": 0.80793854033,
                    "model": {
                        "type": "model",
                        "model": "minecraft:vehicles/vehicles/raket_legend_green"
                    }
                },
                {
                    "threshold": 0.80857874519,
                    "model": {
                        "type": "model",
                        "model": "minecraft:vehicles/vehicles/raket_legend_sand"
                    }
                },
                {
                    "threshold": 0.80921895006402,
                    "model": {
                        "type": "model",
                        "model": "minecraft:vehicles/vehicles/plane"
                    }
                },
                {
                    "threshold": 0.809859154929577,
                    "model": {
                        "type": "model",
                        "model": "minecraft:vehicles/vehicles/planeblue"
                    }
                },
                {
                    "threshold": 0.810499359795134,
                    "model": {
                        "type": "model",
                        "model": "minecraft:vehicles/vehicles/planedragon"
                    }
                },
                {
                    "threshold": 0.81113956466,
                    "model": {
                        "type": "model",
                        "model": "minecraft:vehicles/vehicles/planefighter"
                    }
                },
                {
                    "threshold": 0.81177976952,
                    "model": {
                        "type": "model",
                        "model": "minecraft:vehicles/vehicles/planefighter_oranje"
                    }
                },
                {
                    "threshold": 0.81241997439,
                    "model": {
                        "type": "model",
                        "model": "minecraft:vehicles/vehicles/planegold"
                    }
                },
                {
                    "threshold": 0.81306017925,
                    "model": {
                        "type": "model",
                        "model": "minecraft:vehicles/vehicles/planegreen"
                    }
                },
                {
                    "threshold": 0.81370038412,
                    "model": {
                        "type": "model",
                        "model": "minecraft:vehicles/vehicles/planeoctopus"
                    }
                },
                {
                    "threshold": 0.81434058898,
                    "model": {
                        "type": "model",
                        "model": "minecraft:vehicles/vehicles/planeorange"
                    }
                },
                {
                    "threshold": 0.81498079385,
                    "model": {
                        "type": "model",
                        "model": "minecraft:vehicles/vehicles/planepurple"
                    }
                },
                {
                    "threshold": 0.8156209987195903,
                    "model": {
                        "type": "model",
                        "model": "minecraft:vehicles/vehicles/boat_1"
                    }
                },
                {
                    "threshold": 0.8162612035851472,
                    "model": {
                        "type": "model",
                        "model": "minecraft:vehicles/vehicles/boat_2"
                    }
                },
                {
                    "threshold": 0.8169014084507042,
                    "model": {
                        "type": "model",
                        "model": "minecraft:vehicles/vehicles/boat_3"
                    }
                },
                {
                    "threshold": 0,
                    "model": {
                        "type": "model",
                        "model": "minecraft:item/diamond_hoe"
                    }
                }
            ]
        }
    }
}