{
  "model": {
    "type": "minecraft:select",
    "property": "minecraft:custom_model_data",
    "cases": [
      { "when": "balloon_blue", "model": { "type": "minecraft:model", "model": "next:balloons/balloon-blue" } },
      { "when": "balloon_creeper", "model": { "type": "minecraft:model", "model": "next:balloons/balloon-creeper" } },
      { "when": "balloon_green", "model": { "type": "minecraft:model", "model": "next:balloons/balloon-green" } },
      { "when": "balloon_pink", "model": { "type": "minecraft:model", "model": "next:balloons/balloon-pink" } },
      { "when": "balloon_yellow", "model": { "type": "minecraft:model", "model": "next:balloons/balloon-yellow" } },
      { "when": "banner_cosmetics", "model": { "type": "minecraft:model", "model": "next:banners/cosmetics" } },
      { "when": "big_balloon", "model": { "type": "minecraft:model", "model": "next:big_balloon/balloon" } },
      { "when": "board", "model": { "type": "minecraft:model", "model": "next:board/questboard" } },
      { "when": "hat_basketball", "model": { "type": "minecraft:model", "model": "next:hats/basketball/texture" } },
      { "when": "hat_farmer", "model": { "type": "minecraft:model", "model": "next:hats/farmer/farmer" } },
      { "when": "hat_hard", "model": { "type": "minecraft:model", "model": "next:hats/hard/texture" } },
      { "when": "hat_jolly_tree", "model": { "type": "minecraft:model", "model": "next:hats/jolly_tree/texture" } },
      { "when": "hat_moon", "model": { "type": "minecraft:model", "model": "next:hats/moon/texture" } },
      { "when": "hat_plush_fran", "model": { "type": "minecraft:model", "model": "next:hats/plush_fran/skin" } },
      { "when": "hat_turtle", "model": { "type": "minecraft:model", "model": "next:hats/turtle/texture" } },
      { "when": "hat_wizard", "model": { "type": "minecraft:model", "model": "next:hats/wizard/texture" } },
      { "when": "backpack", "model": { "type": "minecraft:model", "model": "next:item/backpack" } },
      { "when": "book", "model": { "type": "minecraft:model", "model": "next:item/book" } },
      { "when": "chair", "model": { "type": "minecraft:model", "model": "next:furniture/chair" } },
      { "when": "table", "model": { "type": "minecraft:model", "model": "next:furniture/table" } },
      { "when": "bench", "model": { "type": "minecraft:model", "model": "next:furniture/bench" } },
      { "when": "purple_crate", "model": { "type": "minecraft:model", "model": "next:crate/purple_crate" } },
      { "when": "red_crate", "model": { "type": "minecraft:model", "model": "next:crate/red_crate" } },
      { "when": "blue_crate", "model": { "type": "minecraft:model", "model": "next:crate/blue_crate" } },
      { "when": "green_crate", "model": { "type": "minecraft:model", "model": "next:crate/green_crate" } },
      { "when": "castle", "model": { "type": "minecraft:model", "model": "next:beach/sand_castle" } },
      { "when": "ball", "model": { "type": "minecraft:model", "model": "next:beach/ball" } },
      { "when": "redparasol", "model": { "type": "minecraft:model", "model": "next:beach/redparasol" } },
      { "when": "surf", "model": { "type": "minecraft:model", "model": "next:beach/surf" } },
      { "when": "gift", "model": { "type": "minecraft:model", "model": "next:item/gift" } },
      { "when": "trash", "model": { "type": "minecraft:model", "model": "next:item/bluetrashcan" } },
      { "when": "big_barrel", "model": { "type": "minecraft:model", "model": "next:barrels/big_barrel" } },
      { "when": "big_barrel_tapped", "model": { "type": "minecraft:model", "model": "next:barrels/big_barrel_tapped" } },
      { "when": "small_barrel", "model": { "type": "minecraft:model", "model": "next:barrels/small_barrel" } },
      { "when": "vending_machine", "model": { "type": "minecraft:model", "model": "next:item/vendingmachine" } },
      { "when": "plushie_alex", "model": { "type": "minecraft:model", "model": "next:plushies/nm_plushie_alex" } },
      { "when": "plushie_creaking", "model": { "type": "minecraft:model", "model": "next:plushies/nm_plushie_creaking" } },
      { "when": "plushie_ocelot", "model": { "type": "minecraft:model", "model": "next:plushies/nm_plushie_ocelot" } },
      { "when": "plushie_steve", "model": { "type": "minecraft:model", "model": "next:plushies/nm_plushie_steve" } },
      { "when": "plushie_tropical_fish", "model": { "type": "minecraft:model", "model": "next:plushies/nm_plushie_tropical_fish" } },
      { "when": "plushie_zombie_horse", "model": { "type": "minecraft:model", "model": "next:plushies/nm_plushie_zombie_horse" } },
      { "when": "pebble", "model": { "type": "minecraft:model", "model": "next:furniture/pebble" } },
      { "when": "pebble_beach", "model": { "type": "minecraft:model", "model": "next:furniture/pebble_beach" } },
      { "when": "pebble_beach_double", "model": { "type": "minecraft:model", "model": "next:furniture/pebble_beach_double" } },
      { "when": "pebble_beach_tripple", "model": { "type": "minecraft:model", "model": "next:furniture/pebble_beach_tripple" } },
      { "when": "pebble_double", "model": { "type": "minecraft:model", "model": "next:furniture/pebble_double" } },
      { "when": "pebble_red", "model": { "type": "minecraft:model", "model": "next:furniture/pebble_red" } },
      { "when": "pebble_red_double", "model": { "type": "minecraft:model", "model": "next:furniture/pebble_red_double" } },
      { "when": "pebble_red_tripple", "model": { "type": "minecraft:model", "model": "next:furniture/pebble_red_tripple" } },
      { "when": "pebble_tripple", "model": { "type": "minecraft:model", "model": "next:furniture/pebble_tripple" } },
      { "when": "rocks", "model": { "type": "minecraft:model", "model": "next:furniture/rocks" } },
      { "when": "rocks_big", "model": { "type": "minecraft:model", "model": "next:furniture/rocks_big" } },
      { "when": "rocks_huge", "model": { "type": "minecraft:model", "model": "next:furniture/rocks_huge" } },
      { "when": "tall_tropical_plant", "model": { "type": "minecraft:model", "model": "next:furniture/tall_tropical_plant" } },
      { "when": "tiki_torch", "model": { "type": "minecraft:model", "model": "next:furniture/tiki_torch" } },
      { "when": "tiki_torch_on", "model": { "type": "minecraft:model", "model": "next:furniture/tiki_torch_on" } },
      { "when": "weird_tropical_plant", "model": { "type": "minecraft:model", "model": "next:furniture/weird_tropical_plant" } },
      { "when": "cart", "model": { "type": "minecraft:model", "model": "next:item/cart" } }
    ],
    "fallback": { "type": "minecraft:model", "model": "minecraft:item/leather_horse_armor" }
  }
}