{
	"credit": "www.sebxter.pl",
	"texture_size": [128, 128],
	"textures": {
		"1": "vehicles/cars/boat_1"
	},
	"elements": [
		{
			"from": [-0.87379, 7.59115, 25.09973],
			"to": [1.44621, 9.91115, 32],
			"rotation": {"angle": 22.5, "axis": "z", "origin": [8, 9.76653, 7.88296]},
			"faces": {
				"north": {"uv": [10.875, 4.125, 11.125, 4.375], "texture": "#1"},
				"east": {"uv": [8.375, 4.25, 9.125, 4.5], "texture": "#1"},
				"south": {"uv": [4.25, 10.875, 4.5, 11.125], "texture": "#1"},
				"west": {"uv": [8.625, 0.5, 9.375, 0.75], "texture": "#1"},
				"up": {"uv": [1, 9.125, 0.75, 8.375], "texture": "#1"},
				"down": {"uv": [5.5, 8.375, 5.25, 9.125], "texture": "#1"}
			}
		},
		{
			"from": [-0.87379, 7.88115, 18.13973],
			"to": [1.44621, 10.20115, 25.09973],
			"rotation": {"angle": 22.5, "axis": "z", "origin": [8, 9.76653, 7.88296]},
			"faces": {
				"north": {"uv": [10.875, 4.5, 11.125, 4.75], "texture": "#1"},
				"east": {"uv": [5.625, 8.625, 6.375, 8.875], "texture": "#1"},
				"south": {"uv": [4.625, 10.875, 4.875, 11.125], "texture": "#1"},
				"west": {"uv": [6.5, 8.625, 7.25, 8.875], "texture": "#1"},
				"up": {"uv": [2.5, 9.25, 2.25, 8.5], "texture": "#1"},
				"down": {"uv": [8.5, 8.75, 8.25, 9.5], "texture": "#1"}
			}
		},
		{
			"from": [-0.87379, 8.17115, 11.17973],
			"to": [1.44621, 10.49115, 18.13973],
			"rotation": {"angle": 22.5, "axis": "z", "origin": [8, 9.76653, 7.88296]},
			"faces": {
				"north": {"uv": [10.875, 4.875, 11.125, 5.125], "texture": "#1"},
				"east": {"uv": [8.75, 4.625, 9.5, 4.875], "texture": "#1"},
				"south": {"uv": [5, 10.875, 5.25, 11.125], "texture": "#1"},
				"west": {"uv": [8.75, 7.875, 9.5, 8.125], "texture": "#1"},
				"up": {"uv": [8.875, 9.5, 8.625, 8.75], "texture": "#1"},
				"down": {"uv": [0.25, 8.875, 0, 9.625], "texture": "#1"}
			}
		},
		{
			"from": [-0.87379, 8.46115, 1.89973],
			"to": [1.44621, 10.78115, 11.17973],
			"rotation": {"angle": 22.5, "axis": "z", "origin": [8, 9.76653, 7.88296]},
			"faces": {
				"north": {"uv": [5.875, 10.875, 6.125, 11.125], "texture": "#1"},
				"east": {"uv": [7.625, 7.875, 8.625, 8.125], "texture": "#1"},
				"south": {"uv": [10.875, 6.5, 11.125, 6.75], "texture": "#1"},
				"west": {"uv": [0, 8, 1, 8.25], "texture": "#1"},
				"up": {"uv": [1.375, 5.625, 1.125, 4.625], "texture": "#1"},
				"down": {"uv": [1.375, 8, 1.125, 9], "texture": "#1"}
			}
		},
		{
			"from": [-0.87379, 8.75115, -5.06027],
			"to": [1.44621, 11.07115, 1.89973],
			"rotation": {"angle": 22.5, "axis": "z", "origin": [8, 9.76653, 7.88296]},
			"faces": {
				"north": {"uv": [6.75, 10.875, 7, 11.125], "texture": "#1"},
				"east": {"uv": [8.875, 2.625, 9.625, 2.875], "texture": "#1"},
				"south": {"uv": [10.875, 6.875, 11.125, 7.125], "texture": "#1"},
				"west": {"uv": [7.375, 8.875, 8.125, 9.125], "texture": "#1"},
				"up": {"uv": [0.625, 9.625, 0.375, 8.875], "texture": "#1"},
				"down": {"uv": [4.75, 8.875, 4.5, 9.625], "texture": "#1"}
			}
		},
		{
			"from": [14.55379, 7.59115, 25.09973],
			"to": [16.87379, 9.91115, 32],
			"rotation": {"angle": -22.5, "axis": "z", "origin": [8, 9.76653, 7.88296]},
			"faces": {
				"north": {"uv": [11.25, 4.5, 11.5, 4.75], "texture": "#1"},
				"east": {"uv": [9.25, 6.625, 10, 6.875], "texture": "#1"},
				"south": {"uv": [4.625, 11.25, 4.875, 11.5], "texture": "#1"},
				"west": {"uv": [9.25, 7, 10, 7.25], "texture": "#1"},
				"up": {"uv": [7.375, 10, 7.125, 9.25], "texture": "#1"},
				"down": {"uv": [7.75, 9.25, 7.5, 10], "texture": "#1"}
			}
		},
		{
			"from": [14.55379, 7.88115, 18.13973],
			"to": [16.87379, 10.20115, 25.09973],
			"rotation": {"angle": -22.5, "axis": "z", "origin": [8, 9.76653, 7.88296]},
			"faces": {
				"north": {"uv": [11.25, 4.125, 11.5, 4.375], "texture": "#1"},
				"east": {"uv": [9.125, 6.25, 9.875, 6.5], "texture": "#1"},
				"south": {"uv": [4.25, 11.25, 4.5, 11.5], "texture": "#1"},
				"west": {"uv": [9.25, 4.125, 10, 4.375], "texture": "#1"},
				"up": {"uv": [9.5, 5.75, 9.25, 5], "texture": "#1"},
				"down": {"uv": [5.5, 9.25, 5.25, 10], "texture": "#1"}
			}
		},
		{
			"from": [14.55379, 8.17115, 11.17973],
			"to": [16.87379, 10.49115, 18.13973],
			"rotation": {"angle": -22.5, "axis": "z", "origin": [8, 9.76653, 7.88296]},
			"faces": {
				"north": {"uv": [3.25, 11.25, 3.5, 11.5], "texture": "#1"},
				"east": {"uv": [9.125, 3.75, 9.875, 4], "texture": "#1"},
				"south": {"uv": [11.25, 3.25, 11.5, 3.5], "texture": "#1"},
				"west": {"uv": [9.125, 5.875, 9.875, 6.125], "texture": "#1"},
				"up": {"uv": [1, 10, 0.75, 9.25], "texture": "#1"},
				"down": {"uv": [2.875, 9.25, 2.625, 10], "texture": "#1"}
			}
		},
		{
			"from": [14.55379, 8.46115, 1.89973],
			"to": [16.87379, 10.78115, 11.17973],
			"rotation": {"angle": -22.5, "axis": "z", "origin": [8, 9.76653, 7.88296]},
			"faces": {
				"north": {"uv": [11.25, 1.875, 11.5, 2.125], "texture": "#1"},
				"east": {"uv": [4.5, 8, 5.5, 8.25], "texture": "#1"},
				"south": {"uv": [11.25, 2.875, 11.5, 3.125], "texture": "#1"},
				"west": {"uv": [1.5, 8.125, 2.5, 8.375], "texture": "#1"},
				"up": {"uv": [2.875, 9.125, 2.625, 8.125], "texture": "#1"},
				"down": {"uv": [8.5, 0, 8.25, 1], "texture": "#1"}
			}
		},
		{
			"from": [14.55379, 8.75115, -5.06027],
			"to": [16.87379, 11.07115, 1.89973],
			"rotation": {"angle": -22.5, "axis": "z", "origin": [8, 9.76653, 7.88296]},
			"faces": {
				"north": {"uv": [11.125, 10.625, 11.375, 10.875], "texture": "#1"},
				"east": {"uv": [9.125, 3, 9.875, 3.25], "texture": "#1"},
				"south": {"uv": [11.125, 11, 11.375, 11.25], "texture": "#1"},
				"west": {"uv": [9.125, 3.375, 9.875, 3.625], "texture": "#1"},
				"up": {"uv": [5.125, 9.625, 4.875, 8.875], "texture": "#1"},
				"down": {"uv": [1.375, 9.125, 1.125, 9.875], "texture": "#1"}
			}
		},
		{
			"from": [-4.45506, 6.12236, -4.44764],
			"to": [-2.13506, 8.44236, -0.96764],
			"rotation": {"angle": -22.5, "axis": "y", "origin": [8, 9.76653, 7.88296]},
			"faces": {
				"north": {"uv": [7.125, 10.875, 7.375, 11.125], "texture": "#1"},
				"east": {"uv": [10, 6.125, 10.375, 6.375], "texture": "#1"},
				"south": {"uv": [7.5, 10.875, 7.75, 11.125], "texture": "#1"},
				"west": {"uv": [10, 8.25, 10.375, 8.5], "texture": "#1"},
				"up": {"uv": [1.375, 10.375, 1.125, 10], "texture": "#1"},
				"down": {"uv": [10.25, 8.625, 10, 9], "texture": "#1"}
			}
		},
		{
			"from": [-4.45506, 6.41236, -7.92764],
			"to": [-2.13506, 8.73236, -4.44764],
			"rotation": {"angle": -22.5, "axis": "y", "origin": [8, 9.76653, 7.88296]},
			"faces": {
				"north": {"uv": [10.875, 7.625, 11.125, 7.875], "texture": "#1"},
				"east": {"uv": [10, 9.125, 10.375, 9.375], "texture": "#1"},
				"south": {"uv": [7.875, 10.875, 8.125, 11.125], "texture": "#1"},
				"west": {"uv": [10, 9.5, 10.375, 9.75], "texture": "#1"},
				"up": {"uv": [10.25, 10.25, 10, 9.875], "texture": "#1"},
				"down": {"uv": [0.875, 10.125, 0.625, 10.5], "texture": "#1"}
			}
		},
		{
			"from": [-4.45506, 6.70236, -10.82764],
			"to": [-2.13506, 9.02236, -7.92764],
			"rotation": {"angle": -22.5, "axis": "y", "origin": [8, 9.76653, 7.88296]},
			"faces": {
				"north": {"uv": [10.875, 8.625, 11.125, 8.875], "texture": "#1"},
				"east": {"uv": [2, 10.75, 2.3125, 11], "texture": "#1"},
				"south": {"uv": [9.25, 10.875, 9.5, 11.125], "texture": "#1"},
				"west": {"uv": [3, 10.75, 3.3125, 11], "texture": "#1"},
				"up": {"uv": [3.75, 11.0625, 3.5, 10.75], "texture": "#1"},
				"down": {"uv": [5.75, 10.75, 5.5, 11.0625], "texture": "#1"}
			}
		},
		{
			"from": [-10.66721, 6.99236, -6.66703],
			"to": [-8.34721, 9.31236, -4.63703],
			"rotation": {"angle": -45, "axis": "y", "origin": [8, 9.76653, 7.88296]},
			"faces": {
				"north": {"uv": [10, 10.875, 10.25, 11.125], "texture": "#1"},
				"east": {"uv": [10.875, 10.25, 11.125, 10.5], "texture": "#1"},
				"south": {"uv": [1.25, 11, 1.5, 11.25], "texture": "#1"},
				"west": {"uv": [1.625, 11, 1.875, 11.25], "texture": "#1"},
				"up": {"uv": [2.75, 11.25, 2.5, 11], "texture": "#1"},
				"down": {"uv": [11.25, 6.125, 11, 6.375], "texture": "#1"}
			}
		},
		{
			"from": [18.13506, 6.12236, -4.44764],
			"to": [20.45506, 8.44236, -0.96764],
			"rotation": {"angle": 22.5, "axis": "y", "origin": [8, 9.76653, 7.88296]},
			"faces": {
				"north": {"uv": [10.75, 11.25, 11, 11.5], "texture": "#1"},
				"east": {"uv": [10.375, 0, 10.75, 0.25], "texture": "#1"},
				"south": {"uv": [0, 11.375, 0.25, 11.625], "texture": "#1"},
				"west": {"uv": [2, 10.375, 2.375, 10.625], "texture": "#1"},
				"up": {"uv": [8.625, 10.625, 8.375, 10.25], "texture": "#1"},
				"down": {"uv": [0.25, 10.375, 0, 10.75], "texture": "#1"}
			}
		},
		{
			"from": [18.13506, 6.41236, -7.92764],
			"to": [20.45506, 8.73236, -4.44764],
			"rotation": {"angle": 22.5, "axis": "y", "origin": [8, 9.76653, 7.88296]},
			"faces": {
				"north": {"uv": [11.25, 10.25, 11.5, 10.5], "texture": "#1"},
				"east": {"uv": [1.5, 10.25, 1.875, 10.5], "texture": "#1"},
				"south": {"uv": [10.375, 11.25, 10.625, 11.5], "texture": "#1"},
				"west": {"uv": [10.25, 1.75, 10.625, 2], "texture": "#1"},
				"up": {"uv": [2.875, 10.5, 2.625, 10.125], "texture": "#1"},
				"down": {"uv": [5.75, 10.25, 5.5, 10.625], "texture": "#1"}
			}
		},
		{
			"from": [18.13506, 6.70236, -10.82764],
			"to": [20.45506, 9.02236, -7.92764],
			"rotation": {"angle": 22.5, "axis": "y", "origin": [8, 9.76653, 7.88296]},
			"faces": {
				"north": {"uv": [9.25, 11.25, 9.5, 11.5], "texture": "#1"},
				"east": {"uv": [6.25, 10.75, 6.5625, 11], "texture": "#1"},
				"south": {"uv": [10, 11.25, 10.25, 11.5], "texture": "#1"},
				"west": {"uv": [8.375, 10.75, 8.6875, 11], "texture": "#1"},
				"up": {"uv": [11, 9.3125, 10.75, 9], "texture": "#1"},
				"down": {"uv": [11, 9.5, 10.75, 9.8125], "texture": "#1"}
			}
		},
		{
			"from": [24.34721, 6.99236, -6.66703],
			"to": [26.66721, 9.31236, -4.63703],
			"rotation": {"angle": 45, "axis": "y", "origin": [8, 9.76653, 7.88296]},
			"faces": {
				"north": {"uv": [11.25, 6.875, 11.5, 7.125], "texture": "#1"},
				"east": {"uv": [7, 11.25, 7.25, 11.5], "texture": "#1"},
				"south": {"uv": [7.375, 11.25, 7.625, 11.5], "texture": "#1"},
				"west": {"uv": [11.25, 7.625, 11.5, 7.875], "texture": "#1"},
				"up": {"uv": [8, 11.5, 7.75, 11.25], "texture": "#1"},
				"down": {"uv": [11.5, 8.625, 11.25, 8.875], "texture": "#1"}
			}
		},
		{
			"from": [0.46, 3.25136, 0.73973],
			"to": [2.2, 6.73136, 27.41973],
			"rotation": {"angle": 0, "axis": "y", "origin": [8, 9.76653, 7.88296]},
			"faces": {
				"north": {"uv": [10.375, 10.75, 10.5625, 11.125], "texture": "#1"},
				"east": {"uv": [4.5, 3, 7.375, 3.375], "texture": "#1"},
				"south": {"uv": [10.75, 10.75, 10.9375, 11.125], "texture": "#1"},
				"west": {"uv": [4.5, 3.5, 7.375, 3.875], "texture": "#1"},
				"up": {"uv": [3.1875, 9.875, 3, 7], "texture": "#1"},
				"down": {"uv": [3.5625, 7, 3.375, 9.875], "texture": "#1"}
			}
		},
		{
			"from": [0.46, 3.54136, -2.74027],
			"to": [2.2, 5.86136, 0.73973],
			"rotation": {"angle": 0, "axis": "y", "origin": [8, 9.76653, 7.88296]},
			"faces": {
				"north": {"uv": [11.625, 4.375, 11.8125, 4.625], "texture": "#1"},
				"east": {"uv": [10.125, 4, 10.5, 4.25], "texture": "#1"},
				"south": {"uv": [4.625, 11.625, 4.8125, 11.875], "texture": "#1"},
				"west": {"uv": [10.125, 4.375, 10.5, 4.625], "texture": "#1"},
				"up": {"uv": [0.1875, 11.25, 0, 10.875], "texture": "#1"},
				"down": {"uv": [1.0625, 10.875, 0.875, 11.25], "texture": "#1"}
			}
		},
		{
			"from": [1.91, 3.25136, -14.34027],
			"to": [14.09, 6.73136, 27.41973],
			"rotation": {"angle": 0, "axis": "y", "origin": [8, 9.76653, 7.88296]},
			"faces": {
				"south": {"uv": [5.75, 7, 7.0625, 7.375], "texture": "#1"},
				"up": {"uv": [1.3125, 4.5, 0, 0], "texture": "#1"}
			}
		},
		{
			"from": [3.06768, 3.24904, 27.41741],
			"to": [12.93232, 4.41368, 32],
			"rotation": {"angle": 0, "axis": "y", "origin": [8, 9.76653, 7.88296]},
			"faces": {
				"north": {"uv": [9.875, 0.875, 10.9375, 1], "texture": "#1"},
				"east": {"uv": [11.5, 10.625, 12, 10.75], "texture": "#1"},
				"south": {"uv": [9.875, 1.125, 10.9375, 1.25], "texture": "#1"},
				"west": {"uv": [11.5, 10.875, 12, 11], "texture": "#1"},
				"up": {"uv": [7.9375, 6, 6.875, 5.5], "texture": "#1"},
				"down": {"uv": [5.5625, 7, 4.5, 7.5], "texture": "#1"}
			}
		},
		{
			"from": [-5.80677, 3.25136, 23.11275],
			"to": [-1.16677, 4.41136, 28.33275],
			"rotation": {"angle": 22.5, "axis": "y", "origin": [8, 9.76653, 7.88296]},
			"faces": {
				"north": {"uv": [11.5, 11.125, 12, 11.25], "texture": "#1"},
				"east": {"uv": [10.75, 10, 11.3125, 10.125], "texture": "#1"},
				"south": {"uv": [11.625, 0, 12.125, 0.125], "texture": "#1"},
				"west": {"uv": [10.875, 0, 11.4375, 0.125], "texture": "#1"},
				"up": {"uv": [8.25, 6.6875, 7.75, 6.125], "texture": "#1"},
				"down": {"uv": [6.25, 7.875, 5.75, 8.4375], "texture": "#1"}
			}
		},
		{
			"from": [17.16677, 3.25136, 23.11275],
			"to": [21.80677, 4.41136, 28.33275],
			"rotation": {"angle": -22.5, "axis": "y", "origin": [8, 9.76653, 7.88296]},
			"faces": {
				"north": {"uv": [11.625, 1.875, 12.125, 2], "texture": "#1"},
				"east": {"uv": [10.875, 2.375, 11.4375, 2.5], "texture": "#1"},
				"south": {"uv": [11.625, 2.125, 12.125, 2.25], "texture": "#1"},
				"west": {"uv": [10.875, 3.875, 11.4375, 4], "texture": "#1"},
				"up": {"uv": [6.875, 8.4375, 6.375, 7.875], "texture": "#1"},
				"down": {"uv": [7.5, 7.875, 7, 8.4375], "texture": "#1"}
			}
		},
		{
			"from": [-4.16506, 3.83136, -2.12764],
			"to": [-2.42506, 6.15136, -0.96764],
			"rotation": {"angle": -22.5, "axis": "y", "origin": [8, 9.76653, 7.88296]},
			"faces": {
				"north": {"uv": [11.625, 4.75, 11.8125, 5], "texture": "#1"},
				"east": {"uv": [5, 9.75, 5.125, 10], "texture": "#1"},
				"south": {"uv": [5, 11.625, 5.1875, 11.875], "texture": "#1"},
				"west": {"uv": [4.25, 10, 4.375, 10.25], "texture": "#1"},
				"up": {"uv": [12.0625, 12.75, 11.875, 12.625], "texture": "#1"},
				"down": {"uv": [12.8125, 12, 12.625, 12.125], "texture": "#1"}
			}
		},
		{
			"from": [0.46, 3.83136, -5.06027],
			"to": [2.2, 6.15136, -2.74027],
			"rotation": {"angle": 0, "axis": "y", "origin": [8, 9.76653, 7.88296]},
			"faces": {
				"north": {"uv": [3.625, 11.75, 3.8125, 12], "texture": "#1"},
				"east": {"uv": [11.125, 9, 11.375, 9.25], "texture": "#1"},
				"south": {"uv": [2, 11.875, 2.1875, 12.125], "texture": "#1"},
				"west": {"uv": [11.125, 9.375, 11.375, 9.625], "texture": "#1"},
				"up": {"uv": [6.3125, 12.125, 6.125, 11.875], "texture": "#1"},
				"down": {"uv": [4.1875, 12, 4, 12.25], "texture": "#1"}
			}
		},
		{
			"from": [-4.16506, 4.12136, -4.44764],
			"to": [-2.42506, 6.44136, -2.12764],
			"rotation": {"angle": -22.5, "axis": "y", "origin": [8, 9.76653, 7.88296]},
			"faces": {
				"north": {"uv": [5.375, 11.625, 5.5625, 11.875], "texture": "#1"},
				"east": {"uv": [11, 8, 11.25, 8.25], "texture": "#1"},
				"south": {"uv": [5.75, 11.625, 5.9375, 11.875], "texture": "#1"},
				"west": {"uv": [11.125, 0.875, 11.375, 1.125], "texture": "#1"},
				"up": {"uv": [6.6875, 11.875, 6.5, 11.625], "texture": "#1"},
				"down": {"uv": [11.8125, 6.5, 11.625, 6.75], "texture": "#1"}
			}
		},
		{
			"from": [-4.16506, 4.41136, -6.76764],
			"to": [-2.42506, 6.73136, -4.44764],
			"rotation": {"angle": -22.5, "axis": "y", "origin": [8, 9.76653, 7.88296]},
			"faces": {
				"north": {"uv": [6.875, 11.625, 7.0625, 11.875], "texture": "#1"},
				"east": {"uv": [2, 11.125, 2.25, 11.375], "texture": "#1"},
				"south": {"uv": [11.625, 6.875, 11.8125, 7.125], "texture": "#1"},
				"west": {"uv": [2.875, 11.125, 3.125, 11.375], "texture": "#1"},
				"up": {"uv": [7.4375, 11.875, 7.25, 11.625], "texture": "#1"},
				"down": {"uv": [7.8125, 11.625, 7.625, 11.875], "texture": "#1"}
			}
		},
		{
			"from": [-4.16506, 4.70136, -7.92764],
			"to": [-2.42506, 7.02136, -6.76764],
			"rotation": {"angle": -22.5, "axis": "y", "origin": [8, 9.76653, 7.88296]},
			"faces": {
				"north": {"uv": [11.625, 7.625, 11.8125, 7.875], "texture": "#1"},
				"east": {"uv": [7.625, 10.125, 7.75, 10.375], "texture": "#1"},
				"south": {"uv": [11.625, 8.375, 11.8125, 8.625], "texture": "#1"},
				"west": {"uv": [12.375, 10.25, 12.5, 10.5], "texture": "#1"},
				"up": {"uv": [12.8125, 12.375, 12.625, 12.25], "texture": "#1"},
				"down": {"uv": [12.8125, 12.5, 12.625, 12.625], "texture": "#1"}
			}
		},
		{
			"from": [-4.16506, 4.99136, -9.08764],
			"to": [-2.42506, 7.31136, -7.92764],
			"rotation": {"angle": -22.5, "axis": "y", "origin": [8, 9.76653, 7.88296]},
			"faces": {
				"north": {"uv": [8.5, 11.625, 8.6875, 11.875], "texture": "#1"},
				"east": {"uv": [10.625, 12.375, 10.75, 12.625], "texture": "#1"},
				"south": {"uv": [8.875, 11.625, 9.0625, 11.875], "texture": "#1"},
				"west": {"uv": [12.375, 10.625, 12.5, 10.875], "texture": "#1"},
				"up": {"uv": [12.9375, 0.125, 12.75, 0], "texture": "#1"},
				"down": {"uv": [12.9375, 0.5, 12.75, 0.625], "texture": "#1"}
			}
		},
		{
			"from": [-4.16506, 5.28136, -10.24764],
			"to": [-2.42506, 7.60136, -9.08764],
			"rotation": {"angle": -22.5, "axis": "y", "origin": [8, 9.76653, 7.88296]},
			"faces": {
				"north": {"uv": [9.25, 11.625, 9.4375, 11.875], "texture": "#1"},
				"east": {"uv": [10.875, 12.375, 11, 12.625], "texture": "#1"},
				"south": {"uv": [9.875, 11.625, 10.0625, 11.875], "texture": "#1"},
				"west": {"uv": [11.125, 12.375, 11.25, 12.625], "texture": "#1"},
				"up": {"uv": [12.9375, 0.875, 12.75, 0.75], "texture": "#1"},
				"down": {"uv": [12.9375, 1, 12.75, 1.125], "texture": "#1"}
			}
		},
		{
			"from": [-10.39929, 5.57135, -5.32801],
			"to": [-8.65929, 7.89135, -4.74801],
			"rotation": {"angle": -45, "axis": "y", "origin": [8, 9.76653, 7.88296]},
			"faces": {
				"north": {"uv": [10.25, 11.625, 10.4375, 11.875], "texture": "#1"},
				"east": {"uv": [12.75, 12.75, 12.8125, 13], "texture": "#1"},
				"south": {"uv": [11.625, 10.25, 11.8125, 10.5], "texture": "#1"},
				"west": {"uv": [0.25, 12.875, 0.3125, 13.125], "texture": "#1"},
				"up": {"uv": [8.3125, 12.9375, 8.125, 12.875], "texture": "#1"},
				"down": {"uv": [8.6875, 12.875, 8.5, 12.9375], "texture": "#1"}
			}
		},
		{
			"from": [-4.16506, 5.57136, -10.82764],
			"to": [-2.42506, 7.89136, -10.24764],
			"rotation": {"angle": -22.5, "axis": "y", "origin": [8, 9.76653, 7.88296]},
			"faces": {
				"north": {"uv": [4.375, 12, 4.5625, 12.25], "texture": "#1"},
				"east": {"uv": [0.5, 12.875, 0.5625, 13.125], "texture": "#1"},
				"south": {"uv": [12, 4.375, 12.1875, 4.625], "texture": "#1"},
				"west": {"uv": [0.75, 12.875, 0.8125, 13.125], "texture": "#1"},
				"up": {"uv": [13.0625, 8.6875, 12.875, 8.625], "texture": "#1"},
				"down": {"uv": [13.0625, 8.875, 12.875, 8.9375], "texture": "#1"}
			}
		},
		{
			"from": [-10.39929, 5.86135, -6.48801],
			"to": [-8.65929, 8.18135, -5.32801],
			"rotation": {"angle": -45, "axis": "y", "origin": [8, 9.76653, 7.88296]},
			"faces": {
				"north": {"uv": [10.625, 11.625, 10.8125, 11.875], "texture": "#1"},
				"east": {"uv": [12.375, 11.625, 12.5, 11.875], "texture": "#1"},
				"south": {"uv": [11, 11.625, 11.1875, 11.875], "texture": "#1"},
				"west": {"uv": [12.375, 12, 12.5, 12.25], "texture": "#1"},
				"up": {"uv": [12.9375, 1.375, 12.75, 1.25], "texture": "#1"},
				"down": {"uv": [12.9375, 1.5, 12.75, 1.625], "texture": "#1"}
			}
		},
		{
			"from": [0.46, 11.22369, 27.26583],
			"to": [2.2, 13.54369, 28.42583],
			"rotation": {"angle": 22.5, "axis": "x", "origin": [8, 9.76653, 7.88296]},
			"faces": {
				"north": {"uv": [6.125, 11.5, 6.3125, 11.75], "texture": "#1"},
				"east": {"uv": [8.25, 7.5, 8.375, 7.75], "texture": "#1"},
				"south": {"uv": [4.25, 11.625, 4.4375, 11.875], "texture": "#1"},
				"west": {"uv": [2, 9, 2.125, 9.25], "texture": "#1"},
				"up": {"uv": [12.8125, 5.875, 12.625, 5.75], "texture": "#1"},
				"down": {"uv": [12.8125, 11.125, 12.625, 11.25], "texture": "#1"}
			}
		},
		{
			"from": [13.8, 3.25136, 0.73973],
			"to": [15.54, 6.73136, 27.41973],
			"rotation": {"angle": 0, "axis": "y", "origin": [8, 9.76653, 7.88296]},
			"faces": {
				"north": {"uv": [10.875, 1.875, 11.0625, 2.25], "texture": "#1"},
				"east": {"uv": [4.5, 4, 7.375, 4.375], "texture": "#1"},
				"south": {"uv": [10.875, 2.875, 11.0625, 3.25], "texture": "#1"},
				"west": {"uv": [4.5, 4.5, 7.375, 4.875], "texture": "#1"},
				"up": {"uv": [3.9375, 9.875, 3.75, 7], "texture": "#1"},
				"down": {"uv": [4.3125, 7, 4.125, 9.875], "texture": "#1"}
			}
		},
		{
			"from": [13.8, 3.54136, -2.74027],
			"to": [15.54, 5.86136, 0.73973],
			"rotation": {"angle": 0, "axis": "y", "origin": [8, 9.76653, 7.88296]},
			"faces": {
				"north": {"uv": [4.75, 12, 4.9375, 12.25], "texture": "#1"},
				"east": {"uv": [9.5, 10.125, 9.875, 10.375], "texture": "#1"},
				"south": {"uv": [12, 4.75, 12.1875, 5], "texture": "#1"},
				"west": {"uv": [10.25, 1.375, 10.625, 1.625], "texture": "#1"},
				"up": {"uv": [11.0625, 3.75, 10.875, 3.375], "texture": "#1"},
				"down": {"uv": [4.0625, 10.875, 3.875, 11.25], "texture": "#1"}
			}
		},
		{
			"from": [18.42506, 3.83136, -2.12764],
			"to": [20.16506, 6.15136, -0.96764],
			"rotation": {"angle": 22.5, "axis": "y", "origin": [8, 9.76653, 7.88296]},
			"faces": {
				"north": {"uv": [5.125, 12, 5.3125, 12.25], "texture": "#1"},
				"east": {"uv": [1.25, 12.5, 1.375, 12.75], "texture": "#1"},
				"south": {"uv": [5.5, 12, 5.6875, 12.25], "texture": "#1"},
				"west": {"uv": [1.5, 12.5, 1.625, 12.75], "texture": "#1"},
				"up": {"uv": [12.9375, 1.875, 12.75, 1.75], "texture": "#1"},
				"down": {"uv": [12.9375, 2, 12.75, 2.125], "texture": "#1"}
			}
		},
		{
			"from": [13.8, 3.83136, -5.06027],
			"to": [15.54, 6.15136, -2.74027],
			"rotation": {"angle": 0, "axis": "y", "origin": [8, 9.76653, 7.88296]},
			"faces": {
				"north": {"uv": [6.5, 12, 6.6875, 12.25], "texture": "#1"},
				"east": {"uv": [11.25, 4.875, 11.5, 5.125], "texture": "#1"},
				"south": {"uv": [12, 6.5, 12.1875, 6.75], "texture": "#1"},
				"west": {"uv": [5, 11.25, 5.25, 11.5], "texture": "#1"},
				"up": {"uv": [7.0625, 12.25, 6.875, 12], "texture": "#1"},
				"down": {"uv": [12.1875, 6.875, 12, 7.125], "texture": "#1"}
			}
		},
		{
			"from": [18.42506, 4.12136, -4.44764],
			"to": [20.16506, 6.44136, -2.12764],
			"rotation": {"angle": 22.5, "axis": "y", "origin": [8, 9.76653, 7.88296]},
			"faces": {
				"north": {"uv": [7.25, 12, 7.4375, 12.25], "texture": "#1"},
				"east": {"uv": [5.375, 11.25, 5.625, 11.5], "texture": "#1"},
				"south": {"uv": [7.625, 12, 7.8125, 12.25], "texture": "#1"},
				"west": {"uv": [5.75, 11.25, 6, 11.5], "texture": "#1"},
				"up": {"uv": [12.1875, 7.875, 12, 7.625], "texture": "#1"},
				"down": {"uv": [8.1875, 12, 8, 12.25], "texture": "#1"}
			}
		},
		{
			"from": [18.42506, 4.41136, -6.76764],
			"to": [20.16506, 6.73136, -4.44764],
			"rotation": {"angle": 22.5, "axis": "y", "origin": [8, 9.76653, 7.88296]},
			"faces": {
				"north": {"uv": [12, 8.25, 12.1875, 8.5], "texture": "#1"},
				"east": {"uv": [11.25, 6.5, 11.5, 6.75], "texture": "#1"},
				"south": {"uv": [8.375, 12, 8.5625, 12.25], "texture": "#1"},
				"west": {"uv": [6.625, 11.25, 6.875, 11.5], "texture": "#1"},
				"up": {"uv": [8.9375, 12.25, 8.75, 12], "texture": "#1"},
				"down": {"uv": [9.3125, 12, 9.125, 12.25], "texture": "#1"}
			}
		},
		{
			"from": [18.42506, 4.70136, -7.92764],
			"to": [20.16506, 7.02136, -6.76764],
			"rotation": {"angle": 22.5, "axis": "y", "origin": [8, 9.76653, 7.88296]},
			"faces": {
				"north": {"uv": [9.5, 12, 9.6875, 12.25], "texture": "#1"},
				"east": {"uv": [1.75, 12.5, 1.875, 12.75], "texture": "#1"},
				"south": {"uv": [9.875, 12, 10.0625, 12.25], "texture": "#1"},
				"west": {"uv": [2, 12.5, 2.125, 12.75], "texture": "#1"},
				"up": {"uv": [12.9375, 2.375, 12.75, 2.25], "texture": "#1"},
				"down": {"uv": [12.9375, 2.5, 12.75, 2.625], "texture": "#1"}
			}
		},
		{
			"from": [18.42506, 4.99136, -9.08764],
			"to": [20.16506, 7.31136, -7.92764],
			"rotation": {"angle": 22.5, "axis": "y", "origin": [8, 9.76653, 7.88296]},
			"faces": {
				"north": {"uv": [10.25, 12, 10.4375, 12.25], "texture": "#1"},
				"east": {"uv": [2.25, 12.5, 2.375, 12.75], "texture": "#1"},
				"south": {"uv": [12, 10.25, 12.1875, 10.5], "texture": "#1"},
				"west": {"uv": [2.5, 12.5, 2.625, 12.75], "texture": "#1"},
				"up": {"uv": [12.9375, 2.875, 12.75, 2.75], "texture": "#1"},
				"down": {"uv": [12.9375, 3, 12.75, 3.125], "texture": "#1"}
			}
		},
		{
			"from": [18.42506, 5.28136, -10.24764],
			"to": [20.16506, 7.60136, -9.08764],
			"rotation": {"angle": 22.5, "axis": "y", "origin": [8, 9.76653, 7.88296]},
			"faces": {
				"north": {"uv": [10.625, 12, 10.8125, 12.25], "texture": "#1"},
				"east": {"uv": [2.75, 12.5, 2.875, 12.75], "texture": "#1"},
				"south": {"uv": [11, 12, 11.1875, 12.25], "texture": "#1"},
				"west": {"uv": [3, 12.5, 3.125, 12.75], "texture": "#1"},
				"up": {"uv": [12.9375, 3.375, 12.75, 3.25], "texture": "#1"},
				"down": {"uv": [12.9375, 3.875, 12.75, 4], "texture": "#1"}
			}
		},
		{
			"from": [24.65929, 5.57135, -5.32801],
			"to": [26.39929, 7.89135, -4.74801],
			"rotation": {"angle": 45, "axis": "y", "origin": [8, 9.76653, 7.88296]},
			"faces": {
				"north": {"uv": [0.25, 12.125, 0.4375, 12.375], "texture": "#1"},
				"east": {"uv": [1, 12.875, 1.0625, 13.125], "texture": "#1"},
				"south": {"uv": [12.125, 0.875, 12.3125, 1.125], "texture": "#1"},
				"west": {"uv": [1.25, 12.875, 1.3125, 13.125], "texture": "#1"},
				"up": {"uv": [13.0625, 9.1875, 12.875, 9.125], "texture": "#1"},
				"down": {"uv": [13.0625, 9.375, 12.875, 9.4375], "texture": "#1"}
			}
		},
		{
			"from": [18.42506, 5.57136, -10.82764],
			"to": [20.16506, 7.89136, -10.24764],
			"rotation": {"angle": 22.5, "axis": "y", "origin": [8, 9.76653, 7.88296]},
			"faces": {
				"north": {"uv": [2.625, 12.125, 2.8125, 12.375], "texture": "#1"},
				"east": {"uv": [1.5, 12.875, 1.5625, 13.125], "texture": "#1"},
				"south": {"uv": [3, 12.125, 3.1875, 12.375], "texture": "#1"},
				"west": {"uv": [1.75, 12.875, 1.8125, 13.125], "texture": "#1"},
				"up": {"uv": [13.0625, 10.0625, 12.875, 10], "texture": "#1"},
				"down": {"uv": [13.0625, 10.25, 12.875, 10.3125], "texture": "#1"}
			}
		},
		{
			"from": [24.65929, 5.86135, -6.48801],
			"to": [26.39929, 8.18135, -5.32801],
			"rotation": {"angle": 45, "axis": "y", "origin": [8, 9.76653, 7.88296]},
			"faces": {
				"north": {"uv": [3.375, 12.125, 3.5625, 12.375], "texture": "#1"},
				"east": {"uv": [3.25, 12.5, 3.375, 12.75], "texture": "#1"},
				"south": {"uv": [12.125, 5.125, 12.3125, 5.375], "texture": "#1"},
				"west": {"uv": [3.5, 12.5, 3.625, 12.75], "texture": "#1"},
				"up": {"uv": [12.9375, 4.25, 12.75, 4.125], "texture": "#1"},
				"down": {"uv": [12.9375, 4.875, 12.75, 5], "texture": "#1"}
			}
		},
		{
			"from": [13.8, 11.22369, 27.26583],
			"to": [15.54, 13.54369, 28.42583],
			"rotation": {"angle": 22.5, "axis": "x", "origin": [8, 9.76653, 7.88296]},
			"faces": {
				"north": {"uv": [12.125, 7.25, 12.3125, 7.5], "texture": "#1"},
				"east": {"uv": [12.5, 5.125, 12.625, 5.375], "texture": "#1"},
				"south": {"uv": [12.125, 8.625, 12.3125, 8.875], "texture": "#1"},
				"west": {"uv": [5.75, 12.5, 5.875, 12.75], "texture": "#1"},
				"up": {"uv": [12.9375, 5.25, 12.75, 5.125], "texture": "#1"},
				"down": {"uv": [12.9375, 5.375, 12.75, 5.5], "texture": "#1"}
			}
		},
		{
			"from": [5.1, 0.75736, -7.32227],
			"to": [10.9, 4.23736, 26.31773],
			"rotation": {"angle": 0, "axis": "y", "origin": [8, 9.76653, 7.88296]},
			"faces": {
				"north": {"uv": [8.25, 8.25, 8.875, 8.625], "texture": "#1"},
				"east": {"uv": [4.5, 0, 8.125, 0.375], "texture": "#1"},
				"south": {"uv": [0, 8.375, 0.625, 8.75], "texture": "#1"},
				"west": {"uv": [4.5, 0.5, 8.125, 0.875], "texture": "#1"},
				"up": {"uv": [2.125, 3.625, 1.5, 0], "texture": "#1"},
				"down": {"uv": [2.875, 0, 2.25, 3.625], "texture": "#1"}
			}
		},
		{
			"from": [7.23159, 1.49336, -9.64227],
			"to": [11.29159, 3.81336, -7.32227],
			"rotation": {"angle": 22.5, "axis": "z", "origin": [8, 9.76653, 7.88296]},
			"faces": {
				"north": {"uv": [2, 10, 2.4375, 10.25], "texture": "#1"},
				"east": {"uv": [0.875, 11.375, 1.125, 11.625], "texture": "#1"},
				"south": {"uv": [10, 2.875, 10.4375, 3.125], "texture": "#1"},
				"west": {"uv": [1.25, 11.375, 1.5, 11.625], "texture": "#1"},
				"up": {"uv": [3.4375, 10.25, 3, 10], "texture": "#1"},
				"down": {"uv": [10.4375, 3.25, 10, 3.5], "texture": "#1"}
			}
		},
		{
			"from": [4.70841, 1.49336, -9.64227],
			"to": [8.76841, 3.81336, -7.32227],
			"rotation": {"angle": -22.5, "axis": "z", "origin": [8, 9.76653, 7.88296]},
			"faces": {
				"north": {"uv": [3.625, 10, 4.0625, 10.25], "texture": "#1"},
				"east": {"uv": [1.625, 11.375, 1.875, 11.625], "texture": "#1"},
				"south": {"uv": [10, 3.625, 10.4375, 3.875], "texture": "#1"},
				"west": {"uv": [2.375, 11.375, 2.625, 11.625], "texture": "#1"},
				"up": {"uv": [10.4375, 6, 10, 5.75], "texture": "#1"},
				"down": {"uv": [6.5625, 10, 6.125, 10.25], "texture": "#1"}
			}
		},
		{
			"from": [7.81159, 2.65336, -13.12227],
			"to": [10.13159, 4.97336, -9.64227],
			"rotation": {"angle": 22.5, "axis": "z", "origin": [8, 9.76653, 7.88296]},
			"faces": {
				"north": {"uv": [3.625, 11.375, 3.875, 11.625], "texture": "#1"},
				"east": {"uv": [3, 10.375, 3.375, 10.625], "texture": "#1"},
				"south": {"uv": [11.375, 6.125, 11.625, 6.375], "texture": "#1"},
				"west": {"uv": [3.5, 10.375, 3.875, 10.625], "texture": "#1"},
				"up": {"uv": [4.25, 10.75, 4, 10.375], "texture": "#1"},
				"down": {"uv": [6.125, 10.375, 5.875, 10.75], "texture": "#1"}
			}
		},
		{
			"from": [5.86841, 2.65336, -13.12227],
			"to": [8.18841, 4.97336, -9.64227],
			"rotation": {"angle": -22.5, "axis": "z", "origin": [8, 9.76653, 7.88296]},
			"faces": {
				"north": {"uv": [11.375, 8, 11.625, 8.25], "texture": "#1"},
				"east": {"uv": [6.25, 10.375, 6.625, 10.625], "texture": "#1"},
				"south": {"uv": [8.125, 11.375, 8.375, 11.625], "texture": "#1"},
				"west": {"uv": [10.375, 8.625, 10.75, 8.875], "texture": "#1"},
				"up": {"uv": [10.625, 10.25, 10.375, 9.875], "texture": "#1"},
				"down": {"uv": [10.25, 10.375, 10, 10.75], "texture": "#1"}
			}
		},
		{
			"from": [3.54841, 0.33336, -7.32227],
			"to": [8.76841, 3.81336, 26.31773],
			"rotation": {"angle": -22.5, "axis": "z", "origin": [8, 9.76653, 7.88296]},
			"faces": {
				"north": {"uv": [8.5, 7.375, 9.0625, 7.75], "texture": "#1"},
				"east": {"uv": [4.5, 2, 8.125, 2.375], "texture": "#1"},
				"south": {"uv": [8.625, 0, 9.1875, 0.375], "texture": "#1"},
				"west": {"uv": [4.5, 2.5, 8.125, 2.875], "texture": "#1"},
				"up": {"uv": [2.8125, 7.375, 2.25, 3.75], "texture": "#1"},
				"down": {"uv": [4.3125, 3.25, 3.75, 6.875], "texture": "#1"}
			}
		},
		{
			"from": [7.23159, 0.33336, -7.32227],
			"to": [12.45159, 3.81336, 26.31773],
			"rotation": {"angle": 22.5, "axis": "z", "origin": [8, 9.76653, 7.88296]},
			"faces": {
				"north": {"uv": [9.0625, 7.375, 8.5, 7.75], "texture": "#1"},
				"east": {"uv": [8.125, 2.5, 4.5, 2.875], "texture": "#1"},
				"south": {"uv": [9.1875, 0, 8.625, 0.375], "texture": "#1"},
				"west": {"uv": [8.125, 2, 4.5, 2.375], "texture": "#1"},
				"up": {"uv": [2.25, 7.375, 2.8125, 3.75], "texture": "#1"},
				"down": {"uv": [3.75, 3.25, 4.3125, 6.875], "texture": "#1"}
			}
		},
		{
			"from": [5.1, -4.37565, -9.67718],
			"to": [10.9, -0.89565, -2.71718],
			"rotation": {"angle": 22.5, "axis": "x", "origin": [8, 9.76653, 7.88296]},
			"faces": {
				"north": {"uv": [4.5, 8.375, 5.125, 8.75], "texture": "#1"},
				"east": {"uv": [7.5, 3.625, 8.25, 4], "texture": "#1"},
				"south": {"uv": [8.375, 5.875, 9, 6.25], "texture": "#1"},
				"west": {"uv": [7.5, 4.125, 8.25, 4.5], "texture": "#1"},
				"up": {"uv": [7.625, 6.875, 7, 6.125], "texture": "#1"},
				"down": {"uv": [0.625, 7.125, 0, 7.875], "texture": "#1"}
			}
		},
		{
			"from": [5.1, -10.01912, -6.40852],
			"to": [10.9, -7.69912, -2.92852],
			"rotation": {"angle": 45, "axis": "x", "origin": [8, 9.76653, 7.88296]},
			"faces": {
				"north": {"uv": [0.75, 7.125, 1.375, 7.375], "texture": "#1"},
				"east": {"uv": [10.125, 4.75, 10.5, 5], "texture": "#1"},
				"south": {"uv": [6.125, 9.625, 6.75, 9.875], "texture": "#1"},
				"west": {"uv": [5, 10.125, 5.375, 10.375], "texture": "#1"},
				"up": {"uv": [9, 6.75, 8.375, 6.375], "texture": "#1"},
				"down": {"uv": [2.125, 8.5, 1.5, 8.875], "texture": "#1"}
			}
		},
		{
			"from": [5.1, 8.49782, 27.20213],
			"to": [10.9, 11.97782, 28.36213],
			"rotation": {"angle": 22.5, "axis": "x", "origin": [8, 9.76653, 7.88296]},
			"faces": {
				"north": {"uv": [8.375, 3.25, 9, 3.625], "texture": "#1"},
				"east": {"uv": [3.375, 11.625, 3.5, 12], "texture": "#1"},
				"south": {"uv": [8.375, 3.75, 9, 4.125], "texture": "#1"},
				"west": {"uv": [11.375, 11.625, 11.5, 12], "texture": "#1"},
				"up": {"uv": [5.125, 6.25, 4.5, 6.125], "texture": "#1"},
				"down": {"uv": [9.25, 0.875, 8.625, 1], "texture": "#1"}
			}
		},
		{
			"from": [14.38232, 3.34662, -1.28624],
			"to": [15.53768, 5.66198, 2.18912],
			"rotation": {"angle": 22.5, "axis": "x", "origin": [8, 9.76653, 7.88296]},
			"faces": {
				"north": {"uv": [0.5, 12.5, 0.625, 12.75], "texture": "#1"},
				"east": {"uv": [10.125, 6.875, 10.5, 7.125], "texture": "#1"},
				"south": {"uv": [0.75, 12.5, 0.875, 12.75], "texture": "#1"},
				"west": {"uv": [7.125, 10.125, 7.5, 10.375], "texture": "#1"},
				"up": {"uv": [0.875, 12.125, 0.75, 11.75], "texture": "#1"},
				"down": {"uv": [1.125, 11.75, 1, 12.125], "texture": "#1"}
			}
		},
		{
			"from": [14.38, 7.16636, -5.64027],
			"to": [15.54, 9.48636, -2.16027],
			"rotation": {"angle": 0, "axis": "y", "origin": [8, 9.76653, 7.88296]},
			"faces": {
				"north": {"uv": [12.375, 12.375, 12.5, 12.625], "texture": "#1"},
				"east": {"uv": [10.125, 5.125, 10.5, 5.375], "texture": "#1"},
				"south": {"uv": [0.25, 12.5, 0.375, 12.75], "texture": "#1"},
				"west": {"uv": [10.125, 6.5, 10.5, 6.75], "texture": "#1"},
				"up": {"uv": [11.75, 12, 11.625, 11.625], "texture": "#1"},
				"down": {"uv": [0.125, 11.75, 0, 12.125], "texture": "#1"}
			}
		},
		{
			"from": [18.98117, 7.16635, -11.00545],
			"to": [20.14117, 9.48635, -1.72545],
			"rotation": {"angle": 22.5, "axis": "y", "origin": [8, 9.76653, 7.88296]},
			"faces": {
				"north": {"uv": [3.75, 12.625, 3.875, 12.875], "texture": "#1"},
				"east": {"uv": [8.125, 5.5, 9.125, 5.75], "texture": "#1"},
				"south": {"uv": [12.625, 6.5, 12.75, 6.75], "texture": "#1"},
				"west": {"uv": [8.25, 1.125, 9.25, 1.375], "texture": "#1"},
				"up": {"uv": [8.875, 10.625, 8.75, 9.625], "texture": "#1"},
				"down": {"uv": [0.5, 9.75, 0.375, 10.75], "texture": "#1"}
			}
		},
		{
			"from": [-4.14117, 7.16635, -11.00545],
			"to": [-2.98117, 9.48635, -1.72545],
			"rotation": {"angle": -22.5, "axis": "y", "origin": [8, 9.76653, 7.88296]},
			"faces": {
				"north": {"uv": [12.625, 10.75, 12.75, 11], "texture": "#1"},
				"east": {"uv": [8.25, 1.5, 9.25, 1.75], "texture": "#1"},
				"south": {"uv": [11.375, 12.625, 11.5, 12.875], "texture": "#1"},
				"west": {"uv": [8.25, 1.875, 9.25, 2.125], "texture": "#1"},
				"up": {"uv": [4.625, 10.75, 4.5, 9.75], "texture": "#1"},
				"down": {"uv": [4.875, 9.75, 4.75, 10.75], "texture": "#1"}
			}
		},
		{
			"from": [0.46, 7.16636, -5.64027],
			"to": [1.62, 9.48636, -2.16027],
			"rotation": {"angle": 0, "axis": "y", "origin": [8, 9.76653, 7.88296]},
			"faces": {
				"north": {"uv": [12.625, 10, 12.75, 10.25], "texture": "#1"},
				"east": {"uv": [1.5, 10.625, 1.875, 10.875], "texture": "#1"},
				"south": {"uv": [12.625, 10.375, 12.75, 10.625], "texture": "#1"},
				"west": {"uv": [2.5, 10.625, 2.875, 10.875], "texture": "#1"},
				"up": {"uv": [4.625, 12.75, 4.5, 12.375], "texture": "#1"},
				"down": {"uv": [4.875, 12.375, 4.75, 12.75], "texture": "#1"}
			}
		},
		{
			"from": [0.46232, 3.34662, -1.28624],
			"to": [1.61768, 5.66198, 2.18912],
			"rotation": {"angle": 22.5, "axis": "x", "origin": [8, 9.76653, 7.88296]},
			"faces": {
				"north": {"uv": [12.625, 8.875, 12.75, 9.125], "texture": "#1"},
				"east": {"uv": [10.5, 8.25, 10.875, 8.5], "texture": "#1"},
				"south": {"uv": [12.625, 9.25, 12.75, 9.5], "texture": "#1"},
				"west": {"uv": [9.25, 10.5, 9.625, 10.75], "texture": "#1"},
				"up": {"uv": [4.375, 12.75, 4.25, 12.375], "texture": "#1"},
				"down": {"uv": [12.5, 4.375, 12.375, 4.75], "texture": "#1"}
			}
		},
		{
			"from": [2.78116, 7.59482, -1.67795],
			"to": [13.21884, 12.2325, 1.79973],
			"rotation": {"angle": -22.5, "axis": "x", "origin": [8, 9.76653, 7.88296]},
			"faces": {
				"north": {"uv": [5.75, 6.375, 6.875, 6.875], "texture": "#1"},
				"east": {"uv": [1.5, 9, 1.875, 9.5], "texture": "#1"},
				"south": {"uv": [0, 6.5, 1.125, 7], "texture": "#1"},
				"west": {"uv": [5.625, 9, 6, 9.5], "texture": "#1"},
				"up": {"uv": [8.375, 7.375, 7.25, 7], "texture": "#1"},
				"down": {"uv": [1.875, 7.5, 0.75, 7.875], "texture": "#1"}
			}
		},
		{
			"from": [2.78, 7.39836, 1.31973],
			"to": [13.22, 9.71836, 3.63973],
			"rotation": {"angle": 0, "axis": "y", "origin": [8, 9.76653, 7.88296]},
			"faces": {
				"north": {"uv": [7.5, 4.625, 8.625, 4.875], "texture": "#1"},
				"east": {"uv": [11.125, 5.75, 11.375, 6], "texture": "#1"},
				"south": {"uv": [5.75, 7.5, 6.875, 7.75], "texture": "#1"},
				"west": {"uv": [6.25, 11.125, 6.5, 11.375], "texture": "#1"},
				"up": {"uv": [8.125, 7.75, 7, 7.5], "texture": "#1"},
				"down": {"uv": [5.625, 7.625, 4.5, 7.875], "texture": "#1"}
			}
		},
		{
			"from": [2.78232, 2.09437, 4.91893],
			"to": [13.21768, 6.72973, 10.71429],
			"rotation": {"angle": 45, "axis": "x", "origin": [8, 9.76653, 7.88296]},
			"faces": {
				"north": {"uv": [5.625, 5.75, 6.75, 6.25], "texture": "#1"},
				"east": {"uv": [2, 7.5, 2.625, 8], "texture": "#1"},
				"south": {"uv": [4.5, 6.375, 5.625, 6.875], "texture": "#1"},
				"west": {"uv": [7.5, 3, 8.125, 3.5], "texture": "#1"},
				"up": {"uv": [6.75, 5.625, 5.625, 5], "texture": "#1"},
				"down": {"uv": [1.125, 5.75, 0, 6.375], "texture": "#1"}
			}
		},
		{
			"from": [2.78, 6.70236, 13.49973],
			"to": [3.94, 10.18236, 14.65973],
			"rotation": {"angle": 0, "axis": "y", "origin": [8, 9.76653, 7.88296]},
			"faces": {
				"north": {"uv": [1.25, 11.75, 1.375, 12.125], "texture": "#1"},
				"east": {"uv": [1.5, 11.75, 1.625, 12.125], "texture": "#1"},
				"south": {"uv": [1.75, 11.75, 1.875, 12.125], "texture": "#1"},
				"west": {"uv": [2.375, 11.75, 2.5, 12.125], "texture": "#1"},
				"up": {"uv": [8.25, 6, 8.125, 5.875], "texture": "#1"},
				"down": {"uv": [7.5, 8.625, 7.375, 8.75], "texture": "#1"}
			}
		},
		{
			"from": [3.07, 10.18236, 13.49973],
			"to": [3.65, 17.14236, 14.65973],
			"rotation": {"angle": 0, "axis": "y", "origin": [8, 9.76653, 7.88296]},
			"faces": {
				"north": {"uv": [6.125, 12.25, 6.1875, 13], "texture": "#1"},
				"east": {"uv": [9, 10.5, 9.125, 11.25], "texture": "#1"},
				"south": {"uv": [4, 12.375, 4.0625, 13.125], "texture": "#1"},
				"west": {"uv": [10.5, 9, 10.625, 9.75], "texture": "#1"},
				"up": {"uv": [12.9375, 10.625, 12.875, 10.5], "texture": "#1"},
				"down": {"uv": [12.9375, 10.75, 12.875, 10.875], "texture": "#1"}
			}
		},
		{
			"from": [12.35, 10.18236, 13.49973],
			"to": [12.93, 17.14236, 14.65973],
			"rotation": {"angle": 0, "axis": "y", "origin": [8, 9.76653, 7.88296]},
			"faces": {
				"north": {"uv": [5, 12.375, 5.0625, 13.125], "texture": "#1"},
				"east": {"uv": [9.75, 10.5, 9.875, 11.25], "texture": "#1"},
				"south": {"uv": [5.25, 12.375, 5.3125, 13.125], "texture": "#1"},
				"west": {"uv": [0.625, 10.625, 0.75, 11.375], "texture": "#1"},
				"up": {"uv": [12.9375, 11.75, 12.875, 11.625], "texture": "#1"},
				"down": {"uv": [11.9375, 12.875, 11.875, 13], "texture": "#1"}
			}
		},
		{
			"from": [12.35, 10.18236, 1.89973],
			"to": [12.93, 17.14236, 3.05973],
			"rotation": {"angle": 0, "axis": "y", "origin": [8, 9.76653, 7.88296]},
			"faces": {
				"north": {"uv": [9.375, 12.375, 9.4375, 13.125], "texture": "#1"},
				"east": {"uv": [10.625, 4.625, 10.75, 5.375], "texture": "#1"},
				"south": {"uv": [9.625, 12.375, 9.6875, 13.125], "texture": "#1"},
				"west": {"uv": [10.625, 6.5, 10.75, 7.25], "texture": "#1"},
				"up": {"uv": [13.0625, 4.75, 13, 4.625], "texture": "#1"},
				"down": {"uv": [13.0625, 5.625, 13, 5.75], "texture": "#1"}
			}
		},
		{
			"from": [3.07, 10.18236, 1.89973],
			"to": [3.65, 17.14236, 3.05973],
			"rotation": {"angle": 0, "axis": "y", "origin": [8, 9.76653, 7.88296]},
			"faces": {
				"north": {"uv": [8.875, 12.375, 8.9375, 13.125], "texture": "#1"},
				"east": {"uv": [10.625, 2.875, 10.75, 3.625], "texture": "#1"},
				"south": {"uv": [9.125, 12.375, 9.1875, 13.125], "texture": "#1"},
				"west": {"uv": [10.625, 3.75, 10.75, 4.5], "texture": "#1"},
				"up": {"uv": [3.8125, 13.125, 3.75, 13], "texture": "#1"},
				"down": {"uv": [13.0625, 4.375, 13, 4.5], "texture": "#1"}
			}
		},
		{
			"from": [2.78232, 2.91967, 11.98532],
			"to": [3.93768, 7.55503, 14.30068],
			"rotation": {"angle": -22.5, "axis": "x", "origin": [8, 9.76653, 7.88296]},
			"faces": {
				"north": {"uv": [2.75, 7.5, 2.875, 8], "texture": "#1"},
				"east": {"uv": [8.375, 9.625, 8.625, 10.125], "texture": "#1"},
				"south": {"uv": [0.375, 10.875, 0.5, 11.375], "texture": "#1"},
				"west": {"uv": [0, 9.75, 0.25, 10.25], "texture": "#1"},
				"up": {"uv": [12.625, 1, 12.5, 0.75], "texture": "#1"},
				"down": {"uv": [1.125, 12.5, 1, 12.75], "texture": "#1"}
			}
		},
		{
			"from": [12.06, 6.70236, 13.49973],
			"to": [13.22, 10.18236, 14.65973],
			"rotation": {"angle": 0, "axis": "y", "origin": [8, 9.76653, 7.88296]},
			"faces": {
				"north": {"uv": [5.5, 12.375, 5.625, 12.75], "texture": "#1"},
				"east": {"uv": [6.375, 12.375, 6.5, 12.75], "texture": "#1"},
				"south": {"uv": [12.375, 6.5, 12.5, 6.875], "texture": "#1"},
				"west": {"uv": [6.625, 12.375, 6.75, 12.75], "texture": "#1"},
				"up": {"uv": [4.375, 13, 4.25, 12.875], "texture": "#1"},
				"down": {"uv": [4.625, 12.875, 4.5, 13], "texture": "#1"}
			}
		},
		{
			"from": [11.76963, 11.1005, 1.60973],
			"to": [12.92963, 12.2605, 3.34973],
			"rotation": {"angle": -22.5, "axis": "z", "origin": [8, 9.76653, 7.88296]},
			"faces": {
				"north": {"uv": [12.875, 6.5, 13, 6.625], "texture": "#1"},
				"east": {"uv": [12.75, 6, 12.9375, 6.125], "texture": "#1"},
				"south": {"uv": [6.625, 12.875, 6.75, 13], "texture": "#1"},
				"west": {"uv": [12.75, 6.25, 12.9375, 6.375], "texture": "#1"},
				"up": {"uv": [0.125, 12.9375, 0, 12.75], "texture": "#1"},
				"down": {"uv": [12.875, 6.875, 12.75, 7.0625], "texture": "#1"}
			}
		},
		{
			"from": [3.07037, 11.1005, 1.60973],
			"to": [4.23037, 12.2605, 3.34973],
			"rotation": {"angle": 22.5, "axis": "z", "origin": [8, 9.76653, 7.88296]},
			"faces": {
				"north": {"uv": [6.875, 12.875, 7, 13], "texture": "#1"},
				"east": {"uv": [12.75, 7.5, 12.9375, 7.625], "texture": "#1"},
				"south": {"uv": [7.125, 12.875, 7.25, 13], "texture": "#1"},
				"west": {"uv": [12.75, 7.75, 12.9375, 7.875], "texture": "#1"},
				"up": {"uv": [12.875, 8.1875, 12.75, 8], "texture": "#1"},
				"down": {"uv": [12.875, 9.625, 12.75, 9.8125], "texture": "#1"}
			}
		},
		{
			"from": [12.06232, 2.91967, 11.98532],
			"to": [13.21768, 7.55503, 14.30068],
			"rotation": {"angle": -22.5, "axis": "x", "origin": [8, 9.76653, 7.88296]},
			"faces": {
				"north": {"uv": [4, 11.375, 4.125, 11.875], "texture": "#1"},
				"east": {"uv": [9.875, 1.375, 10.125, 1.875], "texture": "#1"},
				"south": {"uv": [9.625, 11.375, 9.75, 11.875], "texture": "#1"},
				"west": {"uv": [10, 0, 10.25, 0.5], "texture": "#1"},
				"up": {"uv": [11.75, 12.875, 11.625, 12.625], "texture": "#1"},
				"down": {"uv": [12.75, 11.625, 12.625, 11.875], "texture": "#1"}
			}
		},
		{
			"from": [6.08599, 4.77884, 21.03973],
			"to": [9.56599, 5.93884, 25.67973],
			"rotation": {"angle": -45, "axis": "z", "origin": [8, 9.76653, 7.88296]},
			"faces": {
				"north": {"uv": [12.125, 5.75, 12.5, 5.875], "texture": "#1"},
				"east": {"uv": [11.125, 9.75, 11.625, 9.875], "texture": "#1"},
				"south": {"uv": [12.125, 9, 12.5, 9.125], "texture": "#1"},
				"west": {"uv": [11.25, 3.625, 11.75, 3.75], "texture": "#1"},
				"up": {"uv": [9.75, 1.375, 9.375, 0.875], "texture": "#1"},
				"down": {"uv": [9.75, 1.5, 9.375, 2], "texture": "#1"}
			}
		},
		{
			"from": [6.29105, 4.57378, 25.67973],
			"to": [9.77105, 5.73378, 27.99973],
			"rotation": {"angle": -45, "axis": "z", "origin": [8, 9.76653, 7.88296]},
			"faces": {
				"north": {"uv": [12.125, 9.25, 12.5, 9.375], "texture": "#1"},
				"east": {"uv": [12.375, 7, 12.625, 7.125], "texture": "#1"},
				"south": {"uv": [12.125, 9.5, 12.5, 9.625], "texture": "#1"},
				"west": {"uv": [12.5, 0.25, 12.75, 0.375], "texture": "#1"},
				"up": {"uv": [10.75, 10.625, 10.375, 10.375], "texture": "#1"},
				"down": {"uv": [1.375, 10.5, 1, 10.75], "texture": "#1"}
			}
		},
		{
			"from": [2.34925, 6.0542, 27.99973],
			"to": [3.50925, 9.5342, 29.15973],
			"rotation": {"angle": 22.5, "axis": "z", "origin": [8, 9.76653, 7.88296]},
			"faces": {
				"north": {"uv": [5.875, 12, 6, 12.375], "texture": "#1"},
				"east": {"uv": [3.75, 12.125, 3.875, 12.5], "texture": "#1"},
				"south": {"uv": [12.125, 10.625, 12.25, 11], "texture": "#1"},
				"west": {"uv": [11.375, 12.125, 11.5, 12.5], "texture": "#1"},
				"up": {"uv": [2.125, 13, 2, 12.875], "texture": "#1"},
				"down": {"uv": [2.375, 12.875, 2.25, 13], "texture": "#1"}
			}
		},
		{
			"from": [2.23828, 5.78628, 29.15973],
			"to": [3.39828, 9.26628, 30.31973],
			"rotation": {"angle": 22.5, "axis": "z", "origin": [8, 9.76653, 7.88296]},
			"faces": {
				"north": {"uv": [11.625, 12.125, 11.75, 12.5], "texture": "#1"},
				"east": {"uv": [11.875, 12.125, 12, 12.5], "texture": "#1"},
				"south": {"uv": [12.125, 12.125, 12.25, 12.5], "texture": "#1"},
				"west": {"uv": [0, 12.25, 0.125, 12.625], "texture": "#1"},
				"up": {"uv": [2.625, 13, 2.5, 12.875], "texture": "#1"},
				"down": {"uv": [2.875, 12.875, 2.75, 13], "texture": "#1"}
			}
		},
		{
			"from": [12.60172, 5.78628, 29.15973],
			"to": [13.76172, 9.26628, 30.31973],
			"rotation": {"angle": -22.5, "axis": "z", "origin": [8, 9.76653, 7.88296]},
			"faces": {
				"north": {"uv": [7.875, 12.375, 8, 12.75], "texture": "#1"},
				"east": {"uv": [8.125, 12.375, 8.25, 12.75], "texture": "#1"},
				"south": {"uv": [8.375, 12.375, 8.5, 12.75], "texture": "#1"},
				"west": {"uv": [8.625, 12.375, 8.75, 12.75], "texture": "#1"},
				"up": {"uv": [5.875, 13, 5.75, 12.875], "texture": "#1"},
				"down": {"uv": [6.5, 12.875, 6.375, 13], "texture": "#1"}
			}
		},
		{
			"from": [12.49075, 6.0542, 27.99973],
			"to": [13.65075, 9.5342, 29.15973],
			"rotation": {"angle": -22.5, "axis": "z", "origin": [8, 9.76653, 7.88296]},
			"faces": {
				"north": {"uv": [6.875, 12.375, 7, 12.75], "texture": "#1"},
				"east": {"uv": [7.125, 12.375, 7.25, 12.75], "texture": "#1"},
				"south": {"uv": [7.375, 12.375, 7.5, 12.75], "texture": "#1"},
				"west": {"uv": [7.625, 12.375, 7.75, 12.75], "texture": "#1"},
				"up": {"uv": [4.875, 13, 4.75, 12.875], "texture": "#1"},
				"down": {"uv": [5.625, 12.875, 5.5, 13], "texture": "#1"}
			}
		},
		{
			"from": [6.29105, 4.57378, 16.39973],
			"to": [9.77105, 5.73378, 21.03973],
			"rotation": {"angle": -45, "axis": "z", "origin": [8, 9.76653, 7.88296]},
			"faces": {
				"north": {"uv": [12.125, 10, 12.5, 10.125], "texture": "#1"},
				"east": {"uv": [8.5, 11.375, 9, 11.5], "texture": "#1"},
				"south": {"uv": [12.125, 11.125, 12.5, 11.25], "texture": "#1"},
				"west": {"uv": [11.125, 11.375, 11.625, 11.5], "texture": "#1"},
				"up": {"uv": [2.375, 9.875, 2, 9.375], "texture": "#1"},
				"down": {"uv": [9.875, 0, 9.5, 0.5], "texture": "#1"}
			}
		},
		{
			"from": [0.46, 7.25336, 21.03973],
			"to": [3.94, 8.41336, 25.67973],
			"rotation": {"angle": 0, "axis": "y", "origin": [8, 9.76653, 7.88296]},
			"faces": {
				"north": {"uv": [11.625, 8.75, 12, 8.875], "texture": "#1"},
				"east": {"uv": [10.875, 5.25, 11.375, 5.375], "texture": "#1"},
				"south": {"uv": [11.75, 5.5, 12.125, 5.625], "texture": "#1"},
				"west": {"uv": [11, 2.625, 11.5, 2.75], "texture": "#1"},
				"up": {"uv": [6.5, 9.5, 6.125, 9], "texture": "#1"},
				"down": {"uv": [7, 9, 6.625, 9.5], "texture": "#1"}
			}
		},
		{
			"from": [0.46, 6.96336, 25.67973],
			"to": [3.94, 8.12336, 27.99973],
			"rotation": {"angle": 0, "axis": "y", "origin": [8, 9.76653, 7.88296]},
			"faces": {
				"north": {"uv": [8, 11.75, 8.375, 11.875], "texture": "#1"},
				"east": {"uv": [5.25, 6.125, 5.5, 6.25], "texture": "#1"},
				"south": {"uv": [11.75, 8, 12.125, 8.125], "texture": "#1"},
				"west": {"uv": [12.375, 4.875, 12.625, 5], "texture": "#1"},
				"up": {"uv": [10.5, 7.5, 10.125, 7.25], "texture": "#1"},
				"down": {"uv": [9.375, 10.125, 9, 10.375], "texture": "#1"}
			}
		},
		{
			"from": [0.46, 6.67336, 27.99973],
			"to": [3.94, 7.83336, 29.15973],
			"rotation": {"angle": 0, "axis": "y", "origin": [8, 9.76653, 7.88296]},
			"faces": {
				"north": {"uv": [11.75, 9.75, 12.125, 9.875], "texture": "#1"},
				"east": {"uv": [8.875, 3, 9, 3.125], "texture": "#1"},
				"south": {"uv": [11.75, 11.375, 12.125, 11.5], "texture": "#1"},
				"west": {"uv": [7.125, 9, 7.25, 9.125], "texture": "#1"},
				"up": {"uv": [0.625, 12, 0.25, 11.875], "texture": "#1"},
				"down": {"uv": [3, 11.875, 2.625, 12], "texture": "#1"}
			}
		},
		{
			"from": [0.46, 6.38336, 29.15973],
			"to": [3.94, 7.54336, 30.31973],
			"rotation": {"angle": 0, "axis": "y", "origin": [8, 9.76653, 7.88296]},
			"faces": {
				"north": {"uv": [11.875, 3.625, 12.25, 3.75], "texture": "#1"},
				"east": {"uv": [3.125, 11.875, 3.25, 12], "texture": "#1"},
				"south": {"uv": [11.875, 11.625, 12.25, 11.75], "texture": "#1"},
				"west": {"uv": [12.875, 0.25, 13, 0.375], "texture": "#1"},
				"up": {"uv": [12.25, 12, 11.875, 11.875], "texture": "#1"},
				"down": {"uv": [12.375, 0.25, 12, 0.375], "texture": "#1"}
			}
		},
		{
			"from": [0.46, 6.96336, 16.39973],
			"to": [3.94, 8.12336, 21.03973],
			"rotation": {"angle": 0, "axis": "y", "origin": [8, 9.76653, 7.88296]},
			"faces": {
				"north": {"uv": [11.75, 6, 12.125, 6.125], "texture": "#1"},
				"east": {"uv": [11, 8.375, 11.5, 8.5], "texture": "#1"},
				"south": {"uv": [11.75, 6.25, 12.125, 6.375], "texture": "#1"},
				"west": {"uv": [8.25, 11.125, 8.75, 11.25], "texture": "#1"},
				"up": {"uv": [9.375, 8.75, 9, 8.25], "texture": "#1"},
				"down": {"uv": [9.375, 8.875, 9, 9.375], "texture": "#1"}
			}
		},
		{
			"from": [6.43401, 4.77884, 21.03973],
			"to": [9.91401, 5.93884, 25.67973],
			"rotation": {"angle": 45, "axis": "z", "origin": [8, 9.76653, 7.88296]},
			"faces": {
				"north": {"uv": [12.25, 0, 12.625, 0.125], "texture": "#1"},
				"east": {"uv": [11.5, 0.875, 12, 1], "texture": "#1"},
				"south": {"uv": [12.25, 0.5, 12.625, 0.625], "texture": "#1"},
				"west": {"uv": [11.5, 1.125, 12, 1.25], "texture": "#1"},
				"up": {"uv": [9.875, 8.75, 9.5, 8.25], "texture": "#1"},
				"down": {"uv": [9.875, 8.875, 9.5, 9.375], "texture": "#1"}
			}
		},
		{
			"from": [6.22895, 4.57378, 25.67973],
			"to": [9.70895, 5.73378, 27.99973],
			"rotation": {"angle": 45, "axis": "z", "origin": [8, 9.76653, 7.88296]},
			"faces": {
				"north": {"uv": [0.625, 12.25, 1, 12.375], "texture": "#1"},
				"east": {"uv": [12.5, 7.25, 12.75, 7.375], "texture": "#1"},
				"south": {"uv": [1.125, 12.25, 1.5, 12.375], "texture": "#1"},
				"west": {"uv": [12.5, 8.625, 12.75, 8.75], "texture": "#1"},
				"up": {"uv": [5.375, 10.75, 5, 10.5], "texture": "#1"},
				"down": {"uv": [10.875, 6.125, 10.5, 6.375], "texture": "#1"}
			}
		},
		{
			"from": [6.22895, 4.57378, 16.39973],
			"to": [9.70895, 5.73378, 21.03973],
			"rotation": {"angle": 45, "axis": "z", "origin": [8, 9.76653, 7.88296]},
			"faces": {
				"north": {"uv": [12.25, 1.25, 12.625, 1.375], "texture": "#1"},
				"east": {"uv": [11.5, 5.25, 12, 5.375], "texture": "#1"},
				"south": {"uv": [12.25, 1.5, 12.625, 1.625], "texture": "#1"},
				"west": {"uv": [11.5, 5.75, 12, 5.875], "texture": "#1"},
				"up": {"uv": [9.375, 10, 9, 9.5], "texture": "#1"},
				"down": {"uv": [9.875, 9.5, 9.5, 10], "texture": "#1"}
			}
		},
		{
			"from": [12.06, 7.25336, 21.03973],
			"to": [15.54, 8.41336, 25.67973],
			"rotation": {"angle": 0, "axis": "y", "origin": [8, 9.76653, 7.88296]},
			"faces": {
				"north": {"uv": [1.625, 12.25, 2, 12.375], "texture": "#1"},
				"east": {"uv": [11.5, 9, 12, 9.125], "texture": "#1"},
				"south": {"uv": [12.25, 1.75, 12.625, 1.875], "texture": "#1"},
				"west": {"uv": [11.5, 9.25, 12, 9.375], "texture": "#1"},
				"up": {"uv": [1.875, 10.125, 1.5, 9.625], "texture": "#1"},
				"down": {"uv": [10, 4.5, 9.625, 5], "texture": "#1"}
			}
		},
		{
			"from": [12.06, 6.96336, 25.67973],
			"to": [15.54, 8.12336, 27.99973],
			"rotation": {"angle": 0, "axis": "y", "origin": [8, 9.76653, 7.88296]},
			"faces": {
				"north": {"uv": [12.25, 2, 12.625, 2.125], "texture": "#1"},
				"east": {"uv": [12.625, 4.375, 12.875, 4.5], "texture": "#1"},
				"south": {"uv": [2.125, 12.25, 2.5, 12.375], "texture": "#1"},
				"west": {"uv": [12.625, 4.625, 12.875, 4.75], "texture": "#1"},
				"up": {"uv": [7.5, 10.75, 7.125, 10.5], "texture": "#1"},
				"down": {"uv": [8, 10.5, 7.625, 10.75], "texture": "#1"}
			}
		},
		{
			"from": [12.06, 6.67336, 27.99973],
			"to": [15.54, 7.83336, 29.15973],
			"rotation": {"angle": 0, "axis": "y", "origin": [8, 9.76653, 7.88296]},
			"faces": {
				"north": {"uv": [12.25, 3.375, 12.625, 3.5], "texture": "#1"},
				"east": {"uv": [3, 12.875, 3.125, 13], "texture": "#1"},
				"south": {"uv": [12.25, 3.875, 12.625, 4], "texture": "#1"},
				"west": {"uv": [3.25, 12.875, 3.375, 13], "texture": "#1"},
				"up": {"uv": [12.625, 4.25, 12.25, 4.125], "texture": "#1"},
				"down": {"uv": [12.625, 5.5, 12.25, 5.625], "texture": "#1"}
			}
		},
		{
			"from": [12.06, 6.38336, 29.15973],
			"to": [15.54, 7.54336, 30.31973],
			"rotation": {"angle": 0, "axis": "y", "origin": [8, 9.76653, 7.88296]},
			"faces": {
				"north": {"uv": [12.25, 6, 12.625, 6.125], "texture": "#1"},
				"east": {"uv": [3.5, 12.875, 3.625, 13], "texture": "#1"},
				"south": {"uv": [12.25, 6.25, 12.625, 6.375], "texture": "#1"},
				"west": {"uv": [12.875, 3.5, 13, 3.625], "texture": "#1"},
				"up": {"uv": [12.625, 8.125, 12.25, 8], "texture": "#1"},
				"down": {"uv": [12.625, 9.75, 12.25, 9.875], "texture": "#1"}
			}
		},
		{
			"from": [12.06, 6.96336, 16.39973],
			"to": [15.54, 8.12336, 21.03973],
			"rotation": {"angle": 0, "axis": "y", "origin": [8, 9.76653, 7.88296]},
			"faces": {
				"north": {"uv": [12.25, 11.375, 12.625, 11.5], "texture": "#1"},
				"east": {"uv": [11.5, 9.5, 12, 9.625], "texture": "#1"},
				"south": {"uv": [12.375, 3.625, 12.75, 3.75], "texture": "#1"},
				"west": {"uv": [11.5, 10, 12, 10.125], "texture": "#1"},
				"up": {"uv": [10, 5.625, 9.625, 5.125], "texture": "#1"},
				"down": {"uv": [6, 9.625, 5.625, 10.125], "texture": "#1"}
			}
		},
		{
			"from": [1.62, 16.99736, 0.44973],
			"to": [14.38, 17.57736, 14.36973],
			"rotation": {"angle": 0, "axis": "y", "origin": [8, 9.76653, 7.88296]},
			"faces": {
				"north": {"uv": [10.625, 7.375, 12, 7.4375], "texture": "#1"},
				"east": {"uv": [10.125, 5.5, 11.625, 5.5625], "texture": "#1"},
				"south": {"uv": [10.75, 0.625, 12.125, 0.6875], "texture": "#1"},
				"west": {"uv": [10.375, 0.375, 11.875, 0.4375], "texture": "#1"},
				"up": {"uv": [4.375, 1.5, 3, 0], "texture": "#1"},
				"down": {"uv": [3, 0, 4.375, 1.5], "texture": "#1"}
			}
		},
		{
			"from": [4.91448, 19.63606, 3.92973],
			"to": [4.91448, 21.95606, 13.20973],
			"rotation": {"angle": 22.5, "axis": "z", "origin": [8, 9.76653, 7.88296]},
			"faces": {
				"east": {"uv": [9.25, 2.25, 8.25, 2.5], "texture": "#1"},
				"west": {"uv": [8.25, 2.25, 9.25, 2.5], "texture": "#1"}
			}
		},
		{
			"from": [11.08552, 19.63606, 3.92973],
			"to": [11.08552, 21.95606, 13.20973],
			"rotation": {"angle": -22.5, "axis": "z", "origin": [8, 9.76653, 7.88296]},
			"faces": {
				"east": {"uv": [9.25, 2.25, 8.25, 2.5], "texture": "#1"},
				"west": {"uv": [8.25, 2.25, 9.25, 2.5], "texture": "#1"}
			}
		},
		{
			"from": [2.07927, 8.88875, 16.68973],
			"to": [2.07927, 12.36875, 30.60973],
			"rotation": {"angle": 22.5, "axis": "z", "origin": [8, 9.76653, 7.88296]},
			"faces": {
				"east": {"uv": [8.375, 5, 6.875, 5.375], "texture": "#1"},
				"west": {"uv": [6.875, 5, 8.375, 5.375], "texture": "#1"}
			}
		},
		{
			"from": [13.92073, 8.88875, 16.68973],
			"to": [13.92073, 12.36875, 30.60973],
			"rotation": {"angle": -22.5, "axis": "z", "origin": [8, 9.76653, 7.88296]},
			"faces": {
				"east": {"uv": [8.375, 5, 6.875, 5.375], "texture": "#1"},
				"west": {"uv": [6.875, 5, 8.375, 5.375], "texture": "#1"}
			}
		},
		{
			"from": [1.04, 8.58736, -6.22027],
			"to": [1.04, 10.90736, -2.74027],
			"rotation": {"angle": 0, "axis": "y", "origin": [8, 9.76653, 7.88296]},
			"faces": {
				"east": {"uv": [11, 5.75, 10.625, 6], "texture": "#1"},
				"west": {"uv": [10.625, 5.75, 11, 6], "texture": "#1"}
			}
		},
		{
			"from": [-3.82727, 8.58736, -9.44325],
			"to": [-3.82727, 10.90736, -2.48325],
			"rotation": {"angle": -22.5, "axis": "y", "origin": [8, 9.76653, 7.88296]},
			"faces": {
				"east": {"uv": [10, 7.375, 9.25, 7.625], "texture": "#1"},
				"west": {"uv": [9.25, 7.375, 10, 7.625], "texture": "#1"}
			}
		},
		{
			"from": [19.82727, 8.58736, -9.44325],
			"to": [19.82727, 10.90736, -2.48325],
			"rotation": {"angle": 22.5, "axis": "y", "origin": [8, 9.76653, 7.88296]},
			"faces": {
				"east": {"uv": [10, 7.375, 9.25, 7.625], "texture": "#1"},
				"west": {"uv": [9.25, 7.375, 10, 7.625], "texture": "#1"}
			}
		},
		{
			"from": [14.96, 8.58736, -6.22027],
			"to": [14.96, 10.90736, -2.74027],
			"rotation": {"angle": 0, "axis": "y", "origin": [8, 9.76653, 7.88296]},
			"faces": {
				"east": {"uv": [11, 5.75, 10.625, 6], "texture": "#1"},
				"west": {"uv": [10.625, 5.75, 11, 6], "texture": "#1"}
			}
		},
		{
			"from": [8.07782, 16.99968, 7.96078],
			"to": [17.09586, 17.57504, 16.97882],
			"rotation": {"angle": -45, "axis": "y", "origin": [8, 9.76653, 7.88296]},
			"faces": {
				"north": {"uv": [11.625, 2.375, 12.625, 2.4375], "texture": "#1"},
				"east": {"uv": [11.625, 2.625, 12.625, 2.6875], "texture": "#1"},
				"south": {"uv": [11.625, 2.875, 12.625, 2.9375], "texture": "#1"},
				"west": {"uv": [11.625, 3.125, 12.625, 3.1875], "texture": "#1"},
				"up": {"uv": [1, 5.625, 0, 4.625], "texture": "#1"},
				"down": {"uv": [1, 4.625, 0, 5.625], "texture": "#1"}
			}
		},
		{
			"from": [-1.35245, 13.69335, 2.76973],
			"to": [-0.19245, 14.85335, 13.20973],
			"rotation": {"angle": -22.5, "axis": "z", "origin": [8, 9.76653, 7.88296]},
			"faces": {
				"north": {"uv": [12.875, 7.25, 13, 7.375], "texture": "#1"},
				"east": {"uv": [9.5, 0.625, 10.625, 0.75], "texture": "#1"},
				"south": {"uv": [7.375, 12.875, 7.5, 13], "texture": "#1"},
				"west": {"uv": [9.625, 7.75, 10.75, 7.875], "texture": "#1"},
				"up": {"uv": [1.375, 6.875, 1.25, 5.75], "texture": "#1"},
				"down": {"uv": [8, 9.25, 7.875, 10.375], "texture": "#1"}
			}
		},
		{
			"from": [16.19245, 13.69335, 2.76973],
			"to": [17.35245, 14.85335, 13.20973],
			"rotation": {"angle": 22.5, "axis": "z", "origin": [8, 9.76653, 7.88296]},
			"faces": {
				"north": {"uv": [7.625, 12.875, 7.75, 13], "texture": "#1"},
				"east": {"uv": [9.625, 8, 10.75, 8.125], "texture": "#1"},
				"south": {"uv": [7.875, 12.875, 8, 13], "texture": "#1"},
				"west": {"uv": [9.75, 2.625, 10.875, 2.75], "texture": "#1"},
				"up": {"uv": [7, 10.75, 6.875, 9.625], "texture": "#1"},
				"down": {"uv": [8.25, 9.625, 8.125, 10.75], "texture": "#1"}
			}
		},
		{
			"from": [1.62, 19.24737, 2.84462],
			"to": [14.38, 19.82737, 4.00462],
			"rotation": {"angle": -22.5, "axis": "x", "origin": [8, 9.76653, 7.88296]},
			"faces": {
				"north": {"uv": [10.75, 1.375, 12.125, 1.4375], "texture": "#1"},
				"east": {"uv": [13, 6.75, 13.125, 6.8125], "texture": "#1"},
				"south": {"uv": [10.75, 1.625, 12.125, 1.6875], "texture": "#1"},
				"west": {"uv": [13, 7, 13.125, 7.0625], "texture": "#1"},
				"up": {"uv": [10.75, 2.25, 9.375, 2.125], "texture": "#1"},
				"down": {"uv": [10.75, 2.125, 9.375, 2.25], "texture": "#1"}
			}
		},
		{
			"from": [5.68, 2.49736, 25.96973],
			"to": [10.32, 3.65736, 30.60973],
			"rotation": {"angle": 0, "axis": "y", "origin": [8, 9.76653, 7.88296]},
			"faces": {
				"north": {"uv": [2.75, 11.625, 3.25, 11.75], "texture": "#1"},
				"east": {"uv": [11.625, 3.375, 12.125, 3.5], "texture": "#1"},
				"south": {"uv": [11.625, 3.875, 12.125, 4], "texture": "#1"},
				"west": {"uv": [11.625, 4.125, 12.125, 4.25], "texture": "#1"},
				"up": {"uv": [8.75, 3.125, 8.25, 2.625], "texture": "#1"},
				"down": {"uv": [8.125, 8.25, 7.625, 8.75], "texture": "#1"}
			}
		},
		{
			"from": [2.36486, 4.13139, 28.28973],
			"to": [2.94486, 4.71139, 31.76973],
			"rotation": {"angle": 45, "axis": "z", "origin": [8, 9.76653, 7.88296]},
			"faces": {
				"north": {"uv": [13, 8, 13.0625, 8.0625], "texture": "#1"},
				"east": {"uv": [12.75, 8.375, 13.125, 8.4375], "texture": "#1"},
				"south": {"uv": [13, 9.625, 13.0625, 9.6875], "texture": "#1"},
				"west": {"uv": [9.875, 12.75, 10.25, 12.8125], "texture": "#1"},
				"up": {"uv": [10.4375, 13.125, 10.375, 12.75], "texture": "#1"},
				"down": {"uv": [10.6875, 12.75, 10.625, 13.125], "texture": "#1"}
			}
		},
		{
			"from": [6.84, 0.75736, 27.70973],
			"to": [9.16, 2.49736, 30.02973],
			"rotation": {"angle": 0, "axis": "y", "origin": [8, 9.76653, 7.88296]},
			"faces": {
				"north": {"uv": [12.375, 7.625, 12.625, 7.8125], "texture": "#1"},
				"east": {"uv": [12.375, 8.25, 12.625, 8.4375], "texture": "#1"},
				"south": {"uv": [9.875, 12.375, 10.125, 12.5625], "texture": "#1"},
				"west": {"uv": [10.25, 12.375, 10.5, 12.5625], "texture": "#1"},
				"up": {"uv": [0.625, 11.75, 0.375, 11.5], "texture": "#1"},
				"down": {"uv": [2.25, 11.5, 2, 11.75], "texture": "#1"}
			}
		},
		{
			"from": [7.71, 0.46736, 28.57973],
			"to": [8.29, 1.04736, 31.18973],
			"rotation": {"angle": 0, "axis": "y", "origin": [8, 9.76653, 7.88296]},
			"faces": {
				"north": {"uv": [9.875, 13, 9.9375, 13.0625], "texture": "#1"},
				"east": {"uv": [10.875, 12.75, 11.1875, 12.8125], "texture": "#1"},
				"south": {"uv": [10.125, 13, 10.1875, 13.0625], "texture": "#1"},
				"west": {"uv": [12.75, 11.375, 13.0625, 11.4375], "texture": "#1"},
				"up": {"uv": [12.3125, 13.0625, 12.25, 12.75], "texture": "#1"},
				"down": {"uv": [12.5625, 12.75, 12.5, 13.0625], "texture": "#1"}
			}
		}
	],
	"display": {
		"thirdperson_righthand": {
			"rotation": [75, 45, 0],
			"translation": [0, 2.5, 0],
			"scale": [0.375, 0.375, 0.375]
		},
		"thirdperson_lefthand": {
			"rotation": [75, 45, 0],
			"translation": [0, 2.5, 0],
			"scale": [0.375, 0.375, 0.375]
		},
		"firstperson_righthand": {
			"rotation": [0, 45, 0],
			"scale": [0.4, 0.4, 0.4]
		},
		"firstperson_lefthand": {
			"rotation": [0, 225, 0],
			"scale": [0.4, 0.4, 0.4]
		},
		"ground": {
			"translation": [0, 3, 0],
			"scale": [0.25, 0.25, 0.25]
		},
		"gui": {
			"rotation": [30, 225, 0],
			"scale": [0.35, 0.35, 0.35]
		},
		"head": {
			"translation": [0, -11.5, 5.75],
			"scale": [4, 4, 4]
		},
		"fixed": {
			"scale": [0.5, 0.5, 0.5]
		}
	},
	"groups": [
		{
			"name": "1",
			"origin": [0, 0, 0],
			"color": 0,
			"nbt": "{}",
			"children": [0, 1, 2, 3, 4, 5, 6, 7, 8, 9, 10, 11, 12, 13, 14, 15, 16, 17]
		},
		{
			"name": "2",
			"origin": [0, 5.26522, 25.17074],
			"color": 0,
			"nbt": "{}",
			"children": [
				{
					"name": "group",
					"origin": [1, 5.26522, 25.17074],
					"color": 0,
					"nbt": "{}",
					"children": [18, 19, 20, 21, 22, 23, 24, 25, 26, 27, 28, 29, 30, 31, 32, 33, 34]
				},
				{
					"name": "group",
					"origin": [1, 5.26522, 25.17074],
					"color": 0,
					"nbt": "{}",
					"children": [35, 36, 37, 38, 39, 40, 41, 42, 43, 44, 45, 46, 47]
				}
			]
		},
		{
			"name": "3",
			"origin": [0, 3.57716, 24.41209],
			"color": 0,
			"nbt": "{}",
			"children": [48, 49, 50, 51, 52, 53, 54, 55, 56, 57]
		},
		{
			"name": "4",
			"origin": [-0.5, 0, 0],
			"color": 0,
			"nbt": "{}",
			"children": [58, 59, 60, 61, 62, 63]
		},
		{
			"name": "5",
			"origin": [0, 4.79293, -4.07116],
			"color": 0,
			"nbt": "{}",
			"children": [64, 65, 66]
		},
		{
			"name": "6",
			"origin": [-3.5, -4.75864, 4.5767],
			"color": 0,
			"nbt": "{}",
			"children": [
				{
					"name": "group",
					"origin": [-6.5, -3.75864, 4.5767],
					"color": 0,
					"nbt": "{}",
					"children": [67, 68, 69, 70, 71, 72, 73, 74, 75, 76]
				},
				{
					"name": "group",
					"origin": [-6.5, -3.75864, 4.5767],
					"color": 0,
					"nbt": "{}",
					"children": []
				}
			]
		},
		{
			"name": "7",
			"origin": [0.5, 0, 0],
			"color": 0,
			"nbt": "{}",
			"children": [
				{
					"name": "group",
					"origin": [0.5, 0, 0],
					"color": 0,
					"nbt": "{}",
					"children": [77, 78, 79, 80, 81, 82, 83, 84, 85, 86, 87, 88]
				},
				{
					"name": "group",
					"origin": [0.5, 0, 0],
					"color": 0,
					"nbt": "{}",
					"children": [89, 90, 91, 92, 93, 94, 95, 96]
				}
			]
		},
		{
			"name": "7",
			"origin": [0.5, 0, 0],
			"color": 0,
			"nbt": "{}",
			"children": []
		},
		{
			"name": "group",
			"origin": [1, 12.88635, 3.17179],
			"color": 0,
			"nbt": "{}",
			"children": [97, 98, 99, 100, 101, 102, 103, 104, 105, 106, 107, 108, 109]
		},
		110,
		111,
		112,
		113
	]
}