{
	"credit": "www.sebxter.pl",
	"texture_size": [128, 128],
	"textures": {
		"1": "vehicles/cars/boat_3"
	},
	"elements": [
		{
			"from": [4, 1, -13],
			"to": [12, 6, -8],
			"rotation": {"angle": 0, "axis": "y", "origin": [1, 0.75, 0]},
			"faces": {
				"north": {"uv": [8.75, 0.625, 9.75, 1.25], "texture": "#1"},
				"east": {"uv": [3.75, 1.5, 4.375, 2.125], "texture": "#1"},
				"south": {"uv": [0, 9.125, 1, 9.75], "texture": "#1"},
				"west": {"uv": [9.625, 9.625, 10.25, 10.25], "texture": "#1"},
				"up": {"uv": [2.125, 9.75, 1.125, 9.125], "texture": "#1"},
				"down": {"uv": [3.25, 9.125, 2.25, 9.75], "texture": "#1"}
			}
		},
		{
			"from": [0.43934, 0.5, -12.40381],
			"to": [5.43934, 5.5, -2.40381],
			"rotation": {"angle": -45, "axis": "y", "origin": [2.93934, 1.25, -8.40381]},
			"faces": {
				"north": {"uv": [8.625, 9.75, 9.25, 10.375], "texture": "#1"},
				"east": {"uv": [5.25, 7.875, 6.5, 8.5], "texture": "#1"},
				"south": {"uv": [0, 9.875, 0.625, 10.5], "texture": "#1"},
				"west": {"uv": [6.625, 7.875, 7.875, 8.5], "texture": "#1"},
				"up": {"uv": [8.625, 9.125, 8, 7.875], "texture": "#1"},
				"down": {"uv": [5.125, 8.25, 4.5, 9.5], "texture": "#1"}
			}
		},
		{
			"from": [-3.07107, 0, -5.92893],
			"to": [1.92893, 5, 20.07107],
			"rotation": {"angle": -22.5, "axis": "z", "origin": [-0.57107, 2.5, 7.07107]},
			"faces": {
				"north": {"uv": [9.875, 0.625, 10.5, 1.25], "texture": "#1"},
				"east": {"uv": [3.75, 0, 7, 0.625], "texture": "#1"},
				"south": {"uv": [0.75, 9.875, 1.375, 10.5], "texture": "#1"},
				"west": {"uv": [3.75, 0.75, 7, 1.375], "texture": "#1"},
				"up": {"uv": [5.125, 4.75, 4.5, 1.5], "texture": "#1"},
				"down": {"uv": [5.125, 4.875, 4.5, 8.125], "texture": "#1"}
			}
		},
		{
			"from": [3.8786, 0.5, 17.69413],
			"to": [8.8786, 4.5, 22.69413],
			"rotation": {"angle": 22.5, "axis": "y", "origin": [6.3786, 1, 36.35177]},
			"faces": {
				"north": {"uv": [3.75, 11, 4.375, 11.5], "texture": "#1"},
				"east": {"uv": [9.875, 11.125, 10.5, 11.625], "texture": "#1"},
				"south": {"uv": [0, 11.25, 0.625, 11.75], "texture": "#1"},
				"west": {"uv": [0.75, 11.25, 1.375, 11.75], "texture": "#1"},
				"up": {"uv": [2.125, 10.5, 1.5, 9.875], "texture": "#1"},
				"down": {"uv": [2.875, 9.875, 2.25, 10.5], "texture": "#1"}
			}
		},
		{
			"from": [11.30306, 1, 17.458],
			"to": [16.30306, 4, 22.458],
			"rotation": {"angle": 45, "axis": "y", "origin": [13.80306, 1, 36.11564]},
			"faces": {
				"north": {"uv": [5.25, 11.75, 5.875, 12.125], "texture": "#1"},
				"east": {"uv": [6, 11.75, 6.625, 12.125], "texture": "#1"},
				"south": {"uv": [6.75, 11.75, 7.375, 12.125], "texture": "#1"},
				"west": {"uv": [7.5, 11.75, 8.125, 12.125], "texture": "#1"},
				"up": {"uv": [5.875, 10.625, 5.25, 10], "texture": "#1"},
				"down": {"uv": [10.75, 2.75, 10.125, 3.375], "texture": "#1"}
			}
		},
		{
			"from": [7.1214, 0.5, 17.69413],
			"to": [12.1214, 4.5, 22.69413],
			"rotation": {"angle": -22.5, "axis": "y", "origin": [9.6214, 1, 36.35177]},
			"faces": {
				"north": {"uv": [1.5, 11.25, 2.125, 11.75], "texture": "#1"},
				"east": {"uv": [11.25, 1.875, 11.875, 2.375], "texture": "#1"},
				"south": {"uv": [2.25, 11.25, 2.875, 11.75], "texture": "#1"},
				"west": {"uv": [11.25, 5.25, 11.875, 5.75], "texture": "#1"},
				"up": {"uv": [11.125, 7.125, 10.5, 6.5], "texture": "#1"},
				"down": {"uv": [8.875, 10.5, 8.25, 11.125], "texture": "#1"}
			}
		},
		{
			"from": [-0.30306, 1, 17.458],
			"to": [4.69694, 4, 22.458],
			"rotation": {"angle": -45, "axis": "y", "origin": [2.19694, 1, 36.11564]},
			"faces": {
				"north": {"uv": [9, 11.75, 9.625, 12.125], "texture": "#1"},
				"east": {"uv": [9.75, 11.75, 10.375, 12.125], "texture": "#1"},
				"south": {"uv": [11.75, 10.25, 12.375, 10.625], "texture": "#1"},
				"west": {"uv": [11.75, 10.75, 12.375, 11.125], "texture": "#1"},
				"up": {"uv": [11, 10.25, 10.375, 9.625], "texture": "#1"},
				"down": {"uv": [10.75, 10.375, 10.125, 11], "texture": "#1"}
			}
		},
		{
			"from": [14.07107, 0, -5.92893],
			"to": [19.07107, 5, 20.07107],
			"rotation": {"angle": 22.5, "axis": "z", "origin": [16.57107, 2.5, 7.07107]},
			"faces": {
				"north": {"uv": [10.125, 3.5, 10.75, 4.125], "texture": "#1"},
				"east": {"uv": [5.25, 1.5, 8.5, 2.125], "texture": "#1"},
				"south": {"uv": [6, 10.125, 6.625, 10.75], "texture": "#1"},
				"west": {"uv": [5.25, 2.25, 8.5, 2.875], "texture": "#1"},
				"up": {"uv": [5.875, 6.25, 5.25, 3], "texture": "#1"},
				"down": {"uv": [0.625, 5.75, 0, 9], "texture": "#1"}
			}
		},
		{
			"from": [10.56066, 0.5, -12.40381],
			"to": [15.56066, 5.5, -2.40381],
			"rotation": {"angle": 45, "axis": "y", "origin": [13.06066, 1, -8.40381]},
			"faces": {
				"north": {"uv": [6.75, 10.125, 7.375, 10.75], "texture": "#1"},
				"east": {"uv": [0.75, 8.375, 2, 9], "texture": "#1"},
				"south": {"uv": [7.5, 10.125, 8.125, 10.75], "texture": "#1"},
				"west": {"uv": [2.125, 8.375, 3.375, 9], "texture": "#1"},
				"up": {"uv": [9.25, 2.75, 8.625, 1.5], "texture": "#1"},
				"down": {"uv": [5.875, 8.625, 5.25, 9.875], "texture": "#1"}
			}
		},
		{
			"from": [2, 0, 23.19047],
			"to": [14, 5, 28.19047],
			"rotation": {"angle": -45, "axis": "x", "origin": [8, 2.5, 25.69047]},
			"faces": {
				"north": {"uv": [7.125, 0, 8.625, 0.625], "texture": "#1"},
				"east": {"uv": [10.25, 1.375, 10.875, 2], "texture": "#1"},
				"south": {"uv": [7.125, 0.75, 8.625, 1.375], "texture": "#1"},
				"west": {"uv": [9.375, 10.375, 10, 11], "texture": "#1"},
				"up": {"uv": [6.75, 7.75, 5.25, 7.125], "texture": "#1"},
				"down": {"uv": [8.375, 7.125, 6.875, 7.75], "texture": "#1"}
			}
		},
		{
			"from": [5.25, 5.025, 25.75],
			"to": [7.25, 6.025, 27.75],
			"rotation": {"angle": 22.5, "axis": "x", "origin": [6.25, 6.725, 26.5]},
			"faces": {
				"north": {"uv": [10.75, 4.25, 11, 4.375], "texture": "#1"},
				"east": {"uv": [2.625, 12.5, 2.875, 12.625], "texture": "#1"},
				"south": {"uv": [12.5, 7, 12.75, 7.125], "texture": "#1"},
				"west": {"uv": [12.5, 7.25, 12.75, 7.375], "texture": "#1"},
				"up": {"uv": [12.625, 0.25, 12.375, 0], "texture": "#1"},
				"down": {"uv": [12.625, 5.75, 12.375, 6], "texture": "#1"}
			}
		},
		{
			"from": [6.25, 6.025, 25.75],
			"to": [6.25, 8.025, 27.75],
			"rotation": {"angle": 22.5, "axis": "x", "origin": [6.25, 6.725, 26.5]},
			"faces": {
				"north": {"uv": [7.875, 8.625, 7.875, 8.875], "texture": "#1"},
				"east": {"uv": [8.25, 12.375, 8.5, 12.625], "texture": "#1"},
				"south": {"uv": [3.375, 9.125, 3.375, 9.375], "texture": "#1"},
				"west": {"uv": [12.375, 12.25, 12.625, 12.5], "texture": "#1"},
				"up": {"uv": [8.625, 9.5, 8.625, 9.25], "texture": "#1"},
				"down": {"uv": [3.375, 9.5, 3.375, 9.75], "texture": "#1"}
			}
		},
		{
			"from": [-3, 4.575, 6],
			"to": [-1, 6.575, 10],
			"rotation": {"angle": 22.5, "axis": "z", "origin": [-0.75, 6.275, 8]},
			"faces": {
				"north": {"uv": [1.5, 12.5, 1.75, 12.75], "texture": "#1"},
				"east": {"uv": [1.25, 12.125, 1.75, 12.375], "texture": "#1"},
				"south": {"uv": [1.875, 12.5, 2.125, 12.75], "texture": "#1"},
				"west": {"uv": [3.75, 12.25, 4.25, 12.5], "texture": "#1"},
				"up": {"uv": [4.375, 10.875, 4.125, 10.375], "texture": "#1"},
				"down": {"uv": [9.25, 10.5, 9, 11], "texture": "#1"}
			}
		},
		{
			"from": [-2, 6.575, 6],
			"to": [-2, 8.575, 10],
			"rotation": {"angle": 22.5, "axis": "z", "origin": [-0.75, 6.275, 8]},
			"faces": {
				"north": {"uv": [10.5, 12.125, 10.5, 12.375], "texture": "#1"},
				"east": {"uv": [0, 12.125, 0.5, 12.375], "texture": "#1"},
				"south": {"uv": [4.375, 12.375, 4.375, 12.625], "texture": "#1"},
				"west": {"uv": [0.625, 12.125, 1.125, 12.375], "texture": "#1"},
				"up": {"uv": [8.625, 12.875, 8.625, 12.375], "texture": "#1"},
				"down": {"uv": [10.5, 12.5, 10.5, 13], "texture": "#1"}
			}
		},
		{
			"from": [18, 6.575, 6],
			"to": [18, 8.575, 10],
			"rotation": {"angle": -22.5, "axis": "z", "origin": [16.75, 6.275, 8]},
			"faces": {
				"north": {"uv": [12.5, 10.625, 12.5, 10.875], "texture": "#1"},
				"east": {"uv": [5.625, 12.25, 6.125, 12.5], "texture": "#1"},
				"south": {"uv": [12.625, 3.125, 12.625, 3.375], "texture": "#1"},
				"west": {"uv": [6.25, 12.25, 6.75, 12.5], "texture": "#1"},
				"up": {"uv": [3.75, 13.125, 3.75, 12.625], "texture": "#1"},
				"down": {"uv": [3.875, 12.625, 3.875, 13.125], "texture": "#1"}
			}
		},
		{
			"from": [17, 4.575, 6],
			"to": [19, 6.575, 10],
			"rotation": {"angle": -22.5, "axis": "z", "origin": [16.75, 6.275, 8]},
			"faces": {
				"north": {"uv": [12.5, 2, 12.75, 2.25], "texture": "#1"},
				"east": {"uv": [12.25, 4, 12.75, 4.25], "texture": "#1"},
				"south": {"uv": [2.25, 12.5, 2.5, 12.75], "texture": "#1"},
				"west": {"uv": [12.25, 4.375, 12.75, 4.625], "texture": "#1"},
				"up": {"uv": [12.5, 5.25, 12.25, 4.75], "texture": "#1"},
				"down": {"uv": [5.5, 12.25, 5.25, 12.75], "texture": "#1"}
			}
		},
		{
			"from": [9.75, 6.025, 25.75],
			"to": [9.75, 8.025, 27.75],
			"rotation": {"angle": 22.5, "axis": "x", "origin": [10.75, 6.725, 26.5]},
			"faces": {
				"north": {"uv": [4.375, 11.625, 4.375, 11.875], "texture": "#1"},
				"east": {"uv": [0.75, 12.5, 1, 12.75], "texture": "#1"},
				"south": {"uv": [10.5, 11.75, 10.5, 12], "texture": "#1"},
				"west": {"uv": [1.125, 12.5, 1.375, 12.75], "texture": "#1"},
				"up": {"uv": [2.875, 12.125, 2.875, 11.875], "texture": "#1"},
				"down": {"uv": [4.375, 12, 4.375, 12.25], "texture": "#1"}
			}
		},
		{
			"from": [8.75, 5.025, 25.75],
			"to": [10.75, 6.025, 27.75],
			"rotation": {"angle": 22.5, "axis": "x", "origin": [10.75, 6.725, 26.5]},
			"faces": {
				"north": {"uv": [12.5, 9.625, 12.75, 9.75], "texture": "#1"},
				"east": {"uv": [12.5, 9.875, 12.75, 10], "texture": "#1"},
				"south": {"uv": [12.5, 10.125, 12.75, 10.25], "texture": "#1"},
				"west": {"uv": [12.5, 10.375, 12.75, 10.5], "texture": "#1"},
				"up": {"uv": [0.25, 12.75, 0, 12.5], "texture": "#1"},
				"down": {"uv": [0.625, 12.5, 0.375, 12.75], "texture": "#1"}
			}
		},
		{
			"from": [1, 3.5, 0.25],
			"to": [15, 4.5, 3.75],
			"rotation": {"angle": 0, "axis": "y", "origin": [0.5, 0, 0]},
			"faces": {
				"north": {"uv": [11.75, 3.75, 13.5, 3.875], "texture": "#1"},
				"east": {"uv": [10.125, 4.25, 10.5625, 4.375], "texture": "#1"},
				"south": {"uv": [11.75, 11.25, 13.5, 11.375], "texture": "#1"},
				"west": {"uv": [12, 11.75, 12.4375, 11.875], "texture": "#1"},
				"up": {"uv": [10.25, 7.5625, 8.5, 7.125], "texture": "#1"},
				"down": {"uv": [7.75, 8.625, 6, 9.0625], "texture": "#1"}
			}
		},
		{
			"from": [1, 3.5, 13.25],
			"to": [15, 4.5, 16.75],
			"rotation": {"angle": 0, "axis": "y", "origin": [0.5, 0, 0]},
			"faces": {
				"north": {"uv": [0, 11.875, 1.75, 12], "texture": "#1"},
				"east": {"uv": [12.5, 6.5, 12.9375, 6.625], "texture": "#1"},
				"south": {"uv": [11.875, 1.25, 13.625, 1.375], "texture": "#1"},
				"west": {"uv": [12.5, 6.75, 12.9375, 6.875], "texture": "#1"},
				"up": {"uv": [10.375, 6.9375, 8.625, 6.5], "texture": "#1"},
				"down": {"uv": [10.5, 0, 8.75, 0.4375], "texture": "#1"}
			}
		},
		{
			"from": [1.5, 0.75, -8.5],
			"to": [14.5, 2.75, 0.5],
			"rotation": {"angle": 0, "axis": "y", "origin": [0.75, 0, 0]},
			"faces": {
				"north": {"uv": [9.375, 5.875, 11, 6.125], "texture": "#1"},
				"east": {"uv": [11.125, 5.875, 12.25, 6.125], "texture": "#1"},
				"south": {"uv": [9.625, 7.75, 11.25, 8], "texture": "#1"},
				"west": {"uv": [11.375, 7.75, 12.5, 8], "texture": "#1"},
				"up": {"uv": [2.375, 6.875, 0.75, 5.75], "texture": "#1"},
				"down": {"uv": [4.125, 5.75, 2.5, 6.875], "texture": "#1"}
			}
		},
		{
			"from": [1.5, 0.75, 16.5],
			"to": [14.5, 2.75, 24.5],
			"rotation": {"angle": 0, "axis": "y", "origin": [0.75, 0, 0]},
			"faces": {
				"north": {"uv": [9.625, 8.125, 11.25, 8.375], "texture": "#1"},
				"east": {"uv": [10.875, 11.625, 11.875, 11.875], "texture": "#1"},
				"south": {"uv": [9.625, 8.5, 11.25, 8.75], "texture": "#1"},
				"west": {"uv": [11.75, 2.75, 12.75, 3], "texture": "#1"},
				"up": {"uv": [7.625, 4, 6, 3], "texture": "#1"},
				"down": {"uv": [7.625, 4.125, 6, 5.125], "texture": "#1"}
			}
		},
		{
			"from": [1, 0.25, -1.5],
			"to": [15, 1.25, 16.5],
			"rotation": {"angle": 0, "axis": "y", "origin": [1.25, 0, 0]},
			"faces": {
				"north": {"uv": [11.875, 1.5, 13.625, 1.625], "texture": "#1"},
				"east": {"uv": [11.25, 2.5, 13.5, 2.625], "texture": "#1"},
				"south": {"uv": [12, 1.75, 13.75, 1.875], "texture": "#1"},
				"west": {"uv": [11.375, 8.125, 13.625, 8.25], "texture": "#1"},
				"up": {"uv": [1.75, 2.25, 0, 0], "texture": "#1"},
				"down": {"uv": [3.625, 0, 1.875, 2.25], "texture": "#1"}
			}
		},
		{
			"from": [0.18792, -3.1111, -6],
			"to": [8.18792, -2.1111, 20],
			"rotation": {"angle": -22.5, "axis": "z", "origin": [2.93792, -1.6111, 0]},
			"faces": {
				"north": {"uv": [12, 5.5, 13, 5.625], "texture": "#1"},
				"east": {"uv": [9.375, 6.25, 12.625, 6.375], "texture": "#1"},
				"south": {"uv": [12, 7.5, 13, 7.625], "texture": "#1"},
				"west": {"uv": [9.625, 8.875, 12.875, 9], "texture": "#1"},
				"up": {"uv": [1, 5.625, 0, 2.375], "texture": "#1"},
				"down": {"uv": [2.125, 2.375, 1.125, 5.625], "texture": "#1"}
			}
		},
		{
			"from": [6, -4.8611, -6],
			"to": [8, -2.8611, 20],
			"rotation": {"angle": 45, "axis": "z", "origin": [8, -2.8611, 7]},
			"faces": {
				"north": {"uv": [8.25, 10.125, 8.5, 10.375], "texture": "#1"},
				"east": {"uv": [7.75, 4.5, 11, 4.75], "texture": "#1"},
				"south": {"uv": [7.875, 10.875, 8.125, 11.125], "texture": "#1"},
				"west": {"uv": [7.75, 4.875, 11, 5.125], "texture": "#1"},
				"up": {"uv": [4.375, 10.25, 4.125, 7], "texture": "#1"},
				"down": {"uv": [4, 7.625, 3.75, 10.875], "texture": "#1"}
			}
		},
		{
			"from": [-1.5, -1.25, -6],
			"to": [-0.5, 2.75, 20],
			"rotation": {"angle": 45, "axis": "z", "origin": [0, 0, 0]},
			"faces": {
				"north": {"uv": [9.375, 9.75, 9.5, 10.25], "texture": "#1"},
				"east": {"uv": [6, 5.25, 9.25, 5.75], "texture": "#1"},
				"south": {"uv": [11.875, 12.25, 12, 12.75], "texture": "#1"},
				"west": {"uv": [6, 5.875, 9.25, 6.375], "texture": "#1"},
				"up": {"uv": [3.625, 11.625, 3.5, 8.375], "texture": "#1"},
				"down": {"uv": [4.625, 9.625, 4.5, 12.875], "texture": "#1"}
			}
		},
		{
			"from": [16.5, -1.25, -6],
			"to": [17.5, 2.75, 20],
			"rotation": {"angle": -45, "axis": "z", "origin": [16, 0, 0]},
			"faces": {
				"north": {"uv": [12.125, 12.25, 12.25, 12.75], "texture": "#1"},
				"east": {"uv": [5.25, 6.5, 8.5, 7], "texture": "#1"},
				"south": {"uv": [12.375, 3.125, 12.5, 3.625], "texture": "#1"},
				"west": {"uv": [0.75, 7, 4, 7.5], "texture": "#1"},
				"up": {"uv": [4.875, 12.875, 4.75, 9.625], "texture": "#1"},
				"down": {"uv": [5.125, 9.625, 5, 12.875], "texture": "#1"}
			}
		},
		{
			"from": [7.81208, -3.1111, -6],
			"to": [15.81208, -2.1111, 20],
			"rotation": {"angle": 22.5, "axis": "z", "origin": [13.06208, -1.6111, 0]},
			"faces": {
				"north": {"uv": [11.375, 12, 12.375, 12.125], "texture": "#1"},
				"east": {"uv": [9.625, 9.125, 12.875, 9.25], "texture": "#1"},
				"south": {"uv": [12, 11.5, 13, 11.625], "texture": "#1"},
				"west": {"uv": [9.625, 9.375, 12.875, 9.5], "texture": "#1"},
				"up": {"uv": [3.25, 5.625, 2.25, 2.375], "texture": "#1"},
				"down": {"uv": [4.375, 2.375, 3.375, 5.625], "texture": "#1"}
			}
		},
		{
			"from": [5, -0.3562, 18.84984],
			"to": [11, 3.6438, 25.84984],
			"rotation": {"angle": -22.5, "axis": "x", "origin": [8, 0.1438, 28.84984]},
			"faces": {
				"north": {"uv": [10.375, 2.125, 11.125, 2.625], "texture": "#1"},
				"east": {"uv": [9.375, 2.125, 10.25, 2.625], "texture": "#1"},
				"south": {"uv": [10.375, 5.25, 11.125, 5.75], "texture": "#1"},
				"west": {"uv": [9.375, 5.25, 10.25, 5.75], "texture": "#1"},
				"up": {"uv": [9.5, 8.625, 8.75, 7.75], "texture": "#1"},
				"down": {"uv": [9.5, 8.75, 8.75, 9.625], "texture": "#1"}
			}
		},
		{
			"from": [5, -1.3562, -9.84984],
			"to": [11, 2.6438, -4.84984],
			"rotation": {"angle": 22.5, "axis": "x", "origin": [8, 0.1438, -12.84984]},
			"faces": {
				"north": {"uv": [5.25, 10.875, 6, 11.375], "texture": "#1"},
				"east": {"uv": [11.25, 6.5, 11.875, 7], "texture": "#1"},
				"south": {"uv": [6.125, 10.875, 6.875, 11.375], "texture": "#1"},
				"west": {"uv": [11.25, 7.125, 11.875, 7.625], "texture": "#1"},
				"up": {"uv": [10, 4.375, 9.25, 3.75], "texture": "#1"},
				"down": {"uv": [10.125, 1.375, 9.375, 2], "texture": "#1"}
			}
		},
		{
			"from": [5, -1.815, -11.76118],
			"to": [11, 2.185, -7.76118],
			"rotation": {"angle": -22.5, "axis": "x", "origin": [8, 0.685, -9.76118]},
			"faces": {
				"north": {"uv": [11.125, 4, 11.875, 4.5], "texture": "#1"},
				"east": {"uv": [3.75, 11.625, 4.25, 12.125], "texture": "#1"},
				"south": {"uv": [11.125, 4.625, 11.875, 5.125], "texture": "#1"},
				"west": {"uv": [11.75, 3.125, 12.25, 3.625], "texture": "#1"},
				"up": {"uv": [9.75, 11.625, 9, 11.125], "texture": "#1"},
				"down": {"uv": [11.875, 9.625, 11.125, 10.125], "texture": "#1"}
			}
		},
		{
			"from": [-0.5, -1.8562, 18.84984],
			"to": [5.5, 2.1438, 24.84984],
			"rotation": {"angle": -22.5, "axis": "z", "origin": [2.25, -1.3562, 28.84984]},
			"faces": {
				"north": {"uv": [0, 10.625, 0.75, 11.125], "texture": "#1"},
				"east": {"uv": [10.625, 0, 11.375, 0.5], "texture": "#1"},
				"south": {"uv": [10.625, 0.625, 11.375, 1.125], "texture": "#1"},
				"west": {"uv": [0.875, 10.625, 1.625, 11.125], "texture": "#1"},
				"up": {"uv": [10, 3.625, 9.25, 2.875], "texture": "#1"},
				"down": {"uv": [6.75, 9.25, 6, 10], "texture": "#1"}
			}
		},
		{
			"from": [10.5, -1.8562, 18.84984],
			"to": [16.5, 2.1438, 24.84984],
			"rotation": {"angle": 22.5, "axis": "z", "origin": [13.75, -1.3562, 28.84984]},
			"faces": {
				"north": {"uv": [1.75, 10.625, 2.5, 11.125], "texture": "#1"},
				"east": {"uv": [2.625, 10.625, 3.375, 11.125], "texture": "#1"},
				"south": {"uv": [10.875, 2.75, 11.625, 3.25], "texture": "#1"},
				"west": {"uv": [10.875, 3.375, 11.625, 3.875], "texture": "#1"},
				"up": {"uv": [7.625, 10, 6.875, 9.25], "texture": "#1"},
				"down": {"uv": [8.5, 9.25, 7.75, 10], "texture": "#1"}
			}
		},
		{
			"from": [10.5, -1.8562, -8.90016],
			"to": [16.5, 2.1438, -5.90016],
			"rotation": {"angle": 22.5, "axis": "z", "origin": [13.75, -1.3562, -1.90016]},
			"faces": {
				"north": {"uv": [11, 1.25, 11.75, 1.75], "texture": "#1"},
				"east": {"uv": [1.875, 11.875, 2.25, 12.375], "texture": "#1"},
				"south": {"uv": [10.875, 11, 11.625, 11.5], "texture": "#1"},
				"west": {"uv": [2.375, 11.875, 2.75, 12.375], "texture": "#1"},
				"up": {"uv": [12.125, 8.75, 11.375, 8.375], "texture": "#1"},
				"down": {"uv": [12.25, 0, 11.5, 0.375], "texture": "#1"}
			}
		},
		{
			"from": [-0.5, -1.8562, -8.90016],
			"to": [5.5, 2.1438, -5.90016],
			"rotation": {"angle": -22.5, "axis": "z", "origin": [2.25, -1.3562, -1.90016]},
			"faces": {
				"north": {"uv": [7, 10.875, 7.75, 11.375], "texture": "#1"},
				"east": {"uv": [3, 9.875, 3.375, 10.375], "texture": "#1"},
				"south": {"uv": [10.875, 10.375, 11.625, 10.875], "texture": "#1"},
				"west": {"uv": [8.25, 11.75, 8.625, 12.25], "texture": "#1"},
				"up": {"uv": [11.125, 7.625, 10.375, 7.25], "texture": "#1"},
				"down": {"uv": [8.625, 11.25, 7.875, 11.625], "texture": "#1"}
			}
		},
		{
			"from": [-3.34708, 4.30425, -4],
			"to": [-2.34708, 5.30425, 14],
			"rotation": {"angle": -45, "axis": "z", "origin": [-2.84708, 4.80425, 5]},
			"faces": {
				"north": {"uv": [4.25, 6.5, 4.375, 6.625], "texture": "#1"},
				"east": {"uv": [11.5, 0.5, 13.75, 0.625], "texture": "#1"},
				"south": {"uv": [4.25, 6.75, 4.375, 6.875], "texture": "#1"},
				"west": {"uv": [11.5, 0.75, 13.75, 0.875], "texture": "#1"},
				"up": {"uv": [10.75, 13.375, 10.625, 11.125], "texture": "#1"},
				"down": {"uv": [3.125, 11.25, 3, 13.5], "texture": "#1"}
			}
		},
		{
			"from": [18.34708, 4.30425, -4],
			"to": [19.34708, 5.30425, 14],
			"rotation": {"angle": 45, "axis": "z", "origin": [18.84708, 4.80425, 5]},
			"faces": {
				"north": {"uv": [4.375, 6.5, 4.25, 6.625], "texture": "#1"},
				"east": {"uv": [13.75, 0.75, 11.5, 0.875], "texture": "#1"},
				"south": {"uv": [4.375, 6.75, 4.25, 6.875], "texture": "#1"},
				"west": {"uv": [13.75, 0.5, 11.5, 0.625], "texture": "#1"},
				"up": {"uv": [10.625, 13.375, 10.75, 11.125], "texture": "#1"},
				"down": {"uv": [3, 11.25, 3.125, 13.5], "texture": "#1"}
			}
		},
		{
			"from": [-4.28369, 3.05017, 14],
			"to": [-2.28369, 6.05017, 17],
			"rotation": {"angle": -45, "axis": "z", "origin": [-2.75869, 4.15017, 13]},
			"faces": {
				"north": {"uv": [6.875, 12.25, 7.125, 12.625], "texture": "#1"},
				"east": {"uv": [12, 2, 12.375, 2.375], "texture": "#1"},
				"south": {"uv": [7.25, 12.25, 7.5, 12.625], "texture": "#1"},
				"west": {"uv": [12, 6.5, 12.375, 6.875], "texture": "#1"},
				"up": {"uv": [7.875, 12.625, 7.625, 12.25], "texture": "#1"},
				"down": {"uv": [12.5, 8.375, 12.25, 8.75], "texture": "#1"}
			}
		},
		{
			"from": [-3.78369, 2.05017, 16],
			"to": [-2.78369, 7.05017, 27],
			"rotation": {"angle": -45, "axis": "z", "origin": [-2.75869, 4.15017, 13]},
			"faces": {
				"north": {"uv": [4.25, 5.75, 4.375, 6.375], "texture": "#1"},
				"east": {"uv": [0.75, 7.625, 2.125, 8.25], "texture": "#1"},
				"south": {"uv": [8, 12.25, 8.125, 12.875], "texture": "#1"},
				"west": {"uv": [2.25, 7.625, 3.625, 8.25], "texture": "#1"},
				"up": {"uv": [3.625, 13.125, 3.5, 11.75], "texture": "#1"},
				"down": {"uv": [12.125, 4, 12, 5.375], "texture": "#1"}
			}
		},
		{
			"from": [18.28369, 3.05017, 14],
			"to": [20.28369, 6.05017, 17],
			"rotation": {"angle": 45, "axis": "z", "origin": [18.75869, 4.15017, 13]},
			"faces": {
				"north": {"uv": [9, 12.25, 9.25, 12.625], "texture": "#1"},
				"east": {"uv": [12, 7, 12.375, 7.375], "texture": "#1"},
				"south": {"uv": [9.375, 12.25, 9.625, 12.625], "texture": "#1"},
				"west": {"uv": [12, 9.625, 12.375, 10], "texture": "#1"},
				"up": {"uv": [10, 12.625, 9.75, 12.25], "texture": "#1"},
				"down": {"uv": [10.375, 12.25, 10.125, 12.625], "texture": "#1"}
			}
		},
		{
			"from": [18.78369, 2.05017, 16],
			"to": [19.78369, 7.05017, 27],
			"rotation": {"angle": 45, "axis": "z", "origin": [18.75869, 4.15017, 13]},
			"faces": {
				"north": {"uv": [11.375, 12.25, 11.5, 12.875], "texture": "#1"},
				"east": {"uv": [7.75, 3, 9.125, 3.625], "texture": "#1"},
				"south": {"uv": [11.625, 12.25, 11.75, 12.875], "texture": "#1"},
				"west": {"uv": [7.75, 3.75, 9.125, 4.375], "texture": "#1"},
				"up": {"uv": [11, 13.375, 10.875, 12], "texture": "#1"},
				"down": {"uv": [11.25, 12, 11.125, 13.375], "texture": "#1"}
			}
		}
	],
	"display": {
		"thirdperson_righthand": {
			"rotation": [75, 45, 0],
			"translation": [0, 2.5, 0],
			"scale": [0.375, 0.375, 0.375]
		},
		"thirdperson_lefthand": {
			"rotation": [75, 45, 0],
			"translation": [0, 2.5, 0],
			"scale": [0.375, 0.375, 0.375]
		},
		"firstperson_righthand": {
			"rotation": [0, 45, 0],
			"scale": [0.4, 0.4, 0.4]
		},
		"firstperson_lefthand": {
			"rotation": [0, 225, 0],
			"scale": [0.4, 0.4, 0.4]
		},
		"ground": {
			"translation": [0, 3, 0],
			"scale": [0.25, 0.25, 0.25]
		},
		"gui": {
			"rotation": [30, 225, 0],
			"translation": [0, 1.75, 0],
			"scale": [0.35, 0.35, 0.35]
		},
		"head": {
			"translation": [0, -3.25, 2],
			"scale": [3.3, 3.3, 3.3]
		},
		"fixed": {
			"scale": [0.5, 0.5, 0.5]
		}
	},
	"groups": [
		{
			"name": "group",
			"origin": [12.62212, 0.5, 24.69047],
			"color": 0,
			"nbt": "{}",
			"children": [0, 1, 2, 3, 4, 5, 6, 7, 8, 9, 10, 11, 12, 13, 14, 15, 16, 17]
		},
		18,
		19,
		20,
		21,
		22,
		{
			"name": "group",
			"origin": [0, 0, 0],
			"color": 0,
			"nbt": "{}",
			"children": [23, 24, 25, 26, 27, 28, 29, 30, 31, 32, 33, 34]
		},
		35,
		36,
		37,
		38,
		39,
		40
	]
}