{
	"credit": "www.sebxter.pl",
	"texture_size": [128, 128],
	"textures": {
		"1": "vehicles/cars/boat_2"
	},
	"elements": [
		{
			"from": [14.655, 6.4094, -13.78198],
			"to": [16.545, 8.9294, -11.26198],
			"rotation": {"angle": 22.5, "axis": "y", "origin": [8, 5.03115, 7.39151]},
			"faces": {
				"north": {"uv": [11, 0.75, 11.1875, 1], "texture": "#1"},
				"east": {"uv": [5.25, 6.625, 5.5, 6.875], "texture": "#1"},
				"south": {"uv": [11, 7.25, 11.1875, 7.5], "texture": "#1"},
				"west": {"uv": [8.75, 5.25, 9, 5.5], "texture": "#1"},
				"up": {"uv": [9.5625, 11.25, 9.375, 11], "texture": "#1"},
				"down": {"uv": [10.1875, 11, 10, 11.25], "texture": "#1"}
			}
		},
		{
			"from": [7.79181, 3.8894, -15.44028],
			"to": [8.20819, 8.9294, -14.81028],
			"rotation": {"angle": 0, "axis": "y", "origin": [8, 5.03115, 7.39151]},
			"faces": {
				"north": {"uv": [11.75, 11.875, 11.8125, 12.375], "texture": "#1"},
				"east": {"uv": [12, 0.75, 12.0625, 1.25], "texture": "#1"},
				"south": {"uv": [12, 1.375, 12.0625, 1.875], "texture": "#1"},
				"west": {"uv": [12, 2, 12.0625, 2.5], "texture": "#1"},
				"up": {"uv": [0.5625, 12.5625, 0.5, 12.5], "texture": "#1"},
				"down": {"uv": [12.5625, 0.75, 12.5, 0.8125], "texture": "#1"}
			}
		},
		{
			"from": [-0.78132, 5.12458, 6.89821],
			"to": [1.73868, 8.90458, 18.23821],
			"rotation": {"angle": 22.5, "axis": "z", "origin": [8, 5.03115, 7.39151]},
			"faces": {
				"north": {"uv": [9.75, 8.125, 10, 8.5], "texture": "#1"},
				"east": {"uv": [3.25, 5.625, 4.375, 6], "texture": "#1"},
				"south": {"uv": [9.875, 5.375, 10.125, 5.75], "texture": "#1"},
				"west": {"uv": [4.5, 5.625, 5.625, 6], "texture": "#1"},
				"up": {"uv": [5.875, 8.5, 5.625, 7.375], "texture": "#1"},
				"down": {"uv": [6.25, 7.375, 6, 8.5], "texture": "#1"}
			}
		},
		{
			"from": [-0.94826, 1.56074, 6.89821],
			"to": [0.31174, 5.34074, 18.23821],
			"rotation": {"angle": -22.5, "axis": "z", "origin": [8, 5.03115, 7.39151]},
			"faces": {
				"north": {"uv": [9.75, 11.5, 9.875, 11.875], "texture": "#1"},
				"east": {"uv": [5.75, 5.625, 6.875, 6], "texture": "#1"},
				"south": {"uv": [11.5, 10.375, 11.625, 10.75], "texture": "#1"},
				"west": {"uv": [5.875, 4.25, 7, 4.625], "texture": "#1"},
				"up": {"uv": [0.625, 10.125, 0.5, 9], "texture": "#1"},
				"down": {"uv": [6.5, 9, 6.375, 10.125], "texture": "#1"}
			}
		},
		{
			"from": [15.68826, 1.56074, 6.89821],
			"to": [16.94826, 5.34074, 18.23821],
			"rotation": {"angle": 22.5, "axis": "z", "origin": [8, 5.03115, 7.39151]},
			"faces": {
				"north": {"uv": [9.875, 11.5, 9.75, 11.875], "texture": "#1"},
				"east": {"uv": [7, 4.25, 5.875, 4.625], "texture": "#1"},
				"south": {"uv": [11.625, 10.375, 11.5, 10.75], "texture": "#1"},
				"west": {"uv": [6.875, 5.625, 5.75, 6], "texture": "#1"},
				"up": {"uv": [0.5, 10.125, 0.625, 9], "texture": "#1"},
				"down": {"uv": [6.375, 9, 6.5, 10.125], "texture": "#1"}
			}
		},
		{
			"from": [14.26132, 5.12458, 6.89821],
			"to": [16.78132, 8.90458, 18.23821],
			"rotation": {"angle": -22.5, "axis": "z", "origin": [8, 5.03115, 7.39151]},
			"faces": {
				"north": {"uv": [10, 8.125, 9.75, 8.5], "texture": "#1"},
				"east": {"uv": [5.625, 5.625, 4.5, 6], "texture": "#1"},
				"south": {"uv": [10.125, 5.375, 9.875, 5.75], "texture": "#1"},
				"west": {"uv": [4.375, 5.625, 3.25, 6], "texture": "#1"},
				"up": {"uv": [5.625, 8.5, 5.875, 7.375], "texture": "#1"},
				"down": {"uv": [6, 7.375, 6.25, 8.5], "texture": "#1"}
			}
		},
		{
			"from": [-0.82, 2.3144, 18.23821],
			"to": [0.44, 3.5744, 22.01821],
			"rotation": {"angle": 0, "axis": "y", "origin": [8, 5.03115, 7.39151]},
			"faces": {
				"north": {"uv": [12.125, 4.625, 12.25, 4.75], "texture": "#1"},
				"east": {"uv": [9.375, 3.75, 9.75, 3.875], "texture": "#1"},
				"south": {"uv": [6.25, 12.125, 6.375, 12.25], "texture": "#1"},
				"west": {"uv": [11, 7.625, 11.375, 7.75], "texture": "#1"},
				"up": {"uv": [4.75, 1.625, 4.625, 1.25], "texture": "#1"},
				"down": {"uv": [3.375, 5.125, 3.25, 5.5], "texture": "#1"}
			}
		},
		{
			"from": [-0.82, 2.6294, 22.01821],
			"to": [0.44, 3.5744, 26.42821],
			"rotation": {"angle": 0, "axis": "y", "origin": [8, 5.03115, 7.39151]},
			"faces": {
				"north": {"uv": [6.5, 12.125, 6.625, 12.25], "texture": "#1"},
				"east": {"uv": [5.875, 4.75, 6.3125, 4.875], "texture": "#1"},
				"south": {"uv": [6.75, 12.125, 6.875, 12.25], "texture": "#1"},
				"west": {"uv": [7.25, 0.75, 7.6875, 0.875], "texture": "#1"},
				"up": {"uv": [11.125, 5.4375, 11, 5], "texture": "#1"},
				"down": {"uv": [11.125, 5.625, 11, 6.0625], "texture": "#1"}
			}
		},
		{
			"from": [-0.82, 3.5744, 18.23821],
			"to": [0.44, 8.6144, 27.05821],
			"rotation": {"angle": 0, "axis": "y", "origin": [8, 5.03115, 7.39151]},
			"faces": {
				"north": {"uv": [8.875, 10.5, 9, 11], "texture": "#1"},
				"east": {"uv": [0, 4.875, 0.875, 5.375], "texture": "#1"},
				"south": {"uv": [9.125, 10.5, 9.25, 11], "texture": "#1"},
				"west": {"uv": [4.875, 4.375, 5.75, 4.875], "texture": "#1"},
				"up": {"uv": [2.125, 10.5, 2, 9.625], "texture": "#1"},
				"down": {"uv": [5.125, 9.625, 5, 10.5], "texture": "#1"}
			}
		},
		{
			"from": [15.56, 3.5744, 18.23821],
			"to": [16.82, 8.6144, 27.05821],
			"rotation": {"angle": 0, "axis": "y", "origin": [8, 5.03115, 7.39151]},
			"faces": {
				"north": {"uv": [5, 10.625, 5.125, 11.125], "texture": "#1"},
				"east": {"uv": [0, 5.5, 0.875, 6], "texture": "#1"},
				"south": {"uv": [10.75, 7.25, 10.875, 7.75], "texture": "#1"},
				"west": {"uv": [5.5, 5, 6.375, 5.5], "texture": "#1"},
				"up": {"uv": [10, 3, 9.875, 2.125], "texture": "#1"},
				"down": {"uv": [10, 3.75, 9.875, 4.625], "texture": "#1"}
			}
		},
		{
			"from": [15.56, 2.3144, 18.23821],
			"to": [16.82, 3.5744, 22.01821],
			"rotation": {"angle": 0, "axis": "y", "origin": [8, 5.03115, 7.39151]},
			"faces": {
				"north": {"uv": [12.25, 5.375, 12.375, 5.5], "texture": "#1"},
				"east": {"uv": [11.25, 0, 11.625, 0.125], "texture": "#1"},
				"south": {"uv": [12.25, 5.625, 12.375, 5.75], "texture": "#1"},
				"west": {"uv": [3.625, 11.25, 4, 11.375], "texture": "#1"},
				"up": {"uv": [4.25, 11.625, 4.125, 11.25], "texture": "#1"},
				"down": {"uv": [4.5, 11.25, 4.375, 11.625], "texture": "#1"}
			}
		},
		{
			"from": [15.56, 2.6294, 22.01821],
			"to": [16.82, 3.5744, 26.42821],
			"rotation": {"angle": 0, "axis": "y", "origin": [8, 5.03115, 7.39151]},
			"faces": {
				"north": {"uv": [12.25, 4.875, 12.375, 5], "texture": "#1"},
				"east": {"uv": [10.75, 10.125, 11.1875, 10.25], "texture": "#1"},
				"south": {"uv": [12.25, 5.125, 12.375, 5.25], "texture": "#1"},
				"west": {"uv": [10.875, 8.875, 11.3125, 9], "texture": "#1"},
				"up": {"uv": [6.375, 11.4375, 6.25, 11], "texture": "#1"},
				"down": {"uv": [6.625, 11, 6.5, 11.4375], "texture": "#1"}
			}
		},
		{
			"from": [-0.505, 11.45776, 24.18992],
			"to": [0.755, 15.86776, 26.70992],
			"rotation": {"angle": 22.5, "axis": "x", "origin": [8, 5.03115, 7.39151]},
			"faces": {
				"north": {"uv": [9.75, 10.875, 9.875, 11.3125], "texture": "#1"},
				"east": {"uv": [9.625, 8.875, 9.875, 9.3125], "texture": "#1"},
				"south": {"uv": [1.875, 11, 2, 11.4375], "texture": "#1"},
				"west": {"uv": [9.625, 9.5, 9.875, 9.9375], "texture": "#1"},
				"up": {"uv": [5.5, 8.5, 5.375, 8.25], "texture": "#1"},
				"down": {"uv": [3.75, 9.25, 3.625, 9.5], "texture": "#1"}
			}
		},
		{
			"from": [-0.19, 19.28571, 21.0924],
			"to": [1.07, 22.43571, 23.6124],
			"rotation": {"angle": 45, "axis": "x", "origin": [8, 5.03115, 7.39151]},
			"faces": {
				"north": {"uv": [0.5, 11.625, 0.625, 11.9375], "texture": "#1"},
				"east": {"uv": [10, 10.125, 10.25, 10.4375], "texture": "#1"},
				"south": {"uv": [0.75, 11.625, 0.875, 11.9375], "texture": "#1"},
				"west": {"uv": [0.375, 10.25, 0.625, 10.5625], "texture": "#1"},
				"up": {"uv": [11.75, 8.875, 11.625, 8.625], "texture": "#1"},
				"down": {"uv": [11.875, 2.25, 11.75, 2.5], "texture": "#1"}
			}
		},
		{
			"from": [0.125, 4.60813, 28.64829],
			"to": [1.385, 5.86813, 31.16829],
			"rotation": {"angle": 0, "axis": "y", "origin": [8, 5.03115, 7.39151]},
			"faces": {
				"north": {"uv": [6, 1, 6.125, 1.125], "texture": "#1"},
				"east": {"uv": [7.125, 4.5, 7.375, 4.625], "texture": "#1"},
				"south": {"uv": [9.625, 5.375, 9.75, 5.5], "texture": "#1"},
				"west": {"uv": [9, 2.25, 9.25, 2.375], "texture": "#1"},
				"up": {"uv": [11.875, 10.625, 11.75, 10.375], "texture": "#1"},
				"down": {"uv": [4.75, 11.875, 4.625, 12.125], "texture": "#1"}
			}
		},
		{
			"from": [0.44, -4.45865, 23.84151],
			"to": [1.7, -3.19865, 29.19651],
			"rotation": {"angle": -22.5, "axis": "x", "origin": [8, 5.03115, 7.39151]},
			"faces": {
				"north": {"uv": [0.75, 12.125, 0.875, 12.25], "texture": "#1"},
				"east": {"uv": [10.5, 1.75, 11.0625, 1.875], "texture": "#1"},
				"south": {"uv": [2.375, 12.125, 2.5, 12.25], "texture": "#1"},
				"west": {"uv": [10.5, 2, 11.0625, 2.125], "texture": "#1"},
				"up": {"uv": [1.5, 11.0625, 1.375, 10.5], "texture": "#1"},
				"down": {"uv": [1.75, 10.5, 1.625, 11.0625], "texture": "#1"}
			}
		},
		{
			"from": [15.245, 11.45776, 24.18992],
			"to": [16.505, 15.86776, 26.70992],
			"rotation": {"angle": 22.5, "axis": "x", "origin": [8, 5.03115, 7.39151]},
			"faces": {
				"north": {"uv": [6.75, 11, 6.875, 11.4375], "texture": "#1"},
				"east": {"uv": [9.75, 0, 10, 0.4375], "texture": "#1"},
				"south": {"uv": [7, 11, 7.125, 11.4375], "texture": "#1"},
				"west": {"uv": [9.75, 6.25, 10, 6.6875], "texture": "#1"},
				"up": {"uv": [12.25, 0.625, 12.125, 0.375], "texture": "#1"},
				"down": {"uv": [0.625, 12.125, 0.5, 12.375], "texture": "#1"}
			}
		},
		{
			"from": [14.93, 19.28571, 21.0924],
			"to": [16.19, 22.43571, 23.6124],
			"rotation": {"angle": 45, "axis": "x", "origin": [8, 5.03115, 7.39151]},
			"faces": {
				"north": {"uv": [6.5, 11.625, 6.625, 11.9375], "texture": "#1"},
				"east": {"uv": [10.5, 0, 10.75, 0.3125], "texture": "#1"},
				"south": {"uv": [6.75, 11.625, 6.875, 11.9375], "texture": "#1"},
				"west": {"uv": [10.5, 1.25, 10.75, 1.5625], "texture": "#1"},
				"up": {"uv": [12.25, 0.25, 12.125, 0], "texture": "#1"},
				"down": {"uv": [0.375, 12.125, 0.25, 12.375], "texture": "#1"}
			}
		},
		{
			"from": [14.615, 4.60813, 28.64829],
			"to": [15.875, 5.86813, 31.16829],
			"rotation": {"angle": 0, "axis": "y", "origin": [8, 5.03115, 7.39151]},
			"faces": {
				"north": {"uv": [12.375, 0, 12.5, 0.125], "texture": "#1"},
				"east": {"uv": [12, 4.375, 12.25, 4.5], "texture": "#1"},
				"south": {"uv": [12.375, 0.25, 12.5, 0.375], "texture": "#1"},
				"west": {"uv": [12, 6.375, 12.25, 6.5], "texture": "#1"},
				"up": {"uv": [12.125, 10.625, 12, 10.375], "texture": "#1"},
				"down": {"uv": [12.125, 11.875, 12, 12.125], "texture": "#1"}
			}
		},
		{
			"from": [14.3, -4.45865, 23.84151],
			"to": [15.56, -3.19865, 29.19651],
			"rotation": {"angle": -22.5, "axis": "x", "origin": [8, 5.03115, 7.39151]},
			"faces": {
				"north": {"uv": [12, 12.25, 12.125, 12.375], "texture": "#1"},
				"east": {"uv": [10.5, 2.25, 11.0625, 2.375], "texture": "#1"},
				"south": {"uv": [12.25, 12.125, 12.375, 12.25], "texture": "#1"},
				"west": {"uv": [10.5, 2.5, 11.0625, 2.625], "texture": "#1"},
				"up": {"uv": [8.5, 11.0625, 8.375, 10.5], "texture": "#1"},
				"down": {"uv": [8.75, 10.5, 8.625, 11.0625], "texture": "#1"}
			}
		},
		{
			"from": [15.56, 1.6844, -4.44179],
			"to": [16.82, 7.9844, 6.89821],
			"rotation": {"angle": 0, "axis": "y", "origin": [8, 5.03115, 7.39151]},
			"faces": {
				"north": {"uv": [4.75, 10, 4.875, 10.625], "texture": "#1"},
				"east": {"uv": [1.625, 3.5, 2.75, 4.125], "texture": "#1"},
				"south": {"uv": [9.75, 10.125, 9.875, 10.75], "texture": "#1"},
				"west": {"uv": [2.875, 3.625, 4, 4.25], "texture": "#1"},
				"up": {"uv": [6.25, 9.75, 6.125, 8.625], "texture": "#1"},
				"down": {"uv": [0.875, 8.75, 0.75, 9.875], "texture": "#1"}
			}
		},
		{
			"from": [-0.82, 1.6844, -4.44179],
			"to": [0.44, 7.9844, 6.89821],
			"rotation": {"angle": 0, "axis": "y", "origin": [8, 5.03115, 7.39151]},
			"faces": {
				"north": {"uv": [10.375, 10.375, 10.5, 11], "texture": "#1"},
				"east": {"uv": [0, 4.125, 1.125, 4.75], "texture": "#1"},
				"south": {"uv": [1.125, 10.5, 1.25, 11.125], "texture": "#1"},
				"west": {"uv": [4.125, 3.625, 5.25, 4.25], "texture": "#1"},
				"up": {"uv": [1.125, 9.875, 1, 8.75], "texture": "#1"},
				"down": {"uv": [6.875, 8.875, 6.75, 10], "texture": "#1"}
			}
		},
		{
			"from": [0.44, 6.4094, -7.27679],
			"to": [15.56, 7.6694, 2.80321],
			"rotation": {"angle": 0, "axis": "y", "origin": [8, 5.03115, 7.39151]},
			"faces": {
				"north": {"uv": [8.25, 3, 9.75, 3.125], "texture": "#1"},
				"east": {"uv": [9.25, 8.625, 10.25, 8.75], "texture": "#1"},
				"south": {"uv": [8.25, 3.25, 9.75, 3.375], "texture": "#1"},
				"west": {"uv": [9.375, 3.5, 10.375, 3.625], "texture": "#1"},
				"up": {"uv": [1.5, 3.375, 0, 2.375], "texture": "#1"},
				"down": {"uv": [3.125, 2.375, 1.625, 3.375], "texture": "#1"}
			}
		},
		{
			"from": [0.44, 2.9444, 3.43321],
			"to": [15.56, 5.2124, 26.11321],
			"rotation": {"angle": 0, "axis": "y", "origin": [8, 5.03115, 7.39151]},
			"faces": {
				"north": {"uv": [5.75, 6.125, 7.25, 6.375], "texture": "#1"},
				"east": {"uv": [4.875, 1.875, 7.125, 2.125], "texture": "#1"},
				"south": {"uv": [6.25, 1, 7.75, 1.25], "texture": "#1"},
				"west": {"uv": [4.875, 2.25, 7.125, 2.5], "texture": "#1"},
				"up": {"uv": [1.5, 2.25, 0, 0], "texture": "#1"},
				"down": {"uv": [3.125, 0, 1.625, 2.25], "texture": "#1"}
			}
		},
		{
			"from": [1.07, 3.8894, 26.11321],
			"to": [14.93, 4.8974, 29.89321],
			"rotation": {"angle": 0, "axis": "y", "origin": [8, 5.03115, 7.39151]},
			"faces": {
				"north": {"uv": [8.375, 7.5, 9.75, 7.625], "texture": "#1"},
				"east": {"uv": [11.375, 7.25, 11.75, 7.375], "texture": "#1"},
				"south": {"uv": [8.375, 7.75, 9.75, 7.875], "texture": "#1"},
				"west": {"uv": [11.375, 10.125, 11.75, 10.25], "texture": "#1"},
				"up": {"uv": [6.25, 3, 4.875, 2.625], "texture": "#1"},
				"down": {"uv": [6.25, 3.125, 4.875, 3.5], "texture": "#1"}
			}
		},
		{
			"from": [25.03387, 3.89192, 18.40488],
			"to": [28.80883, 4.89488, 22.17984],
			"rotation": {"angle": -45, "axis": "y", "origin": [8, 5.03115, 7.39151]},
			"faces": {
				"north": {"uv": [11.5, 2.75, 11.875, 2.875], "texture": "#1"},
				"east": {"uv": [11.5, 4.875, 11.875, 5], "texture": "#1"},
				"south": {"uv": [11.5, 5.125, 11.875, 5.25], "texture": "#1"},
				"west": {"uv": [11.5, 5.375, 11.875, 5.5], "texture": "#1"},
				"up": {"uv": [5.25, 9.5, 4.875, 9.125], "texture": "#1"},
				"down": {"uv": [9.5, 5, 9.125, 5.375], "texture": "#1"}
			}
		},
		{
			"from": [-12.80883, 3.89192, 18.40488],
			"to": [-9.03387, 4.89488, 22.17984],
			"rotation": {"angle": 45, "axis": "y", "origin": [8, 5.03115, 7.39151]},
			"faces": {
				"north": {"uv": [11.5, 5.625, 11.875, 5.75], "texture": "#1"},
				"east": {"uv": [11.5, 5.875, 11.875, 6], "texture": "#1"},
				"south": {"uv": [11.5, 6.125, 11.875, 6.25], "texture": "#1"},
				"west": {"uv": [11.5, 6.375, 11.875, 6.5], "texture": "#1"},
				"up": {"uv": [9.5, 6.25, 9.125, 5.875], "texture": "#1"},
				"down": {"uv": [9.5, 8.875, 9.125, 9.25], "texture": "#1"}
			}
		},
		{
			"from": [0.44, 3.75022, 3.82508],
			"to": [15.56, 8.79022, 5.08508],
			"rotation": {"angle": -22.5, "axis": "x", "origin": [8, 5.03115, 7.39151]},
			"faces": {
				"north": {"uv": [3.25, 1.75, 4.75, 2.25], "texture": "#1"},
				"east": {"uv": [10.5, 4.125, 10.625, 4.625], "texture": "#1"},
				"south": {"uv": [3.25, 2.375, 4.75, 2.875], "texture": "#1"},
				"west": {"uv": [10.5, 8, 10.625, 8.5], "texture": "#1"},
				"up": {"uv": [9, 5.125, 7.5, 5], "texture": "#1"},
				"down": {"uv": [9.375, 1.5, 7.875, 1.625], "texture": "#1"}
			}
		},
		{
			"from": [-4.67703, 3.2594, -6.46577],
			"to": [-2.15703, 8.2994, -0.16577],
			"rotation": {"angle": -22.5, "axis": "y", "origin": [8, 5.03115, 7.39151]},
			"faces": {
				"north": {"uv": [9.25, 0.75, 9.5, 1.25], "texture": "#1"},
				"east": {"uv": [1.5, 6.5, 2.125, 7], "texture": "#1"},
				"south": {"uv": [7, 9.25, 7.25, 9.75], "texture": "#1"},
				"west": {"uv": [2.25, 6.625, 2.875, 7.125], "texture": "#1"},
				"up": {"uv": [1.5, 9, 1.25, 8.375], "texture": "#1"},
				"down": {"uv": [1.875, 8.375, 1.625, 9], "texture": "#1"}
			}
		},
		{
			"from": [-9.01499, 3.5744, -6.85966],
			"to": [-6.49499, 8.6144, -0.55966],
			"rotation": {"angle": -45, "axis": "y", "origin": [8, 5.03115, 7.39151]},
			"faces": {
				"north": {"uv": [9.375, 0, 9.625, 0.5], "texture": "#1"},
				"east": {"uv": [3, 6.625, 3.625, 7.125], "texture": "#1"},
				"south": {"uv": [2.25, 9.375, 2.5, 9.875], "texture": "#1"},
				"west": {"uv": [3.75, 6.625, 4.375, 7.125], "texture": "#1"},
				"up": {"uv": [2.25, 9, 2, 8.375], "texture": "#1"},
				"down": {"uv": [3.375, 8.5, 3.125, 9.125], "texture": "#1"}
			}
		},
		{
			"from": [-0.545, 6.4094, -13.78198],
			"to": [1.345, 8.9294, -11.26198],
			"rotation": {"angle": -22.5, "axis": "y", "origin": [8, 5.03115, 7.39151]},
			"faces": {
				"north": {"uv": [11.125, 6.625, 11.3125, 6.875], "texture": "#1"},
				"east": {"uv": [10.75, 3.5, 11, 3.75], "texture": "#1"},
				"south": {"uv": [11.125, 7.875, 11.3125, 8.125], "texture": "#1"},
				"west": {"uv": [10.75, 3.875, 11, 4.125], "texture": "#1"},
				"up": {"uv": [11.3125, 8.5, 11.125, 8.25], "texture": "#1"},
				"down": {"uv": [9.0625, 11.125, 8.875, 11.375], "texture": "#1"}
			}
		},
		{
			"from": [22.49499, 3.5744, -6.85966],
			"to": [25.01499, 8.6144, -0.55966],
			"rotation": {"angle": 45, "axis": "y", "origin": [8, 5.03115, 7.39151]},
			"faces": {
				"north": {"uv": [9.375, 8, 9.625, 8.5], "texture": "#1"},
				"east": {"uv": [0, 6.875, 0.625, 7.375], "texture": "#1"},
				"south": {"uv": [8.125, 9.375, 8.375, 9.875], "texture": "#1"},
				"west": {"uv": [0.75, 6.875, 1.375, 7.375], "texture": "#1"},
				"up": {"uv": [5.625, 9.25, 5.375, 8.625], "texture": "#1"},
				"down": {"uv": [6, 8.625, 5.75, 9.25], "texture": "#1"}
			}
		},
		{
			"from": [5.25859, 4.33292, -8.41038],
			"to": [7.77355, 8.10788, -7.15542],
			"rotation": {"angle": -22.5, "axis": "y", "origin": [8, 5.03115, 7.39151]},
			"faces": {
				"north": {"uv": [9, 10, 9.25, 10.375], "texture": "#1"},
				"east": {"uv": [2.375, 11.125, 2.5, 11.5], "texture": "#1"},
				"south": {"uv": [10, 9.125, 10.25, 9.5], "texture": "#1"},
				"west": {"uv": [10.375, 11.125, 10.5, 11.5], "texture": "#1"},
				"up": {"uv": [12.25, 2.75, 12, 2.625], "texture": "#1"},
				"down": {"uv": [12.25, 2.875, 12, 3], "texture": "#1"}
			}
		},
		{
			"from": [8.22645, 4.33292, -8.41038],
			"to": [10.74141, 8.10788, -7.15542],
			"rotation": {"angle": 22.5, "axis": "y", "origin": [8, 5.03115, 7.39151]},
			"faces": {
				"north": {"uv": [10, 9.625, 10.25, 10], "texture": "#1"},
				"east": {"uv": [10.625, 11.125, 10.75, 11.5], "texture": "#1"},
				"south": {"uv": [0, 10.125, 0.25, 10.5], "texture": "#1"},
				"west": {"uv": [10.875, 11.125, 11, 11.5], "texture": "#1"},
				"up": {"uv": [12.25, 3.25, 12, 3.125], "texture": "#1"},
				"down": {"uv": [12.25, 3.375, 12, 3.5], "texture": "#1"}
			}
		},
		{
			"from": [2.96, 4.3304, -13.36987],
			"to": [13.04, 8.1104, -7.06987],
			"rotation": {"angle": 0, "axis": "y", "origin": [8, 5.03115, 7.39151]},
			"faces": {
				"south": {"uv": [4.625, 6.125, 5.625, 6.5], "texture": "#1"},
				"up": {"uv": [2.25, 4.875, 1.25, 4.25], "texture": "#1"}
			}
		},
		{
			"from": [18.15703, 3.2594, -6.46577],
			"to": [20.67703, 8.2994, -0.16577],
			"rotation": {"angle": 22.5, "axis": "y", "origin": [8, 5.03115, 7.39151]},
			"faces": {
				"north": {"uv": [7.375, 9.375, 7.625, 9.875], "texture": "#1"},
				"east": {"uv": [4.5, 6.625, 5.125, 7.125], "texture": "#1"},
				"south": {"uv": [7.75, 9.375, 8, 9.875], "texture": "#1"},
				"west": {"uv": [6.75, 6.5, 7.375, 7], "texture": "#1"},
				"up": {"uv": [2.625, 9.25, 2.375, 8.625], "texture": "#1"},
				"down": {"uv": [3, 8.625, 2.75, 9.25], "texture": "#1"}
			}
		},
		{
			"from": [14.37703, 1.9994, -3.94577],
			"to": [20.67703, 3.2594, -0.16577],
			"rotation": {"angle": 22.5, "axis": "y", "origin": [8, 5.03115, 7.39151]},
			"faces": {
				"north": {"uv": [10.125, 2.875, 10.75, 3], "texture": "#1"},
				"east": {"uv": [11, 10.375, 11.375, 10.5], "texture": "#1"},
				"south": {"uv": [10.25, 0.5, 10.875, 0.625], "texture": "#1"},
				"west": {"uv": [11, 10.625, 11.375, 10.75], "texture": "#1"},
				"up": {"uv": [8.125, 6.875, 7.5, 6.5], "texture": "#1"},
				"down": {"uv": [3.125, 7.625, 2.5, 8], "texture": "#1"}
			}
		},
		{
			"from": [14.37703, 2.3144, -6.46577],
			"to": [20.67703, 3.2594, -3.94577],
			"rotation": {"angle": 22.5, "axis": "y", "origin": [8, 5.03115, 7.39151]},
			"faces": {
				"north": {"uv": [10.25, 0.75, 10.875, 0.875], "texture": "#1"},
				"east": {"uv": [10.625, 5.75, 10.875, 5.875], "texture": "#1"},
				"south": {"uv": [10.25, 1, 10.875, 1.125], "texture": "#1"},
				"west": {"uv": [11.625, 7, 11.875, 7.125], "texture": "#1"},
				"up": {"uv": [9.125, 4.25, 8.5, 4], "texture": "#1"},
				"down": {"uv": [8.625, 8.5, 8, 8.75], "texture": "#1"}
			}
		},
		{
			"from": [18.71499, 2.6294, -3.07966],
			"to": [25.01499, 3.5744, -0.55966],
			"rotation": {"angle": 45, "axis": "y", "origin": [8, 5.03115, 7.39151]},
			"faces": {
				"north": {"uv": [1.125, 10.25, 1.75, 10.375], "texture": "#1"},
				"east": {"uv": [11.75, 4.625, 12, 4.75], "texture": "#1"},
				"south": {"uv": [3.625, 10.25, 4.25, 10.375], "texture": "#1"},
				"west": {"uv": [11.875, 6.625, 12.125, 6.75], "texture": "#1"},
				"up": {"uv": [9.25, 0.25, 8.625, 0], "texture": "#1"},
				"down": {"uv": [9.25, 0.375, 8.625, 0.625], "texture": "#1"}
			}
		},
		{
			"from": [17.45499, 2.9444, -5.59966],
			"to": [25.01499, 3.5744, -3.07966],
			"rotation": {"angle": 45, "axis": "y", "origin": [8, 5.03115, 7.39151]},
			"faces": {
				"north": {"uv": [11, 10.875, 11.75, 10.9375], "texture": "#1"},
				"east": {"uv": [12.125, 7.25, 12.375, 7.3125], "texture": "#1"},
				"south": {"uv": [11.125, 3.125, 11.875, 3.1875], "texture": "#1"},
				"west": {"uv": [12.125, 7.5, 12.375, 7.5625], "texture": "#1"},
				"up": {"uv": [3, 6, 2.25, 5.75], "texture": "#1"},
				"down": {"uv": [0.75, 6.125, 0, 6.375], "texture": "#1"}
			}
		},
		{
			"from": [17.45499, 3.2594, -6.85966],
			"to": [25.01499, 3.5744, -5.59966],
			"rotation": {"angle": 45, "axis": "y", "origin": [8, 5.03115, 7.39151]},
			"faces": {
				"north": {"uv": [11.125, 3.375, 11.875, 3.4375], "texture": "#1"},
				"east": {"uv": [0.75, 12.375, 0.875, 12.4375], "texture": "#1"},
				"south": {"uv": [11.125, 3.625, 11.875, 3.6875], "texture": "#1"},
				"west": {"uv": [12.375, 2.875, 12.5, 2.9375], "texture": "#1"},
				"up": {"uv": [10.625, 3.25, 9.875, 3.125], "texture": "#1"},
				"down": {"uv": [10.625, 4.75, 9.875, 4.875], "texture": "#1"}
			}
		},
		{
			"from": [0.085, 3.5744, -13.78198],
			"to": [1.345, 6.4094, -11.26198],
			"rotation": {"angle": -22.5, "axis": "y", "origin": [8, 5.03115, 7.39151]},
			"faces": {
				"north": {"uv": [1.875, 11.625, 2, 11.9375], "texture": "#1"},
				"east": {"uv": [10.25, 5, 10.5, 5.3125], "texture": "#1"},
				"south": {"uv": [2.125, 11.625, 2.25, 11.9375], "texture": "#1"},
				"west": {"uv": [10.25, 5.5, 10.5, 5.8125], "texture": "#1"},
				"up": {"uv": [12, 7.5, 11.875, 7.25], "texture": "#1"},
				"down": {"uv": [12, 7.625, 11.875, 7.875], "texture": "#1"}
			}
		},
		{
			"from": [14.655, 3.5744, -13.78198],
			"to": [15.915, 6.4094, -11.26198],
			"rotation": {"angle": 22.5, "axis": "y", "origin": [8, 5.03115, 7.39151]},
			"faces": {
				"north": {"uv": [2.375, 11.625, 2.5, 11.9375], "texture": "#1"},
				"east": {"uv": [10.375, 9.375, 10.625, 9.6875], "texture": "#1"},
				"south": {"uv": [6.25, 11.625, 6.375, 11.9375], "texture": "#1"},
				"west": {"uv": [10.375, 9.875, 10.625, 10.1875], "texture": "#1"},
				"up": {"uv": [11.625, 12.125, 11.5, 11.875], "texture": "#1"},
				"down": {"uv": [12, 11.5, 11.875, 11.75], "texture": "#1"}
			}
		},
		{
			"from": [-9.01499, 3.2594, -6.85966],
			"to": [-1.45499, 3.5744, -5.59966],
			"rotation": {"angle": -45, "axis": "y", "origin": [8, 5.03115, 7.39151]},
			"faces": {
				"north": {"uv": [11.125, 9.625, 11.875, 9.6875], "texture": "#1"},
				"east": {"uv": [12.375, 4.375, 12.5, 4.4375], "texture": "#1"},
				"south": {"uv": [11.125, 9.875, 11.875, 9.9375], "texture": "#1"},
				"west": {"uv": [12.375, 4.625, 12.5, 4.6875], "texture": "#1"},
				"up": {"uv": [8.875, 10.125, 8.125, 10], "texture": "#1"},
				"down": {"uv": [10.75, 8.875, 10, 9], "texture": "#1"}
			}
		},
		{
			"from": [-9.01499, 2.9444, -5.59966],
			"to": [-1.45499, 3.5744, -3.07966],
			"rotation": {"angle": -45, "axis": "y", "origin": [8, 5.03115, 7.39151]},
			"faces": {
				"north": {"uv": [11.125, 9.125, 11.875, 9.1875], "texture": "#1"},
				"east": {"uv": [12.25, 1.75, 12.5, 1.8125], "texture": "#1"},
				"south": {"uv": [11.125, 9.375, 11.875, 9.4375], "texture": "#1"},
				"west": {"uv": [12.25, 2, 12.5, 2.0625], "texture": "#1"},
				"up": {"uv": [8.625, 5.5, 7.875, 5.25], "texture": "#1"},
				"down": {"uv": [3.875, 8.125, 3.125, 8.375], "texture": "#1"}
			}
		},
		{
			"from": [-9.01499, 2.6294, -3.07966],
			"to": [-2.71499, 3.5744, -0.55966],
			"rotation": {"angle": -45, "axis": "y", "origin": [8, 5.03115, 7.39151]},
			"faces": {
				"north": {"uv": [10.375, 8.625, 11, 8.75], "texture": "#1"},
				"east": {"uv": [11.875, 11, 12.125, 11.125], "texture": "#1"},
				"south": {"uv": [10.375, 9.125, 11, 9.25], "texture": "#1"},
				"west": {"uv": [11.875, 11.25, 12.125, 11.375], "texture": "#1"},
				"up": {"uv": [9.25, 8.25, 8.625, 8], "texture": "#1"},
				"down": {"uv": [4.5, 8.75, 3.875, 9], "texture": "#1"}
			}
		},
		{
			"from": [-4.67703, 2.3144, -6.46577],
			"to": [1.62297, 3.2594, -3.94577],
			"rotation": {"angle": -22.5, "axis": "y", "origin": [8, 5.03115, 7.39151]},
			"faces": {
				"north": {"uv": [10.375, 6.75, 11, 6.875], "texture": "#1"},
				"east": {"uv": [11.875, 10.125, 12.125, 10.25], "texture": "#1"},
				"south": {"uv": [10.375, 7, 11, 7.125], "texture": "#1"},
				"west": {"uv": [11.875, 10.75, 12.125, 10.875], "texture": "#1"},
				"up": {"uv": [9.25, 2.75, 8.625, 2.5], "texture": "#1"},
				"down": {"uv": [9.25, 7, 8.625, 7.25], "texture": "#1"}
			}
		},
		{
			"from": [-4.67703, 1.9994, -3.94577],
			"to": [1.62297, 3.2594, -0.16577],
			"rotation": {"angle": -22.5, "axis": "y", "origin": [8, 5.03115, 7.39151]},
			"faces": {
				"north": {"uv": [10.25, 6, 10.875, 6.125], "texture": "#1"},
				"east": {"uv": [11.125, 7, 11.5, 7.125], "texture": "#1"},
				"south": {"uv": [8.125, 10.25, 8.75, 10.375], "texture": "#1"},
				"west": {"uv": [11.125, 8.625, 11.5, 8.75], "texture": "#1"},
				"up": {"uv": [3.875, 8, 3.25, 7.625], "texture": "#1"},
				"down": {"uv": [8.25, 7.5, 7.625, 7.875], "texture": "#1"}
			}
		},
		{
			"from": [-0.545, 3.8894, -13.78198],
			"to": [0.085, 6.4094, -11.26198],
			"rotation": {"angle": -22.5, "axis": "y", "origin": [8, 5.03115, 7.39151]},
			"faces": {
				"north": {"uv": [12.125, 7.75, 12.1875, 8], "texture": "#1"},
				"east": {"uv": [10.5, 6.25, 10.75, 6.5], "texture": "#1"},
				"south": {"uv": [12.125, 8.125, 12.1875, 8.375], "texture": "#1"},
				"west": {"uv": [0, 10.625, 0.25, 10.875], "texture": "#1"},
				"up": {"uv": [12.1875, 8.75, 12.125, 8.5], "texture": "#1"},
				"down": {"uv": [12.1875, 11.5, 12.125, 11.75], "texture": "#1"}
			}
		},
		{
			"from": [15.915, 3.8894, -13.78198],
			"to": [16.545, 6.4094, -11.26198],
			"rotation": {"angle": 22.5, "axis": "y", "origin": [8, 5.03115, 7.39151]},
			"faces": {
				"north": {"uv": [12.25, 2.25, 12.3125, 2.5], "texture": "#1"},
				"east": {"uv": [10.75, 4.25, 11, 4.5], "texture": "#1"},
				"south": {"uv": [12.25, 3.625, 12.3125, 3.875], "texture": "#1"},
				"west": {"uv": [4.625, 10.75, 4.875, 11], "texture": "#1"},
				"up": {"uv": [12.3125, 4.25, 12.25, 4], "texture": "#1"},
				"down": {"uv": [4.6875, 12.25, 4.625, 12.5], "texture": "#1"}
			}
		},
		{
			"from": [7.37, 2.1569, -16],
			"to": [8.63, 8.4569, -13.57679],
			"rotation": {"angle": 0, "axis": "y", "origin": [8, 5.03115, 7.39151]},
			"faces": {
				"north": {"uv": [6.375, 10.25, 6.5, 10.875], "texture": "#1"},
				"east": {"uv": [3.5, 8.5, 3.75, 9.125], "texture": "#1"},
				"south": {"uv": [10.25, 7.375, 10.375, 8], "texture": "#1"},
				"west": {"uv": [8.625, 1.75, 8.875, 2.375], "texture": "#1"},
				"up": {"uv": [12, 8.25, 11.875, 8], "texture": "#1"},
				"down": {"uv": [12, 8.375, 11.875, 8.625], "texture": "#1"}
			}
		},
		{
			"from": [7.37, 8.84427, -15.40878],
			"to": [8.63, 11.36427, -12.88878],
			"rotation": {"angle": -22.5, "axis": "x", "origin": [8, 5.03115, 7.39151]},
			"faces": {
				"north": {"uv": [8.75, 11.875, 8.875, 12.125], "texture": "#1"},
				"east": {"uv": [1.875, 10.625, 2.125, 10.875], "texture": "#1"},
				"south": {"uv": [11.875, 8.75, 12, 9], "texture": "#1"},
				"west": {"uv": [10.625, 5, 10.875, 5.25], "texture": "#1"},
				"up": {"uv": [9.125, 12.125, 9, 11.875], "texture": "#1"},
				"down": {"uv": [9.375, 11.875, 9.25, 12.125], "texture": "#1"}
			}
		},
		{
			"from": [6.74, -0.17128, -15.13243],
			"to": [9.26, 3.60872, -11.35243],
			"rotation": {"angle": 0, "axis": "y", "origin": [8, 5.03115, 7.39151]},
			"faces": {
				"north": {"uv": [2.625, 10, 2.875, 10.375], "texture": "#1"},
				"east": {"uv": [7.125, 8.75, 7.5, 9.125], "texture": "#1"},
				"south": {"uv": [4.375, 10, 4.625, 10.375], "texture": "#1"},
				"west": {"uv": [8.75, 8.375, 9.125, 8.75], "texture": "#1"},
				"up": {"uv": [5.5, 10.375, 5.25, 10], "texture": "#1"},
				"down": {"uv": [5.875, 10, 5.625, 10.375], "texture": "#1"}
			}
		},
		{
			"from": [9.89497, 0.70692, -13.87243],
			"to": [11.15497, 4.48692, -11.35243],
			"rotation": {"angle": -22.5, "axis": "z", "origin": [8, 5.03115, 7.39151]},
			"faces": {
				"north": {"uv": [11.125, 11.125, 11.25, 11.5], "texture": "#1"},
				"east": {"uv": [10.125, 0, 10.375, 0.375], "texture": "#1"},
				"south": {"uv": [1.125, 11.25, 1.25, 11.625], "texture": "#1"},
				"west": {"uv": [10.125, 1.375, 10.375, 1.75], "texture": "#1"},
				"up": {"uv": [3.75, 12.25, 3.625, 12], "texture": "#1"},
				"down": {"uv": [12.125, 3.625, 12, 3.875], "texture": "#1"}
			}
		},
		{
			"from": [4.84503, 0.70692, -13.87243],
			"to": [6.10503, 4.48692, -11.35243],
			"rotation": {"angle": 22.5, "axis": "z", "origin": [8, 5.03115, 7.39151]},
			"faces": {
				"north": {"uv": [11.25, 1.125, 11.375, 1.5], "texture": "#1"},
				"east": {"uv": [10.125, 1.875, 10.375, 2.25], "texture": "#1"},
				"south": {"uv": [1.375, 11.25, 1.5, 11.625], "texture": "#1"},
				"west": {"uv": [10.125, 2.375, 10.375, 2.75], "texture": "#1"},
				"up": {"uv": [4, 12.25, 3.875, 12], "texture": "#1"},
				"down": {"uv": [12.125, 4, 12, 4.25], "texture": "#1"}
			}
		},
		{
			"from": [4.14244, 0.65698, -11.35243],
			"to": [5.40244, 4.43698, -7.57243],
			"rotation": {"angle": 22.5, "axis": "z", "origin": [8, 5.03115, 7.39151]},
			"faces": {
				"north": {"uv": [1.625, 11.25, 1.75, 11.625], "texture": "#1"},
				"east": {"uv": [1.25, 9.125, 1.625, 9.5], "texture": "#1"},
				"south": {"uv": [11.25, 1.625, 11.375, 2], "texture": "#1"},
				"west": {"uv": [1.75, 9.125, 2.125, 9.5], "texture": "#1"},
				"up": {"uv": [11.375, 2.5, 11.25, 2.125], "texture": "#1"},
				"down": {"uv": [2.75, 11.25, 2.625, 11.625], "texture": "#1"}
			}
		},
		{
			"from": [2.09394, 2.68891, -7.57243],
			"to": [4.61394, 7.72891, 1.24757],
			"rotation": {"angle": 45, "axis": "z", "origin": [8, 5.03115, 7.39151]},
			"faces": {
				"north": {"uv": [8.5, 9.375, 8.75, 9.875], "texture": "#1"},
				"east": {"uv": [3.5, 5, 4.375, 5.5], "texture": "#1"},
				"south": {"uv": [8.875, 9.375, 9.125, 9.875], "texture": "#1"},
				"west": {"uv": [4.5, 5, 5.375, 5.5], "texture": "#1"},
				"up": {"uv": [8.125, 3.875, 7.875, 3], "texture": "#1"},
				"down": {"uv": [0.25, 8, 0, 8.875], "texture": "#1"}
			}
		},
		{
			"from": [11.38606, 2.68891, -7.57243],
			"to": [13.90606, 7.72891, 1.24757],
			"rotation": {"angle": -45, "axis": "z", "origin": [8, 5.03115, 7.39151]},
			"faces": {
				"north": {"uv": [9.25, 9.375, 9.5, 9.875], "texture": "#1"},
				"east": {"uv": [2.25, 5.125, 3.125, 5.625], "texture": "#1"},
				"south": {"uv": [0, 9.5, 0.25, 10], "texture": "#1"},
				"west": {"uv": [5.375, 3.625, 6.25, 4.125], "texture": "#1"},
				"up": {"uv": [0.625, 8.875, 0.375, 8], "texture": "#1"},
				"down": {"uv": [6.625, 8, 6.375, 8.875], "texture": "#1"}
			}
		},
		{
			"from": [10.59756, 0.65698, -11.35243],
			"to": [11.85756, 4.43698, -7.57243],
			"rotation": {"angle": -22.5, "axis": "z", "origin": [8, 5.03115, 7.39151]},
			"faces": {
				"north": {"uv": [11.25, 2.625, 11.375, 3], "texture": "#1"},
				"east": {"uv": [3.875, 9.125, 4.25, 9.5], "texture": "#1"},
				"south": {"uv": [2.875, 11.25, 3, 11.625], "texture": "#1"},
				"west": {"uv": [4.375, 9.125, 4.75, 9.5], "texture": "#1"},
				"up": {"uv": [3.25, 11.625, 3.125, 11.25], "texture": "#1"},
				"down": {"uv": [3.5, 11.25, 3.375, 11.625], "texture": "#1"}
			}
		},
		{
			"from": [6.11, -0.48628, -11.35243],
			"to": [9.89, 3.29372, -7.57243],
			"rotation": {"angle": 0, "axis": "y", "origin": [8, 5.03115, 7.39151]},
			"faces": {
				"north": {"uv": [8.875, 3.5, 9.25, 3.875], "texture": "#1"},
				"east": {"uv": [7.625, 8.875, 8, 9.25], "texture": "#1"},
				"south": {"uv": [8.125, 8.875, 8.5, 9.25], "texture": "#1"},
				"west": {"uv": [8.625, 8.875, 9, 9.25], "texture": "#1"},
				"up": {"uv": [0.375, 9.375, 0, 9], "texture": "#1"},
				"down": {"uv": [9.375, 1.75, 9, 2.125], "texture": "#1"}
			}
		},
		{
			"from": [5.48, -0.80128, -7.57243],
			"to": [10.52, 2.97872, 1.24757],
			"rotation": {"angle": 0, "axis": "y", "origin": [8, 5.03115, 7.39151]},
			"faces": {
				"north": {"uv": [8, 2.5, 8.5, 2.875], "texture": "#1"},
				"east": {"uv": [6.5, 4.75, 7.375, 5.125], "texture": "#1"},
				"south": {"uv": [8, 7, 8.5, 7.375], "texture": "#1"},
				"west": {"uv": [5.75, 6.5, 6.625, 6.875], "texture": "#1"},
				"up": {"uv": [1.5, 5.875, 1, 5], "texture": "#1"},
				"down": {"uv": [2.125, 5, 1.625, 5.875], "texture": "#1"}
			}
		},
		{
			"from": [15.87752, 6.87371, 3.71267],
			"to": [16.50248, 9.38867, 4.96763],
			"rotation": {"angle": 22.5, "axis": "x", "origin": [8, 5.03115, 7.39151]},
			"faces": {
				"north": {"uv": [12.25, 0.75, 12.3125, 1], "texture": "#1"},
				"east": {"uv": [9.5, 11.875, 9.625, 12.125], "texture": "#1"},
				"south": {"uv": [12.25, 1.125, 12.3125, 1.375], "texture": "#1"},
				"west": {"uv": [10, 11.875, 10.125, 12.125], "texture": "#1"},
				"up": {"uv": [12.4375, 3.25, 12.375, 3.125], "texture": "#1"},
				"down": {"uv": [12.4375, 3.375, 12.375, 3.5], "texture": "#1"}
			}
		},
		{
			"from": [15.875, 3.87051, 2.32186],
			"to": [16.505, 9.54051, 3.58186],
			"rotation": {"angle": 45, "axis": "x", "origin": [8, 5.03115, 7.39151]},
			"faces": {
				"north": {"uv": [7, 11.625, 7.0625, 12.1875], "texture": "#1"},
				"east": {"uv": [2.625, 10.5, 2.75, 11.0625], "texture": "#1"},
				"south": {"uv": [10.25, 11.625, 10.3125, 12.1875], "texture": "#1"},
				"west": {"uv": [2.875, 10.5, 3, 11.0625], "texture": "#1"},
				"up": {"uv": [3.6875, 12.5, 3.625, 12.375], "texture": "#1"},
				"down": {"uv": [3.9375, 12.375, 3.875, 12.5], "texture": "#1"}
			}
		},
		{
			"from": [-0.50248, 6.87371, 3.71267],
			"to": [0.12248, 9.38867, 4.96763],
			"rotation": {"angle": 22.5, "axis": "x", "origin": [8, 5.03115, 7.39151]},
			"faces": {
				"north": {"uv": [12.25, 6.625, 12.3125, 6.875], "texture": "#1"},
				"east": {"uv": [12, 4.875, 12.125, 5.125], "texture": "#1"},
				"south": {"uv": [8.75, 12.25, 8.8125, 12.5], "texture": "#1"},
				"west": {"uv": [12, 5.25, 12.125, 5.5], "texture": "#1"},
				"up": {"uv": [6.5625, 12.5, 6.5, 12.375], "texture": "#1"},
				"down": {"uv": [6.8125, 12.375, 6.75, 12.5], "texture": "#1"}
			}
		},
		{
			"from": [-0.505, 3.87051, 2.32186],
			"to": [0.125, 9.54051, 3.58186],
			"rotation": {"angle": 45, "axis": "x", "origin": [8, 5.03115, 7.39151]},
			"faces": {
				"north": {"uv": [10.5, 11.625, 10.5625, 12.1875], "texture": "#1"},
				"east": {"uv": [3.125, 10.5, 3.25, 11.0625], "texture": "#1"},
				"south": {"uv": [10.75, 11.625, 10.8125, 12.1875], "texture": "#1"},
				"west": {"uv": [3.375, 10.5, 3.5, 11.0625], "texture": "#1"},
				"up": {"uv": [6.3125, 12.5, 6.25, 12.375], "texture": "#1"},
				"down": {"uv": [12.4375, 6.375, 12.375, 6.5], "texture": "#1"}
			}
		},
		{
			"from": [7.685, 2.0886, 0.53995],
			"to": [8.315, 7.7586, 1.79995],
			"rotation": {"angle": 45, "axis": "x", "origin": [8, 5.03115, 7.39151]},
			"faces": {
				"north": {"uv": [11, 11.625, 11.0625, 12.1875], "texture": "#1"},
				"east": {"uv": [10.5, 3.375, 10.625, 3.9375], "texture": "#1"},
				"south": {"uv": [11.625, 11.125, 11.6875, 11.6875], "texture": "#1"},
				"west": {"uv": [3.625, 10.5, 3.75, 11.0625], "texture": "#1"},
				"up": {"uv": [12.4375, 8.125, 12.375, 8], "texture": "#1"},
				"down": {"uv": [12.4375, 8.25, 12.375, 8.375], "texture": "#1"}
			}
		},
		{
			"from": [5.795, 2.0886, 0.85495],
			"to": [10.205, 7.7586, 1.48495],
			"rotation": {"angle": 45, "axis": "x", "origin": [8, 5.03115, 7.39151]},
			"faces": {
				"north": {"uv": [1.25, 7.625, 1.6875, 8.1875], "texture": "#1"},
				"east": {"uv": [11.25, 11.625, 11.3125, 12.1875], "texture": "#1"},
				"south": {"uv": [1.875, 7.625, 2.3125, 8.1875], "texture": "#1"},
				"west": {"uv": [11.75, 0.75, 11.8125, 1.3125], "texture": "#1"},
				"up": {"uv": [12.4375, 9.9375, 12, 9.875], "texture": "#1"},
				"down": {"uv": [2.1875, 12.125, 1.75, 12.1875], "texture": "#1"}
			}
		},
		{
			"from": [9.89, 2.4036, 1.16995],
			"to": [11.78, 8.0736, 1.79995],
			"rotation": {"angle": 45, "axis": "x", "origin": [8, 5.03115, 7.39151]},
			"faces": {
				"north": {"uv": [7, 9.875, 7.1875, 10.4375], "texture": "#1"},
				"east": {"uv": [1, 11.75, 1.0625, 12.3125], "texture": "#1"},
				"south": {"uv": [9.875, 7.375, 10.0625, 7.9375], "texture": "#1"},
				"west": {"uv": [1.25, 11.75, 1.3125, 12.3125], "texture": "#1"},
				"up": {"uv": [12.5625, 0.5625, 12.375, 0.5], "texture": "#1"},
				"down": {"uv": [1.9375, 12.375, 1.75, 12.4375], "texture": "#1"}
			}
		},
		{
			"from": [11.78, 2.7186, 1.48495],
			"to": [13.04, 8.3886, 2.11495],
			"rotation": {"angle": 45, "axis": "x", "origin": [8, 5.03115, 7.39151]},
			"faces": {
				"north": {"uv": [3.875, 10.5, 4, 11.0625], "texture": "#1"},
				"east": {"uv": [1.5, 11.75, 1.5625, 12.3125], "texture": "#1"},
				"south": {"uv": [4.125, 10.5, 4.25, 11.0625], "texture": "#1"},
				"west": {"uv": [11.75, 1.5, 11.8125, 2.0625], "texture": "#1"},
				"up": {"uv": [12.5, 8.5625, 12.375, 8.5], "texture": "#1"},
				"down": {"uv": [12.5, 8.75, 12.375, 8.8125], "texture": "#1"}
			}
		},
		{
			"from": [13.04, 3.0336, 1.79995],
			"to": [14.3, 8.7036, 2.42995],
			"rotation": {"angle": 45, "axis": "x", "origin": [8, 5.03115, 7.39151]},
			"faces": {
				"north": {"uv": [4.375, 10.5, 4.5, 11.0625], "texture": "#1"},
				"east": {"uv": [2.625, 11.75, 2.6875, 12.3125], "texture": "#1"},
				"south": {"uv": [5.25, 10.5, 5.375, 11.0625], "texture": "#1"},
				"west": {"uv": [2.875, 11.75, 2.9375, 12.3125], "texture": "#1"},
				"up": {"uv": [9.875, 12.4375, 9.75, 12.375], "texture": "#1"},
				"down": {"uv": [10.375, 12.375, 10.25, 12.4375], "texture": "#1"}
			}
		},
		{
			"from": [14.3, 3.3486, 2.11495],
			"to": [15.56, 9.0186, 2.74495],
			"rotation": {"angle": 45, "axis": "x", "origin": [8, 5.03115, 7.39151]},
			"faces": {
				"north": {"uv": [5.5, 10.5, 5.625, 11.0625], "texture": "#1"},
				"east": {"uv": [3.125, 11.75, 3.1875, 12.3125], "texture": "#1"},
				"south": {"uv": [5.75, 10.5, 5.875, 11.0625], "texture": "#1"},
				"west": {"uv": [3.375, 11.75, 3.4375, 12.3125], "texture": "#1"},
				"up": {"uv": [10.625, 12.4375, 10.5, 12.375], "texture": "#1"},
				"down": {"uv": [10.875, 12.375, 10.75, 12.4375], "texture": "#1"}
			}
		},
		{
			"from": [15.56, 3.6636, 2.42995],
			"to": [16.19, 9.3336, 3.05995],
			"rotation": {"angle": 45, "axis": "x", "origin": [8, 5.03115, 7.39151]},
			"faces": {
				"north": {"uv": [11.75, 3.875, 11.8125, 4.4375], "texture": "#1"},
				"east": {"uv": [4.125, 11.75, 4.1875, 12.3125], "texture": "#1"},
				"south": {"uv": [4.375, 11.75, 4.4375, 12.3125], "texture": "#1"},
				"west": {"uv": [5, 11.75, 5.0625, 12.3125], "texture": "#1"},
				"up": {"uv": [1.0625, 12.5625, 1, 12.5], "texture": "#1"},
				"down": {"uv": [12.5625, 1, 12.5, 1.0625], "texture": "#1"}
			}
		},
		{
			"from": [-0.19, 3.6636, 2.42995],
			"to": [0.44, 9.3336, 3.05995],
			"rotation": {"angle": 45, "axis": "x", "origin": [8, 5.03115, 7.39151]},
			"faces": {
				"north": {"uv": [8.25, 11.75, 8.3125, 12.3125], "texture": "#1"},
				"east": {"uv": [8.5, 11.75, 8.5625, 12.3125], "texture": "#1"},
				"south": {"uv": [0, 11.875, 0.0625, 12.4375], "texture": "#1"},
				"west": {"uv": [11.875, 0, 11.9375, 0.5625], "texture": "#1"},
				"up": {"uv": [1.3125, 12.5625, 1.25, 12.5], "texture": "#1"},
				"down": {"uv": [12.5625, 1.25, 12.5, 1.3125], "texture": "#1"}
			}
		},
		{
			"from": [0.44, 3.3486, 2.11495],
			"to": [1.7, 9.0186, 2.74495],
			"rotation": {"angle": 45, "axis": "x", "origin": [8, 5.03115, 7.39151]},
			"faces": {
				"north": {"uv": [7.875, 10.5, 8, 11.0625], "texture": "#1"},
				"east": {"uv": [7.75, 11.75, 7.8125, 12.3125], "texture": "#1"},
				"south": {"uv": [8.125, 10.5, 8.25, 11.0625], "texture": "#1"},
				"west": {"uv": [8, 11.75, 8.0625, 12.3125], "texture": "#1"},
				"up": {"uv": [12.375, 12.4375, 12.25, 12.375], "texture": "#1"},
				"down": {"uv": [0.375, 12.5, 0.25, 12.5625], "texture": "#1"}
			}
		},
		{
			"from": [1.7, 3.0336, 1.79995],
			"to": [2.96, 8.7036, 2.42995],
			"rotation": {"angle": 45, "axis": "x", "origin": [8, 5.03115, 7.39151]},
			"faces": {
				"north": {"uv": [7.375, 10.5, 7.5, 11.0625], "texture": "#1"},
				"east": {"uv": [7.25, 11.75, 7.3125, 12.3125], "texture": "#1"},
				"south": {"uv": [7.625, 10.5, 7.75, 11.0625], "texture": "#1"},
				"west": {"uv": [7.5, 11.75, 7.5625, 12.3125], "texture": "#1"},
				"up": {"uv": [12.5, 11.4375, 12.375, 11.375], "texture": "#1"},
				"down": {"uv": [12.5, 11.625, 12.375, 11.6875], "texture": "#1"}
			}
		},
		{
			"from": [4.22, 2.4036, 1.16995],
			"to": [6.11, 8.0736, 1.79995],
			"rotation": {"angle": 45, "axis": "x", "origin": [8, 5.03115, 7.39151]},
			"faces": {
				"north": {"uv": [0.75, 10, 0.9375, 10.5625], "texture": "#1"},
				"east": {"uv": [5.75, 11.75, 5.8125, 12.3125], "texture": "#1"},
				"south": {"uv": [2.25, 10, 2.4375, 10.5625], "texture": "#1"},
				"west": {"uv": [6, 11.75, 6.0625, 12.3125], "texture": "#1"},
				"up": {"uv": [2.3125, 12.4375, 2.125, 12.375], "texture": "#1"},
				"down": {"uv": [12.5625, 2.625, 12.375, 2.6875], "texture": "#1"}
			}
		},
		{
			"from": [2.96, 2.7186, 1.48495],
			"to": [4.22, 8.3886, 2.11495],
			"rotation": {"angle": 45, "axis": "x", "origin": [8, 5.03115, 7.39151]},
			"faces": {
				"north": {"uv": [6, 10.5, 6.125, 11.0625], "texture": "#1"},
				"east": {"uv": [5.25, 11.75, 5.3125, 12.3125], "texture": "#1"},
				"south": {"uv": [10.5, 7.25, 10.625, 7.8125], "texture": "#1"},
				"west": {"uv": [5.5, 11.75, 5.5625, 12.3125], "texture": "#1"},
				"up": {"uv": [11.125, 12.4375, 11, 12.375], "texture": "#1"},
				"down": {"uv": [11.375, 12.375, 11.25, 12.4375], "texture": "#1"}
			}
		},
		{
			"from": [7.68752, 5.90935, 1.38449],
			"to": [8.31248, 8.42431, 2.63945],
			"rotation": {"angle": 22.5, "axis": "x", "origin": [8, 5.03115, 7.39151]},
			"faces": {
				"north": {"uv": [9, 12.25, 9.0625, 12.5], "texture": "#1"},
				"east": {"uv": [12, 5.625, 12.125, 5.875], "texture": "#1"},
				"south": {"uv": [12.25, 9.125, 12.3125, 9.375], "texture": "#1"},
				"west": {"uv": [12, 6, 12.125, 6.25], "texture": "#1"},
				"up": {"uv": [7.0625, 12.5, 7, 12.375], "texture": "#1"},
				"down": {"uv": [12.4375, 7.75, 12.375, 7.875], "texture": "#1"}
			}
		},
		{
			"from": [-0.505, 5.6219, 14.14321],
			"to": [0.755, 9.4019, 15.40321],
			"rotation": {"angle": 0, "axis": "y", "origin": [8, 5.03115, 7.39151]},
			"faces": {
				"north": {"uv": [0.375, 11.125, 0.5, 11.5], "texture": "#1"},
				"east": {"uv": [0.625, 11.125, 0.75, 11.5], "texture": "#1"},
				"south": {"uv": [0.875, 11.125, 1, 11.5], "texture": "#1"},
				"west": {"uv": [2.125, 11.125, 2.25, 11.5], "texture": "#1"},
				"up": {"uv": [12.25, 9, 12.125, 8.875], "texture": "#1"},
				"down": {"uv": [12.375, 1.5, 12.25, 1.625], "texture": "#1"}
			}
		},
		{
			"from": [15.245, 5.6219, 14.14321],
			"to": [16.505, 9.4019, 15.40321],
			"rotation": {"angle": 0, "axis": "y", "origin": [8, 5.03115, 7.39151]},
			"faces": {
				"north": {"uv": [5, 11.25, 5.125, 11.625], "texture": "#1"},
				"east": {"uv": [11.25, 5, 11.375, 5.375], "texture": "#1"},
				"south": {"uv": [5.25, 11.25, 5.375, 11.625], "texture": "#1"},
				"west": {"uv": [5.5, 11.25, 5.625, 11.625], "texture": "#1"},
				"up": {"uv": [12.375, 6, 12.25, 5.875], "texture": "#1"},
				"down": {"uv": [12.375, 6.125, 12.25, 6.25], "texture": "#1"}
			}
		},
		{
			"from": [13.02342, 8.06426, 14.14573],
			"to": [14.27838, 11.83922, 15.40069],
			"rotation": {"angle": -22.5, "axis": "z", "origin": [8, 5.03115, 7.39151]},
			"faces": {
				"north": {"uv": [11.25, 5.5, 11.375, 5.875], "texture": "#1"},
				"east": {"uv": [5.75, 11.25, 5.875, 11.625], "texture": "#1"},
				"south": {"uv": [6, 11.25, 6.125, 11.625], "texture": "#1"},
				"west": {"uv": [11.25, 6, 11.375, 6.375], "texture": "#1"},
				"up": {"uv": [12.375, 7.125, 12.25, 7], "texture": "#1"},
				"down": {"uv": [9.375, 12.25, 9.25, 12.375], "texture": "#1"}
			}
		},
		{
			"from": [1.72162, 8.06426, 14.14573],
			"to": [2.97658, 11.83922, 15.40069],
			"rotation": {"angle": 22.5, "axis": "z", "origin": [8, 5.03115, 7.39151]},
			"faces": {
				"north": {"uv": [7.25, 11.25, 7.375, 11.625], "texture": "#1"},
				"east": {"uv": [7.5, 11.25, 7.625, 11.625], "texture": "#1"},
				"south": {"uv": [7.75, 11.25, 7.875, 11.625], "texture": "#1"},
				"west": {"uv": [8, 11.25, 8.125, 11.625], "texture": "#1"},
				"up": {"uv": [9.625, 12.375, 9.5, 12.25], "texture": "#1"},
				"down": {"uv": [12.375, 9.5, 12.25, 9.625], "texture": "#1"}
			}
		},
		{
			"from": [1.07, 5.52468, 14.14321],
			"to": [14.93, 8.04468, 15.40321],
			"rotation": {"angle": 0, "axis": "y", "origin": [8, 5.03115, 7.39151]},
			"faces": {
				"north": {"uv": [6.375, 3, 7.75, 3.25], "texture": "#1"},
				"east": {"uv": [12, 6.875, 12.125, 7.125], "texture": "#1"},
				"south": {"uv": [6.375, 3.375, 7.75, 3.625], "texture": "#1"},
				"west": {"uv": [12, 9.125, 12.125, 9.375], "texture": "#1"},
				"up": {"uv": [9.625, 6.875, 8.25, 6.75], "texture": "#1"},
				"down": {"uv": [9.75, 4.5, 8.375, 4.625], "texture": "#1"}
			}
		},
		{
			"from": [1.07, 5.52468, 23.59321],
			"to": [14.93, 8.04468, 24.85321],
			"rotation": {"angle": 0, "axis": "y", "origin": [8, 5.03115, 7.39151]},
			"faces": {
				"north": {"uv": [6.375, 3.75, 7.75, 4], "texture": "#1"},
				"east": {"uv": [12, 9.5, 12.125, 9.75], "texture": "#1"},
				"south": {"uv": [0, 6.5, 1.375, 6.75], "texture": "#1"},
				"west": {"uv": [9.75, 12, 9.875, 12.25], "texture": "#1"},
				"up": {"uv": [9.75, 4.875, 8.375, 4.75], "texture": "#1"},
				"down": {"uv": [9.75, 5.625, 8.375, 5.75], "texture": "#1"}
			}
		},
		{
			"from": [13.02342, 8.06426, 23.59573],
			"to": [14.27838, 11.83922, 24.85069],
			"rotation": {"angle": -22.5, "axis": "z", "origin": [8, 5.03115, 7.39151]},
			"faces": {
				"north": {"uv": [3.625, 11.5, 3.75, 11.875], "texture": "#1"},
				"east": {"uv": [3.875, 11.5, 4, 11.875], "texture": "#1"},
				"south": {"uv": [11.5, 3.875, 11.625, 4.25], "texture": "#1"},
				"west": {"uv": [11.5, 4.375, 11.625, 4.75], "texture": "#1"},
				"up": {"uv": [11.625, 12.375, 11.5, 12.25], "texture": "#1"},
				"down": {"uv": [12.375, 11.875, 12.25, 12], "texture": "#1"}
			}
		},
		{
			"from": [15.245, 5.6219, 23.59321],
			"to": [16.505, 9.4019, 24.85321],
			"rotation": {"angle": 0, "axis": "y", "origin": [8, 5.03115, 7.39151]},
			"faces": {
				"north": {"uv": [11.5, 0.75, 11.625, 1.125], "texture": "#1"},
				"east": {"uv": [11.5, 1.25, 11.625, 1.625], "texture": "#1"},
				"south": {"uv": [11.5, 1.75, 11.625, 2.125], "texture": "#1"},
				"west": {"uv": [11.5, 2.25, 11.625, 2.625], "texture": "#1"},
				"up": {"uv": [12.375, 11, 12.25, 10.875], "texture": "#1"},
				"down": {"uv": [12.375, 11.125, 12.25, 11.25], "texture": "#1"}
			}
		},
		{
			"from": [-0.505, 5.6219, 23.59321],
			"to": [0.755, 9.4019, 24.85321],
			"rotation": {"angle": 0, "axis": "y", "origin": [8, 5.03115, 7.39151]},
			"faces": {
				"north": {"uv": [9.25, 11.375, 9.375, 11.75], "texture": "#1"},
				"east": {"uv": [9.5, 11.375, 9.625, 11.75], "texture": "#1"},
				"south": {"uv": [10, 11.375, 10.125, 11.75], "texture": "#1"},
				"west": {"uv": [11.375, 11.125, 11.5, 11.5], "texture": "#1"},
				"up": {"uv": [12.375, 10.5, 12.25, 10.375], "texture": "#1"},
				"down": {"uv": [12.375, 10.625, 12.25, 10.75], "texture": "#1"}
			}
		},
		{
			"from": [1.72162, 8.06426, 23.59573],
			"to": [2.97658, 11.83922, 24.85069],
			"rotation": {"angle": 22.5, "axis": "z", "origin": [8, 5.03115, 7.39151]},
			"faces": {
				"north": {"uv": [8.25, 11.25, 8.375, 11.625], "texture": "#1"},
				"east": {"uv": [8.5, 11.25, 8.625, 11.625], "texture": "#1"},
				"south": {"uv": [0, 11.375, 0.125, 11.75], "texture": "#1"},
				"west": {"uv": [11.375, 0.25, 11.5, 0.625], "texture": "#1"},
				"up": {"uv": [10.125, 12.375, 10, 12.25], "texture": "#1"},
				"down": {"uv": [12.375, 10.125, 12.25, 10.25], "texture": "#1"}
			}
		},
		{
			"from": [13.97379, 3.08494, 15.11971],
			"to": [16.49379, 5.60494, 17.63971],
			"rotation": {"angle": -22.5, "axis": "z", "origin": [8, 5.03115, 7.39151]},
			"faces": {
				"north": {"uv": [10, 10.625, 10.25, 10.875], "texture": "#1"},
				"east": {"uv": [10.625, 10.375, 10.875, 10.625], "texture": "#1"},
				"south": {"uv": [0.375, 10.75, 0.625, 11], "texture": "#1"},
				"west": {"uv": [0.75, 10.75, 1, 11], "texture": "#1"},
				"up": {"uv": [2.5, 11, 2.25, 10.75], "texture": "#1"},
				"down": {"uv": [11, 3.125, 10.75, 3.375], "texture": "#1"}
			}
		},
		{
			"from": [13.97631, 2.14246, -2.51777],
			"to": [16.49127, 5.91742, 5.03719],
			"rotation": {"angle": -22.5, "axis": "z", "origin": [8, 5.03115, 7.39151]},
			"faces": {
				"north": {"uv": [6, 10, 6.25, 10.375], "texture": "#1"},
				"east": {"uv": [7.375, 6, 8.125, 6.375], "texture": "#1"},
				"south": {"uv": [10, 6.875, 10.25, 7.25], "texture": "#1"},
				"west": {"uv": [0, 7.5, 0.75, 7.875], "texture": "#1"},
				"up": {"uv": [7, 8.75, 6.75, 8], "texture": "#1"},
				"down": {"uv": [7.875, 8, 7.625, 8.75], "texture": "#1"}
			}
		},
		{
			"from": [13.97379, 2.45494, 5.03971],
			"to": [16.49379, 6.23494, 10.07971],
			"rotation": {"angle": -22.5, "axis": "z", "origin": [8, 5.03115, 7.39151]},
			"faces": {
				"north": {"uv": [7.375, 10, 7.625, 10.375], "texture": "#1"},
				"east": {"uv": [8, 8, 8.5, 8.375], "texture": "#1"},
				"south": {"uv": [7.75, 10, 8, 10.375], "texture": "#1"},
				"west": {"uv": [2.5, 8.125, 3, 8.5], "texture": "#1"},
				"up": {"uv": [9.625, 2.75, 9.375, 2.25], "texture": "#1"},
				"down": {"uv": [2.875, 9.375, 2.625, 9.875], "texture": "#1"}
			}
		},
		{
			"from": [13.97379, 2.76994, 10.07971],
			"to": [16.49379, 5.28994, 15.11971],
			"rotation": {"angle": -22.5, "axis": "z", "origin": [8, 5.03115, 7.39151]},
			"faces": {
				"north": {"uv": [10.625, 5.375, 10.875, 5.625], "texture": "#1"},
				"east": {"uv": [9.125, 6.375, 9.625, 6.625], "texture": "#1"},
				"south": {"uv": [6.625, 10.625, 6.875, 10.875], "texture": "#1"},
				"west": {"uv": [9.25, 4, 9.75, 4.25], "texture": "#1"},
				"up": {"uv": [5.625, 9.875, 5.375, 9.375], "texture": "#1"},
				"down": {"uv": [6, 9.375, 5.75, 9.875], "texture": "#1"}
			}
		},
		{
			"from": [13.97379, 3.39994, 17.63971],
			"to": [16.49379, 5.91994, 19.52971],
			"rotation": {"angle": -22.5, "axis": "z", "origin": [8, 5.03115, 7.39151]},
			"faces": {
				"north": {"uv": [7, 10.625, 7.25, 10.875], "texture": "#1"},
				"east": {"uv": [11.125, 3.875, 11.3125, 4.125], "texture": "#1"},
				"south": {"uv": [9.375, 10.625, 9.625, 10.875], "texture": "#1"},
				"west": {"uv": [11.125, 4.25, 11.3125, 4.5], "texture": "#1"},
				"up": {"uv": [4.875, 11.3125, 4.625, 11.125], "texture": "#1"},
				"down": {"uv": [11.375, 4.625, 11.125, 4.8125], "texture": "#1"}
			}
		},
		{
			"from": [-0.49127, 2.14246, -2.51777],
			"to": [2.02369, 5.91742, 5.03719],
			"rotation": {"angle": 22.5, "axis": "z", "origin": [8, 5.03115, 7.39151]},
			"faces": {
				"north": {"uv": [10.125, 6.25, 10.375, 6.625], "texture": "#1"},
				"east": {"uv": [7.5, 4.5, 8.25, 4.875], "texture": "#1"},
				"south": {"uv": [6.625, 10.125, 6.875, 10.5], "texture": "#1"},
				"west": {"uv": [6.375, 7.5, 7.125, 7.875], "texture": "#1"},
				"up": {"uv": [4.875, 9, 4.625, 8.25], "texture": "#1"},
				"down": {"uv": [5.25, 8.25, 5, 9], "texture": "#1"}
			}
		},
		{
			"from": [1.7, -0.5521, -2.52029],
			"to": [14.3, 1.9679, 5.03971],
			"rotation": {"angle": 0, "axis": "y", "origin": [8, 5.03115, 7.39151]},
			"faces": {
				"north": {"uv": [6.5, 5.25, 7.75, 5.5], "texture": "#1"},
				"east": {"uv": [8.25, 6, 9, 6.25], "texture": "#1"},
				"south": {"uv": [5.25, 7, 6.5, 7.25], "texture": "#1"},
				"west": {"uv": [8.25, 6.375, 9, 6.625], "texture": "#1"},
				"up": {"uv": [4.5, 0.75, 3.25, 0], "texture": "#1"},
				"down": {"uv": [4.5, 0.875, 3.25, 1.625], "texture": "#1"}
			}
		},
		{
			"from": [1.7, -0.2371, 5.03971],
			"to": [14.3, 2.2829, 10.07971],
			"rotation": {"angle": 0, "axis": "y", "origin": [8, 5.03115, 7.39151]},
			"faces": {
				"north": {"uv": [7, 5.625, 8.25, 5.875], "texture": "#1"},
				"east": {"uv": [9.625, 1, 10.125, 1.25], "texture": "#1"},
				"south": {"uv": [7.125, 4.125, 8.375, 4.375], "texture": "#1"},
				"west": {"uv": [4.375, 9.625, 4.875, 9.875], "texture": "#1"},
				"up": {"uv": [4.75, 4.875, 3.5, 4.375], "texture": "#1"},
				"down": {"uv": [5.875, 0, 4.625, 0.5], "texture": "#1"}
			}
		},
		{
			"from": [1.7, 0.3929, 15.11971],
			"to": [14.3, 2.9129, 17.63971],
			"rotation": {"angle": 0, "axis": "y", "origin": [8, 5.03115, 7.39151]},
			"faces": {
				"north": {"uv": [6.625, 7.125, 7.875, 7.375], "texture": "#1"},
				"east": {"uv": [0, 11, 0.25, 11.25], "texture": "#1"},
				"south": {"uv": [7.25, 0, 8.5, 0.25], "texture": "#1"},
				"west": {"uv": [11, 0.375, 11.25, 0.625], "texture": "#1"},
				"up": {"uv": [8.5, 0.625, 7.25, 0.375], "texture": "#1"},
				"down": {"uv": [2.75, 7.25, 1.5, 7.5], "texture": "#1"}
			}
		},
		{
			"from": [1.7, 0.7079, 17.63971],
			"to": [14.3, 3.2279, 19.52971],
			"rotation": {"angle": 0, "axis": "y", "origin": [8, 5.03115, 7.39151]},
			"faces": {
				"north": {"uv": [2.875, 7.25, 4.125, 7.5], "texture": "#1"},
				"east": {"uv": [11.5, 8.25, 11.6875, 8.5], "texture": "#1"},
				"south": {"uv": [4.25, 7.375, 5.5, 7.625], "texture": "#1"},
				"west": {"uv": [8.75, 11.5, 8.9375, 11.75], "texture": "#1"},
				"up": {"uv": [9.125, 0.9375, 7.875, 0.75], "texture": "#1"},
				"down": {"uv": [9.125, 1.125, 7.875, 1.3125], "texture": "#1"}
			}
		},
		{
			"from": [1.7, 0.0779, 10.07971],
			"to": [14.3, 2.5979, 15.11971],
			"rotation": {"angle": 0, "axis": "y", "origin": [8, 5.03115, 7.39151]},
			"faces": {
				"north": {"uv": [7.25, 1.75, 8.5, 2], "texture": "#1"},
				"east": {"uv": [9.625, 5, 10.125, 5.25], "texture": "#1"},
				"south": {"uv": [7.25, 2.125, 8.5, 2.375], "texture": "#1"},
				"west": {"uv": [9.625, 5.875, 10.125, 6.125], "texture": "#1"},
				"up": {"uv": [5.875, 1.125, 4.625, 0.625], "texture": "#1"},
				"down": {"uv": [6.125, 1.25, 4.875, 1.75], "texture": "#1"}
			}
		},
		{
			"from": [-0.49379, 2.45494, 5.03971],
			"to": [2.02621, 6.23494, 10.07971],
			"rotation": {"angle": 22.5, "axis": "z", "origin": [8, 5.03115, 7.39151]},
			"faces": {
				"north": {"uv": [10.125, 3.75, 10.375, 4.125], "texture": "#1"},
				"east": {"uv": [8.25, 3.5, 8.75, 3.875], "texture": "#1"},
				"south": {"uv": [10.125, 4.25, 10.375, 4.625], "texture": "#1"},
				"west": {"uv": [4, 8.25, 4.5, 8.625], "texture": "#1"},
				"up": {"uv": [3.875, 10.125, 3.625, 9.625], "texture": "#1"},
				"down": {"uv": [4.25, 9.625, 4, 10.125], "texture": "#1"}
			}
		},
		{
			"from": [-0.49379, 3.39994, 17.63971],
			"to": [2.02621, 5.91994, 19.52971],
			"rotation": {"angle": 22.5, "axis": "z", "origin": [8, 5.03115, 7.39151]},
			"faces": {
				"north": {"uv": [10.875, 2.75, 11.125, 3], "texture": "#1"},
				"east": {"uv": [4.625, 11.5, 4.8125, 11.75], "texture": "#1"},
				"south": {"uv": [10.875, 6.25, 11.125, 6.5], "texture": "#1"},
				"west": {"uv": [11.5, 6.625, 11.6875, 6.875], "texture": "#1"},
				"up": {"uv": [11.75, 7.6875, 11.5, 7.5], "texture": "#1"},
				"down": {"uv": [11.75, 7.875, 11.5, 8.0625], "texture": "#1"}
			}
		},
		{
			"from": [-0.49379, 2.76994, 10.07971],
			"to": [2.02621, 5.28994, 15.11971],
			"rotation": {"angle": 22.5, "axis": "z", "origin": [8, 5.03115, 7.39151]},
			"faces": {
				"north": {"uv": [10.875, 0, 11.125, 0.25], "texture": "#1"},
				"east": {"uv": [9.5, 1.75, 10, 2], "texture": "#1"},
				"south": {"uv": [10.875, 1.25, 11.125, 1.5], "texture": "#1"},
				"west": {"uv": [9.625, 0.625, 10.125, 0.875], "texture": "#1"},
				"up": {"uv": [1.5, 10.125, 1.25, 9.625], "texture": "#1"},
				"down": {"uv": [1.875, 9.625, 1.625, 10.125], "texture": "#1"}
			}
		},
		{
			"from": [-0.49379, 3.08494, 15.11971],
			"to": [2.02621, 5.60494, 17.63971],
			"rotation": {"angle": 22.5, "axis": "z", "origin": [8, 5.03115, 7.39151]},
			"faces": {
				"north": {"uv": [10.75, 4.625, 11, 4.875], "texture": "#1"},
				"east": {"uv": [10.75, 7.875, 11, 8.125], "texture": "#1"},
				"south": {"uv": [10.75, 8.25, 11, 8.5], "texture": "#1"},
				"west": {"uv": [10.75, 9.375, 11, 9.625], "texture": "#1"},
				"up": {"uv": [11, 10, 10.75, 9.75], "texture": "#1"},
				"down": {"uv": [10.875, 10.75, 10.625, 11], "texture": "#1"}
			}
		},
		{
			"from": [0.44, -3.6081, 16.9513],
			"to": [15.56, -1.0881, 21.9913],
			"rotation": {"angle": -22.5, "axis": "x", "origin": [8, 5.03115, 7.39151]},
			"faces": {
				"north": {"uv": [6.25, 1.375, 7.75, 1.625], "texture": "#1"},
				"east": {"uv": [9.375, 7, 9.875, 7.25], "texture": "#1"},
				"south": {"uv": [6.375, 2.625, 7.875, 2.875], "texture": "#1"},
				"west": {"uv": [9.5, 1.375, 10, 1.625], "texture": "#1"},
				"up": {"uv": [4.75, 3.5, 3.25, 3], "texture": "#1"},
				"down": {"uv": [1.5, 3.5, 0, 4], "texture": "#1"}
			}
		}
	],
	"display": {
		"thirdperson_righthand": {
			"rotation": [75, 45, 0],
			"translation": [0, 2.5, 0],
			"scale": [0.375, 0.375, 0.375]
		},
		"thirdperson_lefthand": {
			"rotation": [75, 45, 0],
			"translation": [0, 2.5, 0],
			"scale": [0.375, 0.375, 0.375]
		},
		"firstperson_righthand": {
			"rotation": [0, 45, 0],
			"scale": [0.4, 0.4, 0.4]
		},
		"firstperson_lefthand": {
			"rotation": [0, 225, 0],
			"scale": [0.4, 0.4, 0.4]
		},
		"ground": {
			"translation": [0, 3, 0],
			"scale": [0.25, 0.25, 0.25]
		},
		"gui": {
			"rotation": [30, 225, 0],
			"scale": [0.35, 0.35, 0.35]
		},
		"head": {
			"translation": [0, -4.25, -10],
			"scale": [4, 4, 4]
		},
		"fixed": {
			"scale": [0.5, 0.5, 0.5]
		}
	},
	"groups": [
		{
			"name": "1",
			"origin": [0, 3.125, -19],
			"color": 0,
			"nbt": "{}",
			"children": [
				0,
				1,
				2,
				3,
				4,
				5,
				6,
				7,
				8,
				9,
				10,
				11,
				12,
				13,
				14,
				15,
				16,
				17,
				18,
				19,
				20,
				21,
				22,
				23,
				24,
				25,
				26,
				27,
				28,
				29,
				30,
				31,
				32,
				33,
				34,
				35,
				36,
				37,
				38,
				39,
				40,
				41,
				42,
				43,
				44,
				45,
				46,
				47,
				48,
				49
			]
		},
		{
			"name": "2",
			"origin": [-6, 2.66551, 4.36626],
			"color": 0,
			"nbt": "{}",
			"children": [50, 51, 52, 53, 54, 55, 56, 57, 58, 59, 60]
		},
		{
			"name": "3",
			"origin": [0, 0, 0],
			"color": 0,
			"nbt": "{}",
			"children": [61, 62, 63, 64, 65, 66, 67, 68, 69, 70, 71, 72, 73, 74, 75, 76, 77, 78, 79, 80, 81, 82, 83, 84, 85, 86, 87]
		},
		{
			"name": "4",
			"origin": [3.5, 1.6, 5.025],
			"color": 0,
			"nbt": "{}",
			"children": [88, 89, 90, 91, 92, 93, 94, 95, 96, 97, 98, 99, 100, 101, 102, 103]
		}
	]
}