{
	"credit": "Made with Blockbench",
	"texture_size": [128, 128],
	"textures": {
		"0": "vehicles/cars/plane",
		"particle": "vehicles/cars/plane"
	},
	"elements": [
		{
			"from": [3, 2.3, -7],
			"to": [4, 11.3, 9],
			"rotation": {"angle": 0, "axis": "y", "origin": [0, 3.3, 2]},
			"faces": {
				"north": {"uv": [1.625, 8.625, 1.75, 9.75], "texture": "#0"},
				"east": {"uv": [4.125, 2, 6.125, 3.125], "texture": "#0"},
				"south": {"uv": [4.25, 8.625, 4.375, 9.75], "texture": "#0"},
				"west": {"uv": [4.75, 3.125, 6.75, 4.25], "texture": "#0"},
				"up": {"uv": [3.25, 10.25, 3.125, 8.25], "texture": "#0"},
				"down": {"uv": [3.375, 8.25, 3.25, 10.25], "texture": "#0"}
			}
		},
		{
			"from": [4, 0.3, 6],
			"to": [5, 4.3, 8],
			"rotation": {"angle": -22.5, "axis": "z", "origin": [1, 4.3, 13]},
			"faces": {
				"north": {"uv": [7.5, 6.75, 7.625, 7.25], "texture": "#0"},
				"east": {"uv": [8.75, 0, 9, 0.5], "texture": "#0"},
				"south": {"uv": [5.875, 9, 6, 9.5], "texture": "#0"},
				"west": {"uv": [0.5, 8.75, 0.75, 9.25], "texture": "#0"},
				"up": {"uv": [8.125, 2.25, 8, 2], "texture": "#0"},
				"down": {"uv": [8.75, 4.625, 8.625, 4.875], "texture": "#0"}
			}
		},
		{
			"from": [7.5, -2.75939, -9.61943],
			"to": [8.5, 1.24061, -7.61943],
			"rotation": {"angle": 22.5, "axis": "x", "origin": [4, 1.24061, -3.61943]},
			"faces": {
				"north": {"uv": [8.125, 9, 8.25, 9.5], "texture": "#0"},
				"east": {"uv": [0.75, 8.75, 1, 9.25], "texture": "#0"},
				"south": {"uv": [8.25, 9, 8.375, 9.5], "texture": "#0"},
				"west": {"uv": [1.75, 8.75, 2, 9.25], "texture": "#0"},
				"up": {"uv": [9.625, 1.125, 9.5, 0.875], "texture": "#0"},
				"down": {"uv": [9.625, 1.125, 9.5, 1.375], "texture": "#0"}
			}
		},
		{
			"from": [7, -1.7, -12],
			"to": [9, -0.7, -8],
			"rotation": {"angle": 0, "axis": "z", "origin": [9, 4.3, -4]},
			"faces": {
				"north": {"uv": [8.625, 9, 8.875, 9.125], "texture": "#0"},
				"east": {"uv": [7.25, 1, 7.75, 1.125], "texture": "#0"},
				"south": {"uv": [1.375, 9.5, 1.625, 9.625], "texture": "#0"},
				"west": {"uv": [9, 4.875, 9.5, 5], "texture": "#0"},
				"up": {"uv": [2.25, 9.25, 2, 8.75], "texture": "#0"},
				"down": {"uv": [4.125, 8.75, 3.875, 9.25], "texture": "#0"}
			}
		},
		{
			"from": [7, -0.7, -11],
			"to": [9, 0.3, -9],
			"rotation": {"angle": 0, "axis": "z", "origin": [9, 4.3, -4]},
			"faces": {
				"north": {"uv": [9.5, 1.375, 9.75, 1.5], "texture": "#0"},
				"east": {"uv": [9.5, 1.5, 9.75, 1.625], "texture": "#0"},
				"south": {"uv": [9.5, 1.625, 9.75, 1.75], "texture": "#0"},
				"west": {"uv": [4.625, 9.5, 4.875, 9.625], "texture": "#0"},
				"up": {"uv": [8, 2.25, 7.75, 2], "texture": "#0"},
				"down": {"uv": [8.625, 9, 8.375, 9.25], "texture": "#0"}
			}
		},
		{
			"from": [7, -8.11831, -10.1046],
			"to": [9, -6.69831, -9.1046],
			"rotation": {"angle": 45, "axis": "x", "origin": [9, -2.11831, -2.1046]},
			"faces": {
				"north": {"uv": [8.875, 9.25, 9.125, 9.4375], "texture": "#0"},
				"east": {"uv": [9.625, 0, 9.75, 0.1875], "texture": "#0"},
				"south": {"uv": [0, 9.375, 0.25, 9.5625], "texture": "#0"},
				"west": {"uv": [0.125, 9.625, 0.25, 9.8125], "texture": "#0"},
				"up": {"uv": [9.75, 5, 9.5, 4.875], "texture": "#0"},
				"down": {"uv": [9.75, 5, 9.5, 5.125], "texture": "#0"}
			}
		},
		{
			"from": [7, -8.11831, -10.8954],
			"to": [9, -6.69831, -9.8954],
			"rotation": {"angle": -45, "axis": "x", "origin": [9, -2.11831, -17.8954]},
			"faces": {
				"north": {"uv": [1.125, 9.375, 1.375, 9.5625], "texture": "#0"},
				"east": {"uv": [0.375, 9.625, 0.5, 9.8125], "texture": "#0"},
				"south": {"uv": [1.75, 9.375, 2, 9.5625], "texture": "#0"},
				"west": {"uv": [0.5, 9.625, 0.625, 9.8125], "texture": "#0"},
				"up": {"uv": [5.375, 9.625, 5.125, 9.5], "texture": "#0"},
				"down": {"uv": [5.625, 9.5, 5.375, 9.625], "texture": "#0"}
			}
		},
		{
			"from": [1.5, -1.7, 5],
			"to": [3.5, -0.7, 9],
			"rotation": {"angle": 0, "axis": "z", "origin": [3, 4.3, 13]},
			"faces": {
				"north": {"uv": [5.875, 9.5, 6.125, 9.625], "texture": "#0"},
				"east": {"uv": [9, 5, 9.5, 5.125], "texture": "#0"},
				"south": {"uv": [9.5, 6.125, 9.75, 6.25], "texture": "#0"},
				"west": {"uv": [8.625, 9.125, 9.125, 9.25], "texture": "#0"},
				"up": {"uv": [9, 5.125, 8.75, 4.625], "texture": "#0"},
				"down": {"uv": [5.125, 8.75, 4.875, 9.25], "texture": "#0"}
			}
		},
		{
			"from": [1.5, -8.11831, 6.1046],
			"to": [3.5, -6.69831, 7.1046],
			"rotation": {"angle": -45, "axis": "x", "origin": [3, -2.11831, -0.8954]},
			"faces": {
				"north": {"uv": [2, 9.375, 2.25, 9.5625], "texture": "#0"},
				"east": {"uv": [0.625, 9.625, 0.75, 9.8125], "texture": "#0"},
				"south": {"uv": [2.375, 9.375, 2.625, 9.5625], "texture": "#0"},
				"west": {"uv": [9.625, 0.875, 9.75, 1.0625], "texture": "#0"},
				"up": {"uv": [9.75, 6.375, 9.5, 6.25], "texture": "#0"},
				"down": {"uv": [9.75, 6.375, 9.5, 6.5], "texture": "#0"}
			}
		},
		{
			"from": [1.5, -8.11831, 6.8954],
			"to": [3.5, -6.69831, 7.8954],
			"rotation": {"angle": 45, "axis": "x", "origin": [3, -2.11831, 14.8954]},
			"faces": {
				"north": {"uv": [2.625, 9.375, 2.875, 9.5625], "texture": "#0"},
				"east": {"uv": [1.125, 9.625, 1.25, 9.8125], "texture": "#0"},
				"south": {"uv": [2.875, 9.375, 3.125, 9.5625], "texture": "#0"},
				"west": {"uv": [9.625, 1.125, 9.75, 1.3125], "texture": "#0"},
				"up": {"uv": [9.75, 6.625, 9.5, 6.5], "texture": "#0"},
				"down": {"uv": [7, 9.5, 6.75, 9.625], "texture": "#0"}
			}
		},
		{
			"from": [1.5, -0.7, 6],
			"to": [3.5, 0.3, 8],
			"rotation": {"angle": 0, "axis": "z", "origin": [3, 4.3, 13]},
			"faces": {
				"north": {"uv": [7, 9.5, 7.25, 9.625], "texture": "#0"},
				"east": {"uv": [7.25, 9.5, 7.5, 9.625], "texture": "#0"},
				"south": {"uv": [9.5, 7.375, 9.75, 7.5], "texture": "#0"},
				"west": {"uv": [9.5, 7.5, 9.75, 7.625], "texture": "#0"},
				"up": {"uv": [9.375, 9.375, 9.125, 9.125], "texture": "#0"},
				"down": {"uv": [0.75, 9.25, 0.5, 9.5], "texture": "#0"}
			}
		},
		{
			"from": [12.5, -1.7, 5],
			"to": [14.5, -0.7, 9],
			"rotation": {"angle": 0, "axis": "z", "origin": [14, 4.3, 13]},
			"faces": {
				"north": {"uv": [9.5, 7.625, 9.75, 7.75], "texture": "#0"},
				"east": {"uv": [1.75, 9.25, 2.25, 9.375], "texture": "#0"},
				"south": {"uv": [9.5, 7.75, 9.75, 7.875], "texture": "#0"},
				"west": {"uv": [3.625, 9.25, 4.125, 9.375], "texture": "#0"},
				"up": {"uv": [5.375, 9.25, 5.125, 8.75], "texture": "#0"},
				"down": {"uv": [5.625, 8.75, 5.375, 9.25], "texture": "#0"}
			}
		},
		{
			"from": [12.5, -8.11831, 6.1046],
			"to": [14.5, -6.69831, 7.1046],
			"rotation": {"angle": -45, "axis": "x", "origin": [14, -2.11831, -0.8954]},
			"faces": {
				"north": {"uv": [3.625, 9.375, 3.875, 9.5625], "texture": "#0"},
				"east": {"uv": [1.25, 9.625, 1.375, 9.8125], "texture": "#0"},
				"south": {"uv": [3.875, 9.375, 4.125, 9.5625], "texture": "#0"},
				"west": {"uv": [1.375, 9.625, 1.5, 9.8125], "texture": "#0"},
				"up": {"uv": [8.375, 9.625, 8.125, 9.5], "texture": "#0"},
				"down": {"uv": [8.625, 9.5, 8.375, 9.625], "texture": "#0"}
			}
		},
		{
			"from": [12.5, -0.7, 6],
			"to": [14.5, 0.3, 8],
			"rotation": {"angle": 0, "axis": "z", "origin": [14, 4.3, 13]},
			"faces": {
				"north": {"uv": [9.5, 8.375, 9.75, 8.5], "texture": "#0"},
				"east": {"uv": [9.5, 8.5, 9.75, 8.625], "texture": "#0"},
				"south": {"uv": [8.875, 9.5, 9.125, 9.625], "texture": "#0"},
				"west": {"uv": [9.125, 9.5, 9.375, 9.625], "texture": "#0"},
				"up": {"uv": [1, 9.5, 0.75, 9.25], "texture": "#0"},
				"down": {"uv": [1.625, 9.25, 1.375, 9.5], "texture": "#0"}
			}
		},
		{
			"from": [12.5, -8.11831, 6.8954],
			"to": [14.5, -6.69831, 7.8954],
			"rotation": {"angle": 45, "axis": "x", "origin": [14, -2.11831, 14.8954]},
			"faces": {
				"north": {"uv": [9.375, 5.625, 9.625, 5.8125], "texture": "#0"},
				"east": {"uv": [1.5, 9.625, 1.625, 9.8125], "texture": "#0"},
				"south": {"uv": [6.25, 9.375, 6.5, 9.5625], "texture": "#0"},
				"west": {"uv": [1.75, 9.625, 1.875, 9.8125], "texture": "#0"},
				"up": {"uv": [9.625, 9.625, 9.375, 9.5], "texture": "#0"},
				"down": {"uv": [9.75, 9.375, 9.5, 9.5], "texture": "#0"}
			}
		},
		{
			"from": [7.5, -2.2, -11.2],
			"to": [8.5, -1.2, -8.79],
			"rotation": {"angle": 0, "axis": "z", "origin": [4, 3.8, -4]},
			"faces": {
				"north": {"uv": [6.625, 7.125, 6.75, 7.25], "texture": "#0"},
				"east": {"uv": [9.375, 9, 9.6875, 9.125], "texture": "#0"},
				"south": {"uv": [7.875, 5.25, 8, 5.375], "texture": "#0"},
				"west": {"uv": [9.125, 9.375, 9.4375, 9.5], "texture": "#0"},
				"up": {"uv": [6.625, 9.6875, 6.5, 9.375], "texture": "#0"},
				"down": {"uv": [6.75, 9.375, 6.625, 9.6875], "texture": "#0"}
			}
		},
		{
			"from": [7.5, -2.90711, -10.49289],
			"to": [8.5, -1.90711, -9.49289],
			"rotation": {"angle": 0, "axis": "z", "origin": [5, 5.09289, -4.49289]},
			"faces": {
				"north": {"uv": [8.25, 6.625, 8.375, 6.75], "texture": "#0"},
				"east": {"uv": [8.375, 7.875, 8.5, 8], "texture": "#0"},
				"south": {"uv": [9.625, 0.25, 9.75, 0.375], "texture": "#0"},
				"west": {"uv": [1.875, 9.625, 2, 9.75], "texture": "#0"},
				"up": {"uv": [2.125, 9.75, 2, 9.625], "texture": "#0"},
				"down": {"uv": [2.25, 9.625, 2.125, 9.75], "texture": "#0"}
			}
		},
		{
			"from": [7.51, -9.49289, -7.5934],
			"to": [8.49, -8.49289, -6.5934],
			"rotation": {"angle": 45, "axis": "x", "origin": [5, -1.49289, -0.5934]},
			"faces": {
				"north": {"uv": [2.375, 9.625, 2.5, 9.75], "texture": "#0"},
				"east": {"uv": [2.5, 9.625, 2.625, 9.75], "texture": "#0"},
				"south": {"uv": [2.625, 9.625, 2.75, 9.75], "texture": "#0"},
				"west": {"uv": [2.75, 9.625, 2.875, 9.75], "texture": "#0"},
				"up": {"uv": [3, 9.75, 2.875, 9.625], "texture": "#0"},
				"down": {"uv": [3.125, 9.625, 3, 9.75], "texture": "#0"}
			}
		},
		{
			"from": [7.51, -8.07868, -6.00761],
			"to": [8.49, -7.07868, -5.00761],
			"rotation": {"angle": 45, "axis": "x", "origin": [5, -0.07868, -1.00761]},
			"faces": {
				"north": {"uv": [3.625, 9.625, 3.75, 9.75], "texture": "#0"},
				"east": {"uv": [3.75, 9.625, 3.875, 9.75], "texture": "#0"},
				"south": {"uv": [3.875, 9.625, 4, 9.75], "texture": "#0"},
				"west": {"uv": [4, 9.625, 4.125, 9.75], "texture": "#0"},
				"up": {"uv": [9.75, 4.625, 9.625, 4.5], "texture": "#0"},
				"down": {"uv": [4.75, 9.625, 4.625, 9.75], "texture": "#0"}
			}
		},
		{
			"from": [13, -2.2, 5.8],
			"to": [14, -1.2, 8.21],
			"rotation": {"angle": 0, "axis": "z", "origin": [10, 3.8, 13]},
			"faces": {
				"north": {"uv": [9.625, 4.625, 9.75, 4.75], "texture": "#0"},
				"east": {"uv": [9.375, 9.125, 9.6875, 9.25], "texture": "#0"},
				"south": {"uv": [4.75, 9.625, 4.875, 9.75], "texture": "#0"},
				"west": {"uv": [9.375, 9.25, 9.6875, 9.375], "texture": "#0"},
				"up": {"uv": [9.625, 0.3125, 9.5, 0], "texture": "#0"},
				"down": {"uv": [0.375, 9.5, 0.25, 9.8125], "texture": "#0"}
			}
		},
		{
			"from": [13.01, -8.07868, 10.99239],
			"to": [13.99, -7.07868, 11.99239],
			"rotation": {"angle": 45, "axis": "x", "origin": [11, -0.07868, 15.99239]},
			"faces": {
				"north": {"uv": [9.625, 4.75, 9.75, 4.875], "texture": "#0"},
				"east": {"uv": [5.125, 9.625, 5.25, 9.75], "texture": "#0"},
				"south": {"uv": [5.25, 9.625, 5.375, 9.75], "texture": "#0"},
				"west": {"uv": [5.375, 9.625, 5.5, 9.75], "texture": "#0"},
				"up": {"uv": [5.625, 9.75, 5.5, 9.625], "texture": "#0"},
				"down": {"uv": [5.75, 9.625, 5.625, 9.75], "texture": "#0"}
			}
		},
		{
			"from": [13, -2.90711, 6.50711],
			"to": [14, -1.90711, 7.50711],
			"rotation": {"angle": 0, "axis": "z", "origin": [11, 5.09289, 12.50711]},
			"faces": {
				"north": {"uv": [9.625, 5.625, 9.75, 5.75], "texture": "#0"},
				"east": {"uv": [5.75, 9.625, 5.875, 9.75], "texture": "#0"},
				"south": {"uv": [9.625, 5.75, 9.75, 5.875], "texture": "#0"},
				"west": {"uv": [5.875, 9.625, 6, 9.75], "texture": "#0"},
				"up": {"uv": [6.125, 9.75, 6, 9.625], "texture": "#0"},
				"down": {"uv": [6.375, 9.625, 6.25, 9.75], "texture": "#0"}
			}
		},
		{
			"from": [13.01, -9.49289, 9.4066],
			"to": [13.99, -8.49289, 10.4066],
			"rotation": {"angle": 45, "axis": "x", "origin": [11, -1.49289, 16.4066]},
			"faces": {
				"north": {"uv": [6.375, 9.625, 6.5, 9.75], "texture": "#0"},
				"east": {"uv": [6.75, 9.625, 6.875, 9.75], "texture": "#0"},
				"south": {"uv": [6.875, 9.625, 7, 9.75], "texture": "#0"},
				"west": {"uv": [7, 9.625, 7.125, 9.75], "texture": "#0"},
				"up": {"uv": [7.25, 9.75, 7.125, 9.625], "texture": "#0"},
				"down": {"uv": [7.375, 9.625, 7.25, 9.75], "texture": "#0"}
			}
		},
		{
			"from": [2, -2.2, 5.8],
			"to": [3, -1.2, 8.21],
			"rotation": {"angle": 0, "axis": "z", "origin": [-1, 3.8, 13]},
			"faces": {
				"north": {"uv": [7.375, 9.625, 7.5, 9.75], "texture": "#0"},
				"east": {"uv": [0.375, 9.5, 0.6875, 9.625], "texture": "#0"},
				"south": {"uv": [8.125, 9.625, 8.25, 9.75], "texture": "#0"},
				"west": {"uv": [9.5, 0.375, 9.8125, 0.5], "texture": "#0"},
				"up": {"uv": [0.875, 9.8125, 0.75, 9.5], "texture": "#0"},
				"down": {"uv": [1, 9.5, 0.875, 9.8125], "texture": "#0"}
			}
		},
		{
			"from": [2.01, -8.07868, 10.99239],
			"to": [2.99, -7.07868, 11.99239],
			"rotation": {"angle": 45, "axis": "x", "origin": [0, -0.07868, 15.99239]},
			"faces": {
				"north": {"uv": [8.25, 9.625, 8.375, 9.75], "texture": "#0"},
				"east": {"uv": [8.375, 9.625, 8.5, 9.75], "texture": "#0"},
				"south": {"uv": [8.5, 9.625, 8.625, 9.75], "texture": "#0"},
				"west": {"uv": [8.875, 9.625, 9, 9.75], "texture": "#0"},
				"up": {"uv": [9.125, 9.75, 9, 9.625], "texture": "#0"},
				"down": {"uv": [9.25, 9.625, 9.125, 9.75], "texture": "#0"}
			}
		},
		{
			"from": [2, -2.90711, 6.50711],
			"to": [3, -1.90711, 7.50711],
			"rotation": {"angle": 0, "axis": "z", "origin": [0, 5.09289, 12.50711]},
			"faces": {
				"north": {"uv": [9.25, 9.625, 9.375, 9.75], "texture": "#0"},
				"east": {"uv": [9.375, 9.625, 9.5, 9.75], "texture": "#0"},
				"south": {"uv": [9.5, 9.625, 9.625, 9.75], "texture": "#0"},
				"west": {"uv": [9.625, 9.5, 9.75, 9.625], "texture": "#0"},
				"up": {"uv": [9.75, 9.75, 9.625, 9.625], "texture": "#0"},
				"down": {"uv": [9.875, 0, 9.75, 0.125], "texture": "#0"}
			}
		},
		{
			"from": [2.01, -9.49289, 9.4066],
			"to": [2.99, -8.49289, 10.4066],
			"rotation": {"angle": 45, "axis": "x", "origin": [0, -1.49289, 16.4066]},
			"faces": {
				"north": {"uv": [9.75, 0.125, 9.875, 0.25], "texture": "#0"},
				"east": {"uv": [9.75, 0.25, 9.875, 0.375], "texture": "#0"},
				"south": {"uv": [9.75, 0.5, 9.875, 0.625], "texture": "#0"},
				"west": {"uv": [9.75, 0.875, 9.875, 1], "texture": "#0"},
				"up": {"uv": [1.125, 9.875, 1, 9.75], "texture": "#0"},
				"down": {"uv": [9.875, 1, 9.75, 1.125], "texture": "#0"}
			}
		},
		{
			"from": [11, 0.3, 6],
			"to": [12, 4.3, 8],
			"rotation": {"angle": 22.5, "axis": "z", "origin": [15, 4.3, 13]},
			"faces": {
				"north": {"uv": [4.875, 9.25, 5, 9.75], "texture": "#0"},
				"east": {"uv": [6.75, 8.75, 7, 9.25], "texture": "#0"},
				"south": {"uv": [5, 9.25, 5.125, 9.75], "texture": "#0"},
				"west": {"uv": [7, 8.75, 7.25, 9.25], "texture": "#0"},
				"up": {"uv": [6.25, 9.75, 6.125, 9.5], "texture": "#0"},
				"down": {"uv": [0.125, 9.625, 0, 9.875], "texture": "#0"}
			}
		},
		{
			"from": [4, 2.3, -9],
			"to": [12, 11.3, -7],
			"rotation": {"angle": 0, "axis": "y", "origin": [0, 3.3, 2]},
			"faces": {
				"north": {"uv": [0, 6.125, 1, 7.25], "texture": "#0"},
				"east": {"uv": [4.625, 7.75, 4.875, 8.875], "texture": "#0"},
				"south": {"uv": [1, 6.125, 2, 7.25], "texture": "#0"},
				"west": {"uv": [6, 8.125, 6.25, 9.25], "texture": "#0"},
				"up": {"uv": [9.25, 6.375, 8.25, 6.125], "texture": "#0"},
				"down": {"uv": [9.25, 6.375, 8.25, 6.625], "texture": "#0"}
			}
		},
		{
			"from": [4, 2.6806, -8.08658],
			"to": [12, 6.6806, -6.08658],
			"rotation": {"angle": 0, "axis": "y", "origin": [0, 3.6806, 1.91342]},
			"faces": {
				"north": {"uv": [7.25, 0, 8.25, 0.5], "texture": "#0"},
				"east": {"uv": [7.25, 8.75, 7.5, 9.25], "texture": "#0"},
				"south": {"uv": [7.25, 0.5, 8.25, 1], "texture": "#0"},
				"west": {"uv": [0, 8.875, 0.25, 9.375], "texture": "#0"},
				"up": {"uv": [7.625, 8.5, 6.625, 8.25], "texture": "#0"},
				"down": {"uv": [9.375, 6.625, 8.375, 6.875], "texture": "#0"}
			}
		},
		{
			"from": [4, 10.7358, -6.69974],
			"to": [12, 15.7358, -5.69974],
			"rotation": {"angle": -22.5, "axis": "x", "origin": [0, 7.7358, 4.30026]},
			"faces": {
				"north": {"uv": [7.125, 2.25, 8.125, 2.875], "texture": "#0"},
				"east": {"uv": [0.25, 8.875, 0.375, 9.5], "texture": "#0"},
				"south": {"uv": [3.875, 7.125, 4.875, 7.75], "texture": "#0"},
				"west": {"uv": [0.375, 8.875, 0.5, 9.5], "texture": "#0"},
				"up": {"uv": [9.75, 0.625, 8.75, 0.5], "texture": "#0"},
				"down": {"uv": [9.75, 5.125, 8.75, 5.25], "texture": "#0"}
			}
		},
		{
			"from": [5, 2.3, -13.1],
			"to": [6, 11.3, -8.50457],
			"rotation": {"angle": 0, "axis": "y", "origin": [0, 3.3, 2.4797]},
			"faces": {
				"north": {"uv": [4.375, 8.625, 4.5, 9.75], "texture": "#0"},
				"east": {"uv": [7.125, 1.125, 7.6875, 2.25], "texture": "#0"},
				"south": {"uv": [4.5, 8.625, 4.625, 9.75], "texture": "#0"},
				"west": {"uv": [2, 7.125, 2.5625, 8.25], "texture": "#0"},
				"up": {"uv": [4.75, 9.4375, 4.625, 8.875], "texture": "#0"},
				"down": {"uv": [4.875, 8.875, 4.75, 9.4375], "texture": "#0"}
			}
		},
		{
			"from": [5, 14.69309, -14.46927],
			"to": [11, 15.69309, -9.87384],
			"rotation": {"angle": -22.5, "axis": "x", "origin": [8, 15.69309, 1.60586]},
			"faces": {
				"north": {"uv": [4, 5.25, 4.75, 5.375], "texture": "#0"},
				"east": {"uv": [6.125, 3, 6.6875, 3.125], "texture": "#0"},
				"south": {"uv": [6.75, 5.25, 7.5, 5.375], "texture": "#0"},
				"west": {"uv": [9, 4.5, 9.5625, 4.625], "texture": "#0"},
				"up": {"uv": [8.25, 6.6875, 7.5, 6.125], "texture": "#0"},
				"down": {"uv": [0.75, 7.625, 0, 8.1875], "texture": "#0"}
			}
		},
		{
			"from": [5, -2.09309, -14.46927],
			"to": [11, -1.09309, -9.87384],
			"rotation": {"angle": 22.5, "axis": "x", "origin": [8, -2.09309, 1.60586]},
			"faces": {
				"north": {"uv": [9, 2.375, 9.75, 2.5], "texture": "#0"},
				"east": {"uv": [9, 4.625, 9.5625, 4.75], "texture": "#0"},
				"south": {"uv": [9, 3.875, 9.75, 4], "texture": "#0"},
				"west": {"uv": [9, 4.75, 9.5625, 4.875], "texture": "#0"},
				"up": {"uv": [8.375, 7.3125, 7.625, 6.75], "texture": "#0"},
				"down": {"uv": [8.375, 7.375, 7.625, 7.9375], "texture": "#0"}
			}
		},
		{
			"from": [10, 2.3, -13.1],
			"to": [11, 11.3, -8.50457],
			"rotation": {"angle": 0, "axis": "y", "origin": [16, 3.3, 2.4797]},
			"faces": {
				"north": {"uv": [7.625, 8.625, 7.75, 9.75], "texture": "#0"},
				"east": {"uv": [2.625, 7.125, 3.1875, 8.25], "texture": "#0"},
				"south": {"uv": [7.75, 8.625, 7.875, 9.75], "texture": "#0"},
				"west": {"uv": [3.25, 7.125, 3.8125, 8.25], "texture": "#0"},
				"up": {"uv": [5.75, 9.5625, 5.625, 9], "texture": "#0"},
				"down": {"uv": [5.875, 9, 5.75, 9.5625], "texture": "#0"}
			}
		},
		{
			"from": [4, 2.3, -8],
			"to": [12, 3.3, 9],
			"rotation": {"angle": 0, "axis": "y", "origin": [0, 3.3, 2]},
			"faces": {
				"north": {"uv": [8.875, 3.25, 9.875, 3.375], "texture": "#0"},
				"east": {"uv": [8.25, 0.625, 10.375, 0.75], "texture": "#0"},
				"south": {"uv": [8.875, 3.375, 9.875, 3.5], "texture": "#0"},
				"west": {"uv": [8.25, 0.75, 10.375, 0.875], "texture": "#0"},
				"up": {"uv": [3, 7.125, 2, 5], "texture": "#0"},
				"down": {"uv": [4, 5, 3, 7.125], "texture": "#0"}
			}
		},
		{
			"from": [12, 2.3, -7],
			"to": [13, 11.3, 9],
			"rotation": {"angle": 0, "axis": "y", "origin": [0, 3.3, 2]},
			"faces": {
				"north": {"uv": [7.875, 8.625, 8, 9.75], "texture": "#0"},
				"east": {"uv": [4.75, 4.25, 6.75, 5.375], "texture": "#0"},
				"south": {"uv": [8, 8.625, 8.125, 9.75], "texture": "#0"},
				"west": {"uv": [0, 5, 2, 6.125], "texture": "#0"},
				"up": {"uv": [3.5, 10.25, 3.375, 8.25], "texture": "#0"},
				"down": {"uv": [3.625, 8.25, 3.5, 10.25], "texture": "#0"}
			}
		},
		{
			"from": [-16, 6.3, -2],
			"to": [3, 7.3, 6],
			"rotation": {"angle": 0, "axis": "z", "origin": [0, 3.3, 4]},
			"faces": {
				"north": {"uv": [8, 6, 10.375, 6.125], "texture": "#0"},
				"east": {"uv": [8.875, 3.5, 9.875, 3.625], "texture": "#0"},
				"south": {"uv": [8.125, 2.5, 10.5, 2.625], "texture": "#0"},
				"west": {"uv": [8.875, 3.625, 9.875, 3.75], "texture": "#0"},
				"up": {"uv": [2.375, 5, 0, 4], "texture": "#0"},
				"down": {"uv": [4.75, 4, 2.375, 5], "texture": "#0"}
			}
		},
		{
			"from": [-15, -1.7, -1],
			"to": [-15, 6.3, 32],
			"rotation": {"angle": 0, "axis": "z", "origin": [0, 3.3, 4]},
			"faces": {
				"north": {"uv": [0, 0, 0, 1], "texture": "#0"},
				"east": {"uv": [0, 0, 4.125, 1], "texture": "#0"},
				"south": {"uv": [0, 0, 0, 1], "texture": "#0"},
				"west": {"uv": [0, 1, 4.125, 2], "texture": "#0"},
				"up": {"uv": [0, 4.125, 0, 0], "texture": "#0"},
				"down": {"uv": [0, 0, 0, 4.125], "texture": "#0"}
			}
		},
		{
			"from": [31, -1.7, -1],
			"to": [31, 6.3, 32],
			"rotation": {"angle": 0, "axis": "z", "origin": [16, 3.3, 4]},
			"faces": {
				"north": {"uv": [0, 0, 0, 1], "texture": "#0"},
				"east": {"uv": [0, 2, 4.125, 3], "texture": "#0"},
				"south": {"uv": [0, 0, 0, 1], "texture": "#0"},
				"west": {"uv": [0, 3, 4.125, 4], "texture": "#0"},
				"up": {"uv": [0, 4.125, 0, 0], "texture": "#0"},
				"down": {"uv": [0, 0, 0, 4.125], "texture": "#0"}
			}
		},
		{
			"from": [-15.68719, 6.3, 4.42742],
			"to": [-12.68719, 7.3, 14.42742],
			"rotation": {"angle": -22.5, "axis": "y", "origin": [0.31281, 3.3, 0.42742]},
			"faces": {
				"north": {"uv": [7.125, 2.875, 7.5, 3], "texture": "#0"},
				"east": {"uv": [8.25, 0.875, 9.5, 1], "texture": "#0"},
				"south": {"uv": [9.375, 6.625, 9.75, 6.75], "texture": "#0"},
				"west": {"uv": [8.625, 2.875, 9.875, 3], "texture": "#0"},
				"up": {"uv": [7.875, 4.125, 7.5, 2.875], "texture": "#0"},
				"down": {"uv": [7.875, 4.125, 7.5, 5.375], "texture": "#0"}
			}
		},
		{
			"from": [-14.29405, 6.3, -0.73193],
			"to": [-7.29405, 7.3, 2.26807],
			"rotation": {"angle": 22.5, "axis": "y", "origin": [-0.29405, 3.3, 12.26807]},
			"faces": {
				"north": {"uv": [9, 1.875, 9.875, 2], "texture": "#0"},
				"east": {"uv": [9.375, 6.75, 9.75, 6.875], "texture": "#0"},
				"south": {"uv": [9, 2, 9.875, 2.125], "texture": "#0"},
				"west": {"uv": [9.375, 6.875, 9.75, 7], "texture": "#0"},
				"up": {"uv": [8.75, 5.25, 7.875, 4.875], "texture": "#0"},
				"down": {"uv": [8.875, 5.25, 8, 5.625], "texture": "#0"}
			}
		},
		{
			"from": [13, 6.3, -2],
			"to": [32, 7.3, 6],
			"rotation": {"angle": 0, "axis": "z", "origin": [16, 3.3, 4]},
			"faces": {
				"north": {"uv": [8.125, 2.625, 10.5, 2.75], "texture": "#0"},
				"east": {"uv": [8.875, 3.75, 9.875, 3.875], "texture": "#0"},
				"south": {"uv": [8.125, 2.75, 10.5, 2.875], "texture": "#0"},
				"west": {"uv": [8.875, 5.25, 9.875, 5.375], "texture": "#0"},
				"up": {"uv": [6.5, 1, 4.125, 0], "texture": "#0"},
				"down": {"uv": [6.5, 1, 4.125, 2], "texture": "#0"}
			}
		},
		{
			"from": [23.29405, 6.3, -0.73193],
			"to": [30.29405, 7.3, 2.26807],
			"rotation": {"angle": -22.5, "axis": "y", "origin": [16.29405, 3.3, 12.26807]},
			"faces": {
				"north": {"uv": [9, 2.125, 9.875, 2.25], "texture": "#0"},
				"east": {"uv": [9.375, 7, 9.75, 7.125], "texture": "#0"},
				"south": {"uv": [9, 2.25, 9.875, 2.375], "texture": "#0"},
				"west": {"uv": [9.375, 7.125, 9.75, 7.25], "texture": "#0"},
				"up": {"uv": [8.875, 6, 8, 5.625], "texture": "#0"},
				"down": {"uv": [8.5, 8, 7.625, 8.375], "texture": "#0"}
			}
		},
		{
			"from": [28.68719, 6.3, 4.42742],
			"to": [31.68719, 7.3, 14.42742],
			"rotation": {"angle": 22.5, "axis": "y", "origin": [15.68719, 3.3, 0.42742]},
			"faces": {
				"north": {"uv": [9.375, 7.25, 9.75, 7.375], "texture": "#0"},
				"east": {"uv": [8.625, 3, 9.875, 3.125], "texture": "#0"},
				"south": {"uv": [9.375, 8.625, 9.75, 8.75], "texture": "#0"},
				"west": {"uv": [8.625, 3.125, 9.875, 3.25], "texture": "#0"},
				"up": {"uv": [5.25, 8.75, 4.875, 7.5], "texture": "#0"},
				"down": {"uv": [5.625, 7.5, 5.25, 8.75], "texture": "#0"}
			}
		},
		{
			"from": [5.5, 4.3, -14],
			"to": [10.5, 9.3, -12],
			"rotation": {"angle": 0, "axis": "y", "origin": [0, 3.3, 2]},
			"faces": {
				"north": {"uv": [4.125, 3.125, 4.75, 3.75], "texture": "#0"},
				"east": {"uv": [1.375, 8.625, 1.625, 9.25], "texture": "#0"},
				"south": {"uv": [6.5, 1.125, 7.125, 1.75], "texture": "#0"},
				"west": {"uv": [8.625, 3.25, 8.875, 3.875], "texture": "#0"},
				"up": {"uv": [4.75, 4, 4.125, 3.75], "texture": "#0"},
				"down": {"uv": [7.125, 1.75, 6.5, 2], "texture": "#0"}
			}
		},
		{
			"from": [7.96301, 9.58669, -15],
			"to": [14.96301, 11.58669, -15],
			"rotation": {"angle": -22.5, "axis": "z", "origin": [-1.03699, 7.08669, 2]},
			"faces": {
				"north": {"uv": [8.375, 7.375, 9.25, 7.625], "texture": "#0"},
				"east": {"uv": [0, 0, 0, 0.25], "texture": "#0"},
				"south": {"uv": [8.375, 7.625, 9.25, 7.875], "texture": "#0"},
				"west": {"uv": [0, 0, 0, 0.25], "texture": "#0"},
				"up": {"uv": [0.875, 0, 0, 0], "texture": "#0"},
				"down": {"uv": [0.875, 0, 0, 0], "texture": "#0"}
			}
		},
		{
			"from": [7, 7.8, -15],
			"to": [9, 14.8, -15],
			"rotation": {"angle": 0, "axis": "z", "origin": [-0.5, 10.8, 2]},
			"faces": {
				"north": {"uv": [6.25, 8.5, 6.5, 9.375], "texture": "#0"},
				"east": {"uv": [0, 0, 0, 0.875], "texture": "#0"},
				"south": {"uv": [6.25, 8.5, 6.5, 9.375], "texture": "#0"},
				"west": {"uv": [0, 0, 0, 0.875], "texture": "#0"},
				"up": {"uv": [0.25, 0, 0, 0], "texture": "#0"},
				"down": {"uv": [0.25, 0, 0, 0], "texture": "#0"}
			}
		},
		{
			"from": [-1.64804, 3.08524, -15],
			"to": [5.35196, 5.08524, -15],
			"rotation": {"angle": 22.5, "axis": "z", "origin": [-0.64804, 10.58524, 2]},
			"faces": {
				"north": {"uv": [8.375, 7.625, 9.25, 7.875], "texture": "#0"},
				"east": {"uv": [0, 0, 0, 0.25], "texture": "#0"},
				"south": {"uv": [8.375, 7.375, 9.25, 7.625], "texture": "#0"},
				"west": {"uv": [0, 0, 0, 0.25], "texture": "#0"},
				"up": {"uv": [0.875, 0, 0, 0], "texture": "#0"},
				"down": {"uv": [0.875, 0, 0, 0], "texture": "#0"}
			}
		},
		{
			"from": [7, 5.8, -16],
			"to": [9, 7.8, -14],
			"rotation": {"angle": 0, "axis": "y", "origin": [0, 3.3, 2]},
			"faces": {
				"north": {"uv": [5.125, 9.25, 5.375, 9.5], "texture": "#0"},
				"east": {"uv": [5.375, 9.25, 5.625, 9.5], "texture": "#0"},
				"south": {"uv": [6, 9.25, 6.25, 9.5], "texture": "#0"},
				"west": {"uv": [9.25, 6.125, 9.5, 6.375], "texture": "#0"},
				"up": {"uv": [9.5, 6.625, 9.25, 6.375], "texture": "#0"},
				"down": {"uv": [7, 9.25, 6.75, 9.5], "texture": "#0"}
			}
		},
		{
			"from": [4, 3.3, 8],
			"to": [12, 11.3, 9],
			"rotation": {"angle": 0, "axis": "y", "origin": [0, 3.3, 2]},
			"faces": {
				"north": {"uv": [6.125, 2, 7.125, 3], "texture": "#0"},
				"east": {"uv": [1, 8.75, 1.125, 9.75], "texture": "#0"},
				"south": {"uv": [4, 6.125, 5, 7.125], "texture": "#0"},
				"west": {"uv": [2.25, 8.75, 2.375, 9.75], "texture": "#0"},
				"up": {"uv": [9.875, 5.5, 8.875, 5.375], "texture": "#0"},
				"down": {"uv": [9.875, 5.5, 8.875, 5.625], "texture": "#0"}
			}
		},
		{
			"from": [4.5, 3.3, 9],
			"to": [11.5, 11.3, 12],
			"rotation": {"angle": 0, "axis": "y", "origin": [0, 3.3, 2]},
			"faces": {
				"north": {"uv": [5, 6.125, 5.875, 7.125], "texture": "#0"},
				"east": {"uv": [7.75, 1, 8.125, 2], "texture": "#0"},
				"south": {"uv": [5.875, 6.125, 6.75, 7.125], "texture": "#0"},
				"west": {"uv": [3.875, 7.75, 4.25, 8.75], "texture": "#0"},
				"up": {"uv": [9, 1.375, 8.125, 1], "texture": "#0"},
				"down": {"uv": [9, 1.375, 8.125, 1.75], "texture": "#0"}
			}
		},
		{
			"from": [5, 3.3, -1],
			"to": [11, 12.3, 1],
			"rotation": {"angle": 0, "axis": "x", "origin": [0, 3.3, 2]},
			"faces": {
				"north": {"uv": [6.5, 0, 7.25, 1.125], "texture": "#0"},
				"east": {"uv": [1.125, 8.25, 1.375, 9.375], "texture": "#0"},
				"south": {"uv": [6.75, 3, 7.5, 4.125], "texture": "#0"},
				"west": {"uv": [2.375, 8.25, 2.625, 9.375], "texture": "#0"},
				"up": {"uv": [4.75, 5.25, 4, 5], "texture": "#0"},
				"down": {"uv": [9.25, 7.875, 8.5, 8.125], "texture": "#0"}
			}
		},
		{
			"from": [6, 12.3, -1],
			"to": [10, 14.3, 1],
			"rotation": {"angle": 0, "axis": "x", "origin": [0, 3.3, 2]},
			"faces": {
				"north": {"uv": [8.875, 5.625, 9.375, 5.875], "texture": "#0"},
				"east": {"uv": [7, 9.25, 7.25, 9.5], "texture": "#0"},
				"south": {"uv": [8.875, 8.625, 9.375, 8.875], "texture": "#0"},
				"west": {"uv": [7.25, 9.25, 7.5, 9.5], "texture": "#0"},
				"up": {"uv": [9.375, 9.125, 8.875, 8.875], "texture": "#0"},
				"down": {"uv": [9.5, 0, 9, 0.25], "texture": "#0"}
			}
		},
		{
			"from": [6, 12.3, 6],
			"to": [10, 14.3, 8],
			"rotation": {"angle": 0, "axis": "x", "origin": [0, 3.3, 2]},
			"faces": {
				"north": {"uv": [9, 0.25, 9.5, 0.5], "texture": "#0"},
				"east": {"uv": [9.25, 7.375, 9.5, 7.625], "texture": "#0"},
				"south": {"uv": [9, 1, 9.5, 1.25], "texture": "#0"},
				"west": {"uv": [9.25, 7.625, 9.5, 7.875], "texture": "#0"},
				"up": {"uv": [9.5, 1.5, 9, 1.25], "texture": "#0"},
				"down": {"uv": [9.5, 1.5, 9, 1.75], "texture": "#0"}
			}
		},
		{
			"from": [5, 3.3, 2],
			"to": [11, 4.3, 6],
			"rotation": {"angle": 0, "axis": "x", "origin": [0, 3.3, 2]},
			"faces": {
				"north": {"uv": [9, 4, 9.75, 4.125], "texture": "#0"},
				"east": {"uv": [9.25, 7.875, 9.75, 8], "texture": "#0"},
				"south": {"uv": [9, 4.125, 9.75, 4.25], "texture": "#0"},
				"west": {"uv": [9.25, 8, 9.75, 8.125], "texture": "#0"},
				"up": {"uv": [8.625, 3.375, 7.875, 2.875], "texture": "#0"},
				"down": {"uv": [8.625, 3.375, 7.875, 3.875], "texture": "#0"}
			}
		},
		{
			"from": [5, 3.3, -5],
			"to": [11, 4.3, -1],
			"rotation": {"angle": 0, "axis": "x", "origin": [0, 3.3, 2]},
			"faces": {
				"north": {"uv": [9, 4.25, 9.75, 4.375], "texture": "#0"},
				"east": {"uv": [9.25, 8.125, 9.75, 8.25], "texture": "#0"},
				"south": {"uv": [9, 4.375, 9.75, 4.5], "texture": "#0"},
				"west": {"uv": [9.25, 8.25, 9.75, 8.375], "texture": "#0"},
				"up": {"uv": [8.625, 4.375, 7.875, 3.875], "texture": "#0"},
				"down": {"uv": [8.625, 4.375, 7.875, 4.875], "texture": "#0"}
			}
		},
		{
			"from": [5, 3.3, 6],
			"to": [11, 12.3, 8],
			"rotation": {"angle": 0, "axis": "x", "origin": [0, 3.3, 2]},
			"faces": {
				"north": {"uv": [6.75, 4.125, 7.5, 5.25], "texture": "#0"},
				"east": {"uv": [2.625, 8.25, 2.875, 9.375], "texture": "#0"},
				"south": {"uv": [6.75, 6.125, 7.5, 7.25], "texture": "#0"},
				"west": {"uv": [2.875, 8.25, 3.125, 9.375], "texture": "#0"},
				"up": {"uv": [9.25, 8.375, 8.5, 8.125], "texture": "#0"},
				"down": {"uv": [9.25, 8.375, 8.5, 8.625], "texture": "#0"}
			}
		},
		{
			"from": [5.5, 5.3, 12],
			"to": [10.5, 10.3, 16],
			"rotation": {"angle": 0, "axis": "y", "origin": [0, 3.3, 2]},
			"faces": {
				"north": {"uv": [5.625, 7.5, 6.25, 8.125], "texture": "#0"},
				"east": {"uv": [0, 8.25, 0.5, 8.875], "texture": "#0"},
				"south": {"uv": [0.75, 7.625, 1.375, 8.25], "texture": "#0"},
				"west": {"uv": [8.25, 0, 8.75, 0.625], "texture": "#0"},
				"up": {"uv": [1.125, 8.75, 0.5, 8.25], "texture": "#0"},
				"down": {"uv": [2.375, 8.25, 1.75, 8.75], "texture": "#0"}
			}
		},
		{
			"from": [6.51, -0.29847, 13.90925],
			"to": [9.49, 2.70153, 24.90925],
			"rotation": {"angle": -22.5, "axis": "x", "origin": [1, -3.29847, 3.90925]},
			"faces": {
				"north": {"uv": [8.625, 3.875, 9, 4.25], "texture": "#0"},
				"east": {"uv": [4.875, 7.125, 6.25, 7.5], "texture": "#0"},
				"south": {"uv": [8.625, 4.25, 9, 4.625], "texture": "#0"},
				"west": {"uv": [0, 7.25, 1.375, 7.625], "texture": "#0"},
				"up": {"uv": [6.625, 8.5, 6.25, 7.125], "texture": "#0"},
				"down": {"uv": [1.75, 7.25, 1.375, 8.625], "texture": "#0"}
			}
		},
		{
			"from": [6.5, 7.3, 16],
			"to": [9.5, 10.3, 23],
			"rotation": {"angle": 0, "axis": "x", "origin": [2, -3.7, 5]},
			"faces": {
				"north": {"uv": [8.125, 8.625, 8.5, 9], "texture": "#0"},
				"east": {"uv": [8.125, 1.75, 9, 2.125], "texture": "#0"},
				"south": {"uv": [8.5, 8.625, 8.875, 9], "texture": "#0"},
				"west": {"uv": [8.125, 2.125, 9, 2.5], "texture": "#0"},
				"up": {"uv": [4.625, 8.625, 4.25, 7.75], "texture": "#0"},
				"down": {"uv": [6, 8.125, 5.625, 9], "texture": "#0"}
			}
		},
		{
			"from": [7, 8.3, 23],
			"to": [9, 10.3, 31],
			"rotation": {"angle": 0, "axis": "y", "origin": [0, 4.3, 2]},
			"faces": {
				"north": {"uv": [8.375, 9.25, 8.625, 9.5], "texture": "#0"},
				"east": {"uv": [8.375, 6.875, 9.375, 7.125], "texture": "#0"},
				"south": {"uv": [9.25, 8.375, 9.5, 8.625], "texture": "#0"},
				"west": {"uv": [8.375, 7.125, 9.375, 7.375], "texture": "#0"},
				"up": {"uv": [2, 8.25, 1.75, 7.25], "texture": "#0"},
				"down": {"uv": [3.875, 8.25, 3.625, 9.25], "texture": "#0"}
			}
		},
		{
			"from": [0, 9.24961, 26],
			"to": [16, 9.74961, 32],
			"rotation": {"angle": 0, "axis": "y", "origin": [7.5, 4.24961, 3.05408]},
			"faces": {
				"north": {"uv": [8.875, 5.875, 10.875, 5.9375], "texture": "#0"},
				"east": {"uv": [9.375, 8.75, 10.125, 8.8125], "texture": "#0"},
				"south": {"uv": [9, 1.75, 11, 1.8125], "texture": "#0"},
				"west": {"uv": [9.375, 8.875, 10.125, 8.9375], "texture": "#0"},
				"up": {"uv": [6, 6.125, 4, 5.375], "texture": "#0"},
				"down": {"uv": [8, 5.375, 6, 6.125], "texture": "#0"}
			}
		},
		{
			"from": [7.5, 18.3, 22.5],
			"to": [8.5, 26.3, 26.5],
			"rotation": {"angle": 22.5, "axis": "x", "origin": [0, 4.3, 3]},
			"faces": {
				"north": {"uv": [4.125, 8.75, 4.25, 9.75], "texture": "#0"},
				"east": {"uv": [6.625, 7.25, 7.125, 8.25], "texture": "#0"},
				"south": {"uv": [7.5, 8.75, 7.625, 9.75], "texture": "#0"},
				"west": {"uv": [7.125, 7.25, 7.625, 8.25], "texture": "#0"},
				"up": {"uv": [8.75, 9.75, 8.625, 9.25], "texture": "#0"},
				"down": {"uv": [8.875, 9.25, 8.75, 9.75], "texture": "#0"}
			}
		}
	],
	"display": {
		"head": {
			"translation": [0, -9, 31.25],
			"scale": [3, 3, 3]
		},
		"gui": {
            "rotation": [26, -152, 0],
            "translation": [-0.25, 0, 0],
            "scale": [0.32, 0.32, 0.32]
        }
	},
	"groups": [
		{
			"name": "bone",
			"origin": [0, 0, 0],
			"color": 0,
			"children": [0, 1, 2, 3, 4, 5, 6, 7, 8, 9, 10, 11, 12, 13, 14, 15, 16, 17, 18, 19, 20, 21, 22, 23, 24, 25, 26, 27, 28, 29, 30, 31, 32, 33, 34, 35, 36, 37, 38, 39, 40, 41, 42, 43, 44, 45, 46, 47, 48, 49, 50, 51, 52, 53, 54, 55, 56, 57, 58, 59, 60, 61, 62, 63]
		}
	]
}