{
	"__comment": "Designed by Spooky_538 with Cubik Studio - https://cubik.studio",
	"textures": {
		"0": "vehicles/cars/ufo_vehicle",
		"particle": "vehicles/cars/ufo_vehicle"
	},
	"elements": [ 	 
		{
			"__comment": "Element",
			"from": [ -4, -5.5, 5.5 ],
			"to": [ 4, -2, 10.5 ],
			"faces": {
				"down": { "uv": [ 3.6875, 1.625, 3.1875, 1.9375 ], "texture": "#0" },
				"up": { "uv": [ 2.0625, 1.4375, 1.5625, 1.125 ], "texture": "#0" },
				"north": { "uv": [ 6, 5.75, 6.5, 6 ], "texture": "#0" },
				"south": { "uv": [ 5.75, 8.5, 6.25, 8.75 ], "texture": "#0" },
				"west": { "uv": [ 7.375, 9.0625, 7.6875, 9.3125 ], "texture": "#0" },
				"east": { "uv": [ 8.875, 4.5, 9.1875, 4.75 ], "texture": "#0" }
			}
		},
		{
			"__comment": "Element",
			"from": [ -0.742, -5.5, 4.8791 ],
			"to": [ 7.258, -2, 9.879101 ],
			"rotation": { "origin": [ 11.75801, -0.5, 15.87913 ], "axis": "y", "angle": 22.5 },
			"faces": {
				"down": { "uv": [ 8.625, 8.125, 8.125, 8.4375 ], "texture": "#0" },
				"up": { "uv": [ 2.875, 8.4375, 2.375, 8.125 ], "texture": "#0" },
				"north": { "uv": [ 7.3125, 8.5625, 7.8125, 8.8125 ], "texture": "#0" },
				"south": { "uv": [ 8.5625, 5.6875, 9.0625, 5.9375 ], "texture": "#0" },
				"west": { "uv": [ 4.5625, 9.125, 4.875, 9.375 ], "texture": "#0" },
				"east": { "uv": [ 4.25, 9.125, 4.5625, 9.375 ], "texture": "#0" }
			}
		},
		{
			"__comment": "Element",
			"from": [ -0.742, -5.5, 6.1209 ],
			"to": [ 7.258, -2, 11.1209 ],
			"rotation": { "origin": [ 11.75801, -0.5, 0.12087 ], "axis": "y", "angle": -22.5 },
			"faces": {
				"down": { "uv": [ 8.6875, 5.0625, 8.1875, 5.375 ], "texture": "#0" },
				"up": { "uv": [ 8.6875, 5.0625, 8.1875, 4.75 ], "texture": "#0" },
				"north": { "uv": [ 5.125, 8.625, 5.625, 8.875 ], "texture": "#0" },
				"south": { "uv": [ 8.625, 7.8125, 9.125, 8.0625 ], "texture": "#0" },
				"west": { "uv": [ 9.125, 2.5, 9.4375, 2.75 ], "texture": "#0" },
				"east": { "uv": [ 9.125, 2.25, 9.4375, 2.5 ], "texture": "#0" }
			}
		},
		{
			"__comment": "Element",
			"from": [ 4.6122, -5.5, 3.0764 ],
			"to": [ 8.8122, -2, 11.0764 ],
			"rotation": { "origin": [ -1.3878, -0.5, 10.06467 ], "axis": "y", "angle": 45 },
			"faces": {
				"down": { "uv": [ 4.375, 8.25, 4.125, 8.75 ], "texture": "#0" },
				"up": { "uv": [ 5.8125, 2.75, 5.5625, 2.25 ], "texture": "#0" },
				"north": { "uv": [ 1.625, 5, 1.875, 5.25 ], "texture": "#0" },
				"south": { "uv": [ 5.5625, 2.75, 5.8125, 3 ], "texture": "#0" },
				"west": { "uv": [ 8.125, 8.6875, 8.625, 8.9375 ], "texture": "#0" },
				"east": { "uv": [ 1.5, 8.6875, 2, 8.9375 ], "texture": "#0" }
			}
		},
		{
			"__comment": "Element",
			"from": [ 4.0116, -5.5, -0.3224 ],
			"to": [ 9.0116, -2, 7.6776 ],
			"rotation": { "origin": [ -1.98839, -0.5, 6.6658 ], "axis": "y", "angle": 22.5 },
			"faces": {
				"down": { "uv": [ 3.1875, 8.25, 2.875, 8.75 ], "texture": "#0" },
				"up": { "uv": [ 6.4375, 8.5, 6.125, 8 ], "texture": "#0" },
				"north": { "uv": [ 9.125, 3.25, 9.4375, 3.5 ], "texture": "#0" },
				"south": { "uv": [ 9.125, 3.5, 9.4375, 3.75 ], "texture": "#0" },
				"west": { "uv": [ 1, 8.6875, 1.5, 8.9375 ], "texture": "#0" },
				"east": { "uv": [ 0.5, 8.6875, 1, 8.9375 ], "texture": "#0" }
			}
		},
		{
			"__comment": "Element",
			"from": [ 5.5, -5.5, -4 ],
			"to": [ 10.5, -2, 4 ],
			"faces": {
				"down": { "uv": [ 2.1875, 4.1875, 1.875, 4.6875 ], "texture": "#0" },
				"up": { "uv": [ 1.4375, 2.6875, 1.125, 2.1875 ], "texture": "#0" },
				"north": { "uv": [ 4.875, 4.125, 5.1875, 4.375 ], "texture": "#0" },
				"south": { "uv": [ 5.1875, 4.75, 5.5, 5 ], "texture": "#0" },
				"west": { "uv": [ 3.75, 3.5, 4.25, 3.75 ], "texture": "#0" },
				"east": { "uv": [ 1.0625, 0.8125, 1.5625, 1.0625 ], "texture": "#0" }
			}
		},
		{
			"__comment": "Element",
			"from": [ 6.9884, -5.5, -0.3224 ],
			"to": [ 11.9884, -2, 7.6776 ],
			"rotation": { "origin": [ 17.98839, -0.5, 6.6658 ], "axis": "y", "angle": -22.5 },
			"faces": {
				"down": { "uv": [ 8.5625, 0, 8.25, 0.5 ], "texture": "#0" },
				"up": { "uv": [ 4.125, 8.75, 3.8125, 8.25 ], "texture": "#0" },
				"north": { "uv": [ 9.125, 4.25, 9.4375, 4.5 ], "texture": "#0" },
				"south": { "uv": [ 9.125, 7.8125, 9.4375, 8.0625 ], "texture": "#0" },
				"west": { "uv": [ 4.25, 8.875, 4.75, 9.125 ], "texture": "#0" },
				"east": { "uv": [ 7.3125, 8.8125, 7.8125, 9.0625 ], "texture": "#0" }
			}
		},
		{
			"__comment": "Element",
			"from": [ 7.1878, -5.5, 3.0764 ],
			"to": [ 11.3878, -2, 11.0764 ],
			"rotation": { "origin": [ 17.3878, -0.5, 10.06467 ], "axis": "y", "angle": -45 },
			"faces": {
				"down": { "uv": [ 2.25, 8.6875, 2, 9.1875 ], "texture": "#0" },
				"up": { "uv": [ 6.5, 9, 6.25, 8.5 ], "texture": "#0" },
				"north": { "uv": [ 5.75, 6.6875, 6, 6.9375 ], "texture": "#0" },
				"south": { "uv": [ 1.3125, 6.75, 1.5625, 7 ], "texture": "#0" },
				"west": { "uv": [ 8.6875, 4.75, 9.1875, 5 ], "texture": "#0" },
				"east": { "uv": [ 8.625, 8.6875, 9.125, 8.9375 ], "texture": "#0" }
			}
		},
		{
			"__comment": "Element",
			"from": [ 8.742, -5.5, 6.1209 ],
			"to": [ 16.742, -2, 11.1209 ],
			"rotation": { "origin": [ 4.24199, -0.5, 0.12087 ], "axis": "y", "angle": 22.5 },
			"faces": {
				"down": { "uv": [ 0.5, 8.25, 0, 8.5625 ], "texture": "#0" },
				"up": { "uv": [ 8.6875, 5.6875, 8.1875, 5.375 ], "texture": "#0" },
				"north": { "uv": [ 8.625, 8.0625, 9.125, 8.3125 ], "texture": "#0" },
				"south": { "uv": [ 0, 8.6875, 0.5, 8.9375 ], "texture": "#0" },
				"west": { "uv": [ 9.125, 3, 9.4375, 3.25 ], "texture": "#0" },
				"east": { "uv": [ 9.125, 2.75, 9.4375, 3 ], "texture": "#0" }
			}
		},
		{
			"__comment": "Element",
			"from": [ 12, -5.5, 5.5 ],
			"to": [ 20, -2, 10.5 ],
			"faces": {
				"down": { "uv": [ 2.375, 8.125, 1.875, 8.4375 ], "texture": "#0" },
				"up": { "uv": [ 3.625, 7.75, 3.125, 7.4375 ], "texture": "#0" },
				"north": { "uv": [ 2.25, 8.5625, 2.75, 8.8125 ], "texture": "#0" },
				"south": { "uv": [ 6.8125, 8.5625, 7.3125, 8.8125 ], "texture": "#0" },
				"west": { "uv": [ 9.0625, 5.75, 9.375, 6 ], "texture": "#0" },
				"east": { "uv": [ 9.0625, 5.5, 9.375, 5.75 ], "texture": "#0" }
			}
		},
		{
			"__comment": "Element",
			"from": [ 8.742, -5.5, 4.8791 ],
			"to": [ 16.742, -2, 9.879101 ],
			"rotation": { "origin": [ 4.24199, -0.5, 15.87913 ], "axis": "y", "angle": -22.5 },
			"faces": {
				"down": { "uv": [ 1.625, 8.1875, 1.125, 8.5 ], "texture": "#0" },
				"up": { "uv": [ 8.625, 8.125, 8.125, 7.8125 ], "texture": "#0" },
				"north": { "uv": [ 8.5625, 5.9375, 9.0625, 6.1875 ], "texture": "#0" },
				"south": { "uv": [ 4.625, 8.625, 5.125, 8.875 ], "texture": "#0" },
				"west": { "uv": [ 9.125, 2, 9.4375, 2.25 ], "texture": "#0" },
				"east": { "uv": [ 4.875, 9.125, 5.1875, 9.375 ], "texture": "#0" }
			}
		},
		{
			"__comment": "Element",
			"from": [ 7.1878, -5.5, 4.9236 ],
			"to": [ 11.3878, -2, 12.9236 ],
			"rotation": { "origin": [ 17.3878, -0.5, 5.93533 ], "axis": "y", "angle": 45 },
			"faces": {
				"down": { "uv": [ 3.25, 8.75, 3, 9.25 ], "texture": "#0" },
				"up": { "uv": [ 3, 9.25, 2.75, 8.75 ], "texture": "#0" },
				"north": { "uv": [ 6.5625, 7, 6.8125, 7.25 ], "texture": "#0" },
				"south": { "uv": [ 1.625, 8.1875, 1.875, 8.4375 ], "texture": "#0" },
				"west": { "uv": [ 8.6875, 5.25, 9.1875, 5.5 ], "texture": "#0" },
				"east": { "uv": [ 8.6875, 5, 9.1875, 5.25 ], "texture": "#0" }
			}
		},
		{
			"__comment": "Element",
			"from": [ 6.9884, -5.5, 8.3224 ],
			"to": [ 11.9884, -2, 16.3224 ],
			"rotation": { "origin": [ 17.98839, -0.5, 9.3342 ], "axis": "y", "angle": 22.5 },
			"faces": {
				"down": { "uv": [ 8.5625, 5.6875, 8.25, 6.1875 ], "texture": "#0" },
				"up": { "uv": [ 8.5625, 1, 8.25, 0.5 ], "texture": "#0" },
				"north": { "uv": [ 9.125, 8.0625, 9.4375, 8.3125 ], "texture": "#0" },
				"south": { "uv": [ 9.125, 8.6875, 9.4375, 8.9375 ], "texture": "#0" },
				"west": { "uv": [ 8.875, 1.75, 9.375, 2 ], "texture": "#0" },
				"east": { "uv": [ 4.75, 8.875, 5.25, 9.125 ], "texture": "#0" }
			}
		},
		{
			"__comment": "Element",
			"from": [ 5.5, -5.5, 12 ],
			"to": [ 10.5, -2, 20 ],
			"faces": {
				"down": { "uv": [ 5.5625, 5.8125, 5.25, 6.3125 ], "texture": "#0" },
				"up": { "uv": [ 4.625, 0.5, 4.3125, 0 ], "texture": "#0" },
				"north": { "uv": [ 6.375, 5, 6.6875, 5.25 ], "texture": "#0" },
				"south": { "uv": [ 6.5, 5.75, 6.8125, 6 ], "texture": "#0" },
				"west": { "uv": [ 5.8125, 4.5, 6.3125, 4.75 ], "texture": "#0" },
				"east": { "uv": [ 4.375, 4.125, 4.875, 4.375 ], "texture": "#0" }
			}
		},
		{
			"__comment": "Element",
			"from": [ 4.0116, -5.5, 8.3224 ],
			"to": [ 9.0116, -2, 16.3224 ],
			"rotation": { "origin": [ -1.98839, -0.5, 9.3342 ], "axis": "y", "angle": -22.5 },
			"faces": {
				"down": { "uv": [ 3.8125, 8.25, 3.5, 8.75 ], "texture": "#0" },
				"up": { "uv": [ 3.5, 8.75, 3.1875, 8.25 ], "texture": "#0" },
				"north": { "uv": [ 9.125, 3.75, 9.4375, 4 ], "texture": "#0" },
				"south": { "uv": [ 9.125, 4, 9.4375, 4.25 ], "texture": "#0" },
				"west": { "uv": [ 6.8125, 8.8125, 7.3125, 9.0625 ], "texture": "#0" },
				"east": { "uv": [ 2.25, 8.8125, 2.75, 9.0625 ], "texture": "#0" }
			}
		},
		{
			"__comment": "Element",
			"from": [ 4.6122, -5.5, 4.9236 ],
			"to": [ 8.8122, -2, 12.9236 ],
			"rotation": { "origin": [ -1.3878, -0.5, 5.93533 ], "axis": "y", "angle": -45 },
			"faces": {
				"down": { "uv": [ 6.125, 8.75, 5.875, 9.25 ], "texture": "#0" },
				"up": { "uv": [ 5.875, 9.25, 5.625, 8.75 ], "texture": "#0" },
				"north": { "uv": [ 2, 9.1875, 2.25, 9.4375 ], "texture": "#0" },
				"south": { "uv": [ 9.1875, 4.5, 9.4375, 4.75 ], "texture": "#0" },
				"west": { "uv": [ 3.75, 8.75, 4.25, 9 ], "texture": "#0" },
				"east": { "uv": [ 3.25, 8.75, 3.75, 9 ], "texture": "#0" }
			}
		},
		{
			"__comment": "Element",
			"from": [ 5.9768, 0, 11.6449 ],
			"to": [ 15.9768, 8, 24.6449 ],
			"rotation": { "origin": [ 27.97679, 8, 10.66839 ], "axis": "y", "angle": 22.5 },
			"faces": {
				"down": { "uv": [ 4.125, 5.3125, 3.5, 6.125 ], "texture": "#0" },
				"up": { "uv": [ 3.5, 6.125, 2.875, 5.3125 ], "texture": "#0" },
				"north": { "uv": [ 3.125, 7.75, 3.75, 8.25 ], "texture": "#0" },
				"south": { "uv": [ 3.75, 7.75, 4.375, 8.25 ], "texture": "#0" },
				"west": { "uv": [ 7, 3.8125, 7.8125, 4.3125 ], "texture": "#0" },
				"east": { "uv": [ 7, 3.3125, 7.8125, 3.8125 ], "texture": "#0" }
			}
		},
		{
			"__comment": "Element",
			"from": [ 3, 0, -16 ],
			"to": [ 13, 8, -3 ],
			"faces": {
				"down": { "uv": [ 0.625, 4.1875, 0, 5 ], "texture": "#0" },
				"up": { "uv": [ 4.375, 4.5625, 3.75, 3.75 ], "texture": "#0" },
				"north": { "uv": [ 1.875, 7.125, 2.5, 7.625 ], "texture": "#0" },
				"south": { "uv": [ 2.5, 7.125, 3.125, 7.625 ], "texture": "#0" },
				"west": { "uv": [ 5.5625, 4.75, 6.375, 5.25 ], "texture": "#0" },
				"east": { "uv": [ 1.125, 2.6875, 1.9375, 3.1875 ], "texture": "#0" }
			}
		},
		{
			"__comment": "Element",
			"from": [ 3, 0, 19 ],
			"to": [ 13, 8, 32 ],
			"faces": {
				"down": { "uv": [ 1.875, 4.1875, 1.25, 5 ], "texture": "#0" },
				"up": { "uv": [ 1.25, 5, 0.625, 4.1875 ], "texture": "#0" },
				"north": { "uv": [ 7.1875, 4.3125, 7.8125, 4.8125 ], "texture": "#0" },
				"south": { "uv": [ 0, 7.25, 0.625, 7.75 ], "texture": "#0" },
				"west": { "uv": [ 6, 0, 6.8125, 0.5 ], "texture": "#0" },
				"east": { "uv": [ 6, 6, 6.8125, 6.5 ], "texture": "#0" }
			}
		},
		{
			"__comment": "Element",
			"from": [ -16, 0, 3 ],
			"to": [ -3, 8, 13 ],
			"faces": {
				"down": { "uv": [ 5.1875, 3.5, 4.375, 4.125 ], "texture": "#0" },
				"up": { "uv": [ 5.1875, 5, 4.375, 4.375 ], "texture": "#0" },
				"north": { "uv": [ 6, 0.5, 6.8125, 1 ], "texture": "#0" },
				"south": { "uv": [ 6, 1, 6.8125, 1.5 ], "texture": "#0" },
				"west": { "uv": [ 7.1875, 7.3125, 7.8125, 7.8125 ], "texture": "#0" },
				"east": { "uv": [ 6.5625, 7.3125, 7.1875, 7.8125 ], "texture": "#0" }
			}
		},
		{
			"__comment": "Element",
			"from": [ 19, 0, 3 ],
			"to": [ 32, 8, 13 ],
			"faces": {
				"down": { "uv": [ 3.5, 4.6875, 2.6875, 5.3125 ], "texture": "#0" },
				"up": { "uv": [ 2.6875, 5.3125, 1.875, 4.6875 ], "texture": "#0" },
				"north": { "uv": [ 6, 1.5, 6.8125, 2 ], "texture": "#0" },
				"south": { "uv": [ 6, 5.25, 6.8125, 5.75 ], "texture": "#0" },
				"west": { "uv": [ 7.3125, 4.8125, 7.9375, 5.3125 ], "texture": "#0" },
				"east": { "uv": [ 7.3125, 1, 7.9375, 1.5 ], "texture": "#0" }
			}
		},
		{
			"__comment": "Element",
			"from": [ -9.484, 0, 1.7583 ],
			"to": [ 3.516, 8, 11.7583 ],
			"rotation": { "origin": [ 15.51602, 8, 23.75826 ], "axis": "y", "angle": 22.5 },
			"faces": {
				"down": { "uv": [ 5.5625, 0, 4.75, 0.625 ], "texture": "#0" },
				"up": { "uv": [ 4.3125, 5.3125, 3.5, 4.6875 ], "texture": "#0" },
				"north": { "uv": [ 1.5625, 6.125, 2.375, 6.625 ], "texture": "#0" },
				"south": { "uv": [ 2.375, 6.125, 3.1875, 6.625 ], "texture": "#0" },
				"west": { "uv": [ 4.6875, 7.5, 5.3125, 8 ], "texture": "#0" },
				"east": { "uv": [ 7.3125, 5.3125, 7.9375, 5.8125 ], "texture": "#0" }
			}
		},
		{
			"__comment": "Element",
			"from": [ 12.484, 0, 1.7583 ],
			"to": [ 25.484, 8, 11.7583 ],
			"rotation": { "origin": [ 0.48398, 8, 23.75826 ], "axis": "y", "angle": -22.5 },
			"faces": {
				"down": { "uv": [ 5.5625, 1.25, 4.75, 1.875 ], "texture": "#0" },
				"up": { "uv": [ 5.5625, 1.25, 4.75, 0.625 ], "texture": "#0" },
				"north": { "uv": [ 3.1875, 6.125, 4, 6.625 ], "texture": "#0" },
				"south": { "uv": [ 6.1875, 2, 7, 2.5 ], "texture": "#0" },
				"west": { "uv": [ 5.9375, 7.5, 6.5625, 8 ], "texture": "#0" },
				"east": { "uv": [ 5.3125, 7.5, 5.9375, 8 ], "texture": "#0" }
			}
		},
		{
			"__comment": "Element",
			"from": [ -9.484, 0, 4.2417 ],
			"to": [ 3.516, 8, 14.2417 ],
			"rotation": { "origin": [ 15.51602, 8, -7.75826 ], "axis": "y", "angle": -22.5 },
			"faces": {
				"down": { "uv": [ 5.5625, 2.5, 4.75, 3.125 ], "texture": "#0" },
				"up": { "uv": [ 5.5625, 2.5, 4.75, 1.875 ], "texture": "#0" },
				"north": { "uv": [ 6.1875, 2.5, 7, 3 ], "texture": "#0" },
				"south": { "uv": [ 6.1875, 3, 7, 3.5 ], "texture": "#0" },
				"west": { "uv": [ 1.875, 7.625, 2.5, 8.125 ], "texture": "#0" },
				"east": { "uv": [ 0.625, 7.5625, 1.25, 8.0625 ], "texture": "#0" }
			}
		},
		{
			"__comment": "Element",
			"from": [ 12.484, 0, 4.2417 ],
			"to": [ 25.484, 8, 14.2417 ],
			"rotation": { "origin": [ 0.48398, 8, -7.75826 ], "axis": "y", "angle": 22.5 },
			"faces": {
				"down": { "uv": [ 1.625, 5, 0.8125, 5.625 ], "texture": "#0" },
				"up": { "uv": [ 0.8125, 5.625, 0, 5 ], "texture": "#0" },
				"north": { "uv": [ 6.1875, 3.5, 7, 4 ], "texture": "#0" },
				"south": { "uv": [ 6.1875, 4, 7, 4.5 ], "texture": "#0" },
				"west": { "uv": [ 7.625, 0, 8.25, 0.5 ], "texture": "#0" },
				"east": { "uv": [ 2.5, 7.625, 3.125, 8.125 ], "texture": "#0" }
			}
		},
		{
			"__comment": "Element",
			"from": [ 0.0232, 0, -8.644899 ],
			"to": [ 10.0232, 8, 4.355101 ],
			"rotation": { "origin": [ -11.97679, 8, 5.33161 ], "axis": "y", "angle": 22.5 },
			"faces": {
				"down": { "uv": [ 5.5625, 5, 4.9375, 5.8125 ], "texture": "#0" },
				"up": { "uv": [ 4.9375, 5.8125, 4.3125, 5 ], "texture": "#0" },
				"north": { "uv": [ 7.625, 0.5, 8.25, 1 ], "texture": "#0" },
				"south": { "uv": [ 7.625, 5.8125, 8.25, 6.3125 ], "texture": "#0" },
				"west": { "uv": [ 6, 6.5, 6.8125, 7 ], "texture": "#0" },
				"east": { "uv": [ 6.375, 4.5, 7.1875, 5 ], "texture": "#0" }
			}
		},
		{
			"__comment": "Element",
			"from": [ 1.2244, 0, -1.8471 ],
			"to": [ 9.624399, 8, 11.1529 ],
			"rotation": { "origin": [ -10.77559, 8, 12.12934 ], "axis": "y", "angle": 45 },
			"faces": {
				"down": { "uv": [ 3.6875, 6.625, 3.1875, 7.4375 ], "texture": "#0" },
				"up": { "uv": [ 1.5625, 0.8125, 1.0625, 0 ], "texture": "#0" },
				"north": { "uv": [ 7.8125, 7.3125, 8.3125, 7.8125 ], "texture": "#0" },
				"south": { "uv": [ 7.9375, 1, 8.4375, 1.5 ], "texture": "#0" },
				"west": { "uv": [ 2.375, 6.625, 3.1875, 7.125 ], "texture": "#0" },
				"east": { "uv": [ 1.5625, 6.625, 2.375, 7.125 ], "texture": "#0" }
			}
		},
		{
			"__comment": "Element",
			"from": [ 6.3756, 0, -1.8471 ],
			"to": [ 14.7756, 8, 11.1529 ],
			"rotation": { "origin": [ 26.77559, 8, 12.12934 ], "axis": "y", "angle": -45 },
			"faces": {
				"down": { "uv": [ 1.3125, 6.75, 0.8125, 7.5625 ], "texture": "#0" },
				"up": { "uv": [ 5.75, 7.5, 5.25, 6.6875 ], "texture": "#0" },
				"north": { "uv": [ 4.625, 8, 5.125, 8.5 ], "texture": "#0" },
				"south": { "uv": [ 5.125, 8, 5.625, 8.5 ], "texture": "#0" },
				"west": { "uv": [ 6.8125, 6.8125, 7.625, 7.3125 ], "texture": "#0" },
				"east": { "uv": [ 0, 6.75, 0.8125, 7.25 ], "texture": "#0" }
			}
		},
		{
			"__comment": "Element",
			"from": [ 6.3756, 0, 4.8471 ],
			"to": [ 14.7756, 8, 17.8471 ],
			"rotation": { "origin": [ 26.77559, 8, 3.87066 ], "axis": "y", "angle": 45 },
			"faces": {
				"down": { "uv": [ 7.3125, 5, 6.8125, 5.8125 ], "texture": "#0" },
				"up": { "uv": [ 7.3125, 1.8125, 6.8125, 1 ], "texture": "#0" },
				"north": { "uv": [ 5.625, 8, 6.125, 8.5 ], "texture": "#0" },
				"south": { "uv": [ 0.625, 8.0625, 1.125, 8.5625 ], "texture": "#0" },
				"west": { "uv": [ 6.8125, 0.5, 7.625, 1 ], "texture": "#0" },
				"east": { "uv": [ 6.8125, 0, 7.625, 0.5 ], "texture": "#0" }
			}
		},
		{
			"__comment": "Element",
			"from": [ 1.2244, 0, 4.8471 ],
			"to": [ 9.624399, 8, 17.8471 ],
			"rotation": { "origin": [ -10.77559, 8, 3.87066 ], "axis": "y", "angle": -45 },
			"faces": {
				"down": { "uv": [ 4.6875, 6.9375, 4.1875, 7.75 ], "texture": "#0" },
				"up": { "uv": [ 4.1875, 7.75, 3.6875, 6.9375 ], "texture": "#0" },
				"north": { "uv": [ 6.8125, 8.0625, 7.3125, 8.5625 ], "texture": "#0" },
				"south": { "uv": [ 7.3125, 8.0625, 7.8125, 8.5625 ], "texture": "#0" },
				"west": { "uv": [ 6.8125, 6.3125, 7.625, 6.8125 ], "texture": "#0" },
				"east": { "uv": [ 6.8125, 5.8125, 7.625, 6.3125 ], "texture": "#0" }
			}
		},
		{
			"__comment": "Element",
			"from": [ 0.0232, 0, 11.6449 ],
			"to": [ 10.0232, 8, 24.6449 ],
			"rotation": { "origin": [ -11.97679, 8, 10.66839 ], "axis": "y", "angle": -22.5 },
			"faces": {
				"down": { "uv": [ 5.8125, 3.9375, 5.1875, 4.75 ], "texture": "#0" },
				"up": { "uv": [ 5.8125, 3.9375, 5.1875, 3.125 ], "texture": "#0" },
				"north": { "uv": [ 7.625, 6.3125, 8.25, 6.8125 ], "texture": "#0" },
				"south": { "uv": [ 7.625, 6.8125, 8.25, 7.3125 ], "texture": "#0" },
				"west": { "uv": [ 7, 1.8125, 7.8125, 2.3125 ], "texture": "#0" },
				"east": { "uv": [ 5.75, 7, 6.5625, 7.5 ], "texture": "#0" }
			}
		},
		{
			"__comment": "Element",
			"from": [ 5.9768, 0, -8.644899 ],
			"to": [ 15.9768, 8, 4.355101 ],
			"rotation": { "origin": [ 27.97679, 8, 5.33161 ], "axis": "y", "angle": -22.5 },
			"faces": {
				"down": { "uv": [ 2.875, 5.3125, 2.25, 6.125 ], "texture": "#0" },
				"up": { "uv": [ 2.25, 6.125, 1.625, 5.3125 ], "texture": "#0" },
				"north": { "uv": [ 1.25, 7.6875, 1.875, 8.1875 ], "texture": "#0" },
				"south": { "uv": [ 0, 7.75, 0.625, 8.25 ], "texture": "#0" },
				"west": { "uv": [ 7, 2.8125, 7.8125, 3.3125 ], "texture": "#0" },
				"east": { "uv": [ 7, 2.3125, 7.8125, 2.8125 ], "texture": "#0" }
			}
		},
		{
			"__comment": "Element",
			"from": [ -4.5, 8, -0.5 ],
			"to": [ -4.499, 15.5, 16.5 ],
			"faces": {
				"down": { "uv": [ 0, 0, 0, 1.0625 ], "texture": "#0" },
				"up": { "uv": [ 0, 1.0625, 0, 0 ], "texture": "#0" },
				"north": { "uv": [ 0, 0, 0, 0.5 ], "texture": "#0" },
				"south": { "uv": [ 0, 0, 0, 0.5 ], "texture": "#0" },
				"west": { "uv": [ 1.0625, 3.6875, 2.125, 4.1875 ], "texture": "#0" },
				"east": { "uv": [ 0, 3.6875, 1.0625, 4.1875 ], "texture": "#0" }
			}
		},
		{
			"__comment": "Element",
			"from": [ -4.5, 15.5, -0.5 ],
			"to": [ -0.5, 15.501, 16.5 ],
			"faces": {
				"down": { "uv": [ 6.8125, 7.8125, 6.5625, 8.875 ], "texture": "#0" },
				"up": { "uv": [ 4.625, 8.8125, 4.375, 7.75 ], "texture": "#0" },
				"north": { "uv": [ 0, 0, 0.25, 0 ], "texture": "#0" },
				"south": { "uv": [ 0, 0, 0.25, 0 ], "texture": "#0" },
				"west": { "uv": [ 0, 0, 1.0625, 0 ], "texture": "#0" },
				"east": { "uv": [ 0, 0, 1.0625, 0 ], "texture": "#0" }
			}
		},
		{
			"__comment": "Element",
			"from": [ 16.5, 15.5, -0.5 ],
			"to": [ 20.5, 15.501, 16.5 ],
			"faces": {
				"down": { "uv": [ 8.1875, 4.75, 7.9375, 5.8125 ], "texture": "#0" },
				"up": { "uv": [ 8.125, 8.9375, 7.875, 7.875 ], "texture": "#0" },
				"north": { "uv": [ 0, 0, 0.25, 0 ], "texture": "#0" },
				"south": { "uv": [ 0, 0, 0.25, 0 ], "texture": "#0" },
				"west": { "uv": [ 0, 0, 1.0625, 0 ], "texture": "#0" },
				"east": { "uv": [ 0, 0, 1.0625, 0 ], "texture": "#0" }
			}
		},
		{
			"__comment": "Element",
			"from": [ -0.5, 15.5, -0.5 ],
			"to": [ -0.499, 19.5, 16.5 ],
			"faces": {
				"down": { "uv": [ 0, 0, 0, 1.0625 ], "texture": "#0" },
				"up": { "uv": [ 0, 1.0625, 0, 0 ], "texture": "#0" },
				"north": { "uv": [ 0, 0, 0, 0.25 ], "texture": "#0" },
				"south": { "uv": [ 0, 0, 0, 0.25 ], "texture": "#0" },
				"west": { "uv": [ 7.8125, 2, 8.875, 2.25 ], "texture": "#0" },
				"east": { "uv": [ 7.8125, 1.75, 8.875, 2 ], "texture": "#0" }
			}
		},
		{
			"__comment": "Element",
			"from": [ 16.5, 15.5, -0.5 ],
			"to": [ 16.501, 19.5, 16.5 ],
			"faces": {
				"down": { "uv": [ 0, 0, 0, 1.0625 ], "texture": "#0" },
				"up": { "uv": [ 0, 1.0625, 0, 0 ], "texture": "#0" },
				"north": { "uv": [ 0, 0, 0, 0.25 ], "texture": "#0" },
				"south": { "uv": [ 0, 0, 0, 0.25 ], "texture": "#0" },
				"west": { "uv": [ 7.8125, 3, 8.875, 3.25 ], "texture": "#0" },
				"east": { "uv": [ 7.8125, 2.75, 8.875, 3 ], "texture": "#0" }
			}
		},
		{
			"__comment": "Element",
			"from": [ -0.5, 19.5, -0.5 ],
			"to": [ 16.5, 19.501, 16.5 ],
			"faces": {
				"down": { "uv": [ 1.0625, 1.0625, 0, 2.125 ], "texture": "#0" },
				"up": { "uv": [ 1.0625, 1.0625, 0, 0 ], "texture": "#0" },
				"north": { "uv": [ 0, 0, 1.0625, 0 ], "texture": "#0" },
				"south": { "uv": [ 0, 0, 1.0625, 0 ], "texture": "#0" },
				"west": { "uv": [ 0, 0, 1.0625, 0 ], "texture": "#0" },
				"east": { "uv": [ 0, 0, 1.0625, 0 ], "texture": "#0" }
			}
		},
		{
			"__comment": "Element",
			"from": [ 3.5, -4.5, 3.5 ],
			"to": [ 12.5, -4.499, 12.5 ],
			"faces": {
				"down": { "uv": [ 1.875, 7.125, 1.3125, 7.6875 ], "texture": "#0" },
				"up": { "uv": [ 5.25, 7.5, 4.6875, 6.9375 ], "texture": "#0" },
				"north": { "uv": [ 0, 0, 0.5625, 0 ], "texture": "#0" },
				"south": { "uv": [ 0, 0, 0.5625, 0 ], "texture": "#0" },
				"west": { "uv": [ 0, 0, 0.5625, 0 ], "texture": "#0" },
				"east": { "uv": [ 0, 0, 0.5625, 0 ], "texture": "#0" }
			}
		},
		{
			"__comment": "Element",
			"from": [ -0.5, 15.5, -0.5 ],
			"to": [ 16.5, 19.5, -0.499 ],
			"faces": {
				"down": { "uv": [ 1.0625, 0, 0, 0 ], "texture": "#0" },
				"up": { "uv": [ 1.0625, 0, 0, 0 ], "texture": "#0" },
				"north": { "uv": [ 7.8125, 2.25, 8.875, 2.5 ], "texture": "#0" },
				"south": { "uv": [ 7.8125, 2.5, 8.875, 2.75 ], "texture": "#0" },
				"west": { "uv": [ 0, 0, 0, 0.25 ], "texture": "#0" },
				"east": { "uv": [ 0, 0, 0, 0.25 ], "texture": "#0" }
			}
		},
		{
			"__comment": "Element",
			"from": [ -0.5, 15.5, 16.5 ],
			"to": [ 16.5, 19.5, 16.501 ],
			"faces": {
				"down": { "uv": [ 1.0625, 0, 0, 0 ], "texture": "#0" },
				"up": { "uv": [ 1.0625, 0, 0, 0 ], "texture": "#0" },
				"north": { "uv": [ 7.8125, 3.25, 8.875, 3.5 ], "texture": "#0" },
				"south": { "uv": [ 7.8125, 3.5, 8.875, 3.75 ], "texture": "#0" },
				"west": { "uv": [ 0, 0, 0, 0.25 ], "texture": "#0" },
				"east": { "uv": [ 0, 0, 0, 0.25 ], "texture": "#0" }
			}
		},
		{
			"__comment": "Element",
			"from": [ -0.5, 15.5, -0.5 ],
			"to": [ 16.5, 19.5, -0.499 ],
			"faces": {
				"down": { "uv": [ 1.0625, 0, 0, 0 ], "texture": "#0" },
				"up": { "uv": [ 1.0625, 0, 0, 0 ], "texture": "#0" },
				"north": { "uv": [ 7.8125, 3.75, 8.875, 4 ], "texture": "#0" },
				"south": { "uv": [ 7.8125, 4, 8.875, 4.25 ], "texture": "#0" },
				"west": { "uv": [ 0, 0, 0, 0.25 ], "texture": "#0" },
				"east": { "uv": [ 0, 0, 0, 0.25 ], "texture": "#0" }
			}
		},
		{
			"__comment": "Element",
			"from": [ -0.5, 15.5, -4.5 ],
			"to": [ 16.5, 15.501, -0.5 ],
			"faces": {
				"down": { "uv": [ 7.875, 7.8125, 6.8125, 8.0625 ], "texture": "#0" },
				"up": { "uv": [ 8.375, 1.75, 7.3125, 1.5 ], "texture": "#0" },
				"north": { "uv": [ 0, 0, 1.0625, 0 ], "texture": "#0" },
				"south": { "uv": [ 0, 0, 1.0625, 0 ], "texture": "#0" },
				"west": { "uv": [ 0, 0, 0.25, 0 ], "texture": "#0" },
				"east": { "uv": [ 0, 0, 0.25, 0 ], "texture": "#0" }
			}
		},
		{
			"__comment": "Element",
			"from": [ -0.5, 15.5, 16.5 ],
			"to": [ 16.5, 15.501, 20.5 ],
			"faces": {
				"down": { "uv": [ 8.875, 4.5, 7.8125, 4.75 ], "texture": "#0" },
				"up": { "uv": [ 8.875, 4.5, 7.8125, 4.25 ], "texture": "#0" },
				"north": { "uv": [ 0, 0, 1.0625, 0 ], "texture": "#0" },
				"south": { "uv": [ 0, 0, 1.0625, 0 ], "texture": "#0" },
				"west": { "uv": [ 0, 0, 0.25, 0 ], "texture": "#0" },
				"east": { "uv": [ 0, 0, 0.25, 0 ], "texture": "#0" }
			}
		},
		{
			"__comment": "Element",
			"from": [ -4.5, 8, -0.5 ],
			"to": [ -0.5, 15.5, -0.499 ],
			"faces": {
				"down": { "uv": [ 0.25, 0, 0, 0 ], "texture": "#0" },
				"up": { "uv": [ 0.25, 0, 0, 0 ], "texture": "#0" },
				"north": { "uv": [ 5.25, 8.875, 5.5, 9.375 ], "texture": "#0" },
				"south": { "uv": [ 6.5, 8.875, 6.75, 9.375 ], "texture": "#0" },
				"west": { "uv": [ 0, 0, 0, 0.5 ], "texture": "#0" },
				"east": { "uv": [ 0, 0, 0, 0.5 ], "texture": "#0" }
			}
		},
		{
			"__comment": "Element",
			"from": [ 16.5, 8, -0.5 ],
			"to": [ 20.5, 15.5, -0.499 ],
			"faces": {
				"down": { "uv": [ 0.25, 0, 0, 0 ], "texture": "#0" },
				"up": { "uv": [ 0.25, 0, 0, 0 ], "texture": "#0" },
				"north": { "uv": [ 1.25, 8.9375, 1.5, 9.4375 ], "texture": "#0" },
				"south": { "uv": [ 1.5, 8.9375, 1.75, 9.4375 ], "texture": "#0" },
				"west": { "uv": [ 0, 0, 0, 0.5 ], "texture": "#0" },
				"east": { "uv": [ 0, 0, 0, 0.5 ], "texture": "#0" }
			}
		},
		{
			"__comment": "Element",
			"from": [ -4.5, 8, 16.5 ],
			"to": [ -0.5, 15.5, 16.501 ],
			"faces": {
				"down": { "uv": [ 0.25, 0, 0, 0 ], "texture": "#0" },
				"up": { "uv": [ 0.25, 0, 0, 0 ], "texture": "#0" },
				"north": { "uv": [ 8.875, 3, 9.125, 3.5 ], "texture": "#0" },
				"south": { "uv": [ 8.875, 3.5, 9.125, 4 ], "texture": "#0" },
				"west": { "uv": [ 0, 0, 0, 0.5 ], "texture": "#0" },
				"east": { "uv": [ 0, 0, 0, 0.5 ], "texture": "#0" }
			}
		},
		{
			"__comment": "Element",
			"from": [ 16.5, 8, 16.5 ],
			"to": [ 20.5, 15.5, 16.501 ],
			"faces": {
				"down": { "uv": [ 0.25, 0, 0, 0 ], "texture": "#0" },
				"up": { "uv": [ 0.25, 0, 0, 0 ], "texture": "#0" },
				"north": { "uv": [ 1.75, 8.9375, 2, 9.4375 ], "texture": "#0" },
				"south": { "uv": [ 7.8125, 8.9375, 8.0625, 9.4375 ], "texture": "#0" },
				"west": { "uv": [ 0, 0, 0, 0.5 ], "texture": "#0" },
				"east": { "uv": [ 0, 0, 0, 0.5 ], "texture": "#0" }
			}
		},
		{
			"__comment": "Element",
			"from": [ -0.5, 8, -4.5 ],
			"to": [ 16.6, 15.5, -4.499 ],
			"faces": {
				"down": { "uv": [ 1.0625, 0, 0, 0 ], "texture": "#0" },
				"up": { "uv": [ 1.0625, 0, 0, 0 ], "texture": "#0" },
				"north": { "uv": [ 3.6875, 0.5, 4.75, 1 ], "texture": "#0" },
				"south": { "uv": [ 3.6875, 1, 4.75, 1.5 ], "texture": "#0" },
				"west": { "uv": [ 0, 0, 0, 0.5 ], "texture": "#0" },
				"east": { "uv": [ 0, 0, 0, 0.5 ], "texture": "#0" }
			}
		},
		{
			"__comment": "Element",
			"from": [ -0.5, 8, -4.5 ],
			"to": [ -0.499, 15.5, -0.5 ],
			"faces": {
				"down": { "uv": [ 0, 0, 0, 0.25 ], "texture": "#0" },
				"up": { "uv": [ 0, 0.25, 0, 0 ], "texture": "#0" },
				"north": { "uv": [ 0, 0, 0, 0.5 ], "texture": "#0" },
				"south": { "uv": [ 0, 0, 0, 0.5 ], "texture": "#0" },
				"west": { "uv": [ 8.875, 2.5, 9.125, 3 ], "texture": "#0" },
				"east": { "uv": [ 8.875, 2, 9.125, 2.5 ], "texture": "#0" }
			}
		},
		{
			"__comment": "Element",
			"from": [ -0.5, 8, 16.5 ],
			"to": [ -0.499, 15.5, 20.5 ],
			"faces": {
				"down": { "uv": [ 0, 0, 0, 0.25 ], "texture": "#0" },
				"up": { "uv": [ 0, 0.25, 0, 0 ], "texture": "#0" },
				"north": { "uv": [ 0, 0, 0, 0.5 ], "texture": "#0" },
				"south": { "uv": [ 0, 0, 0, 0.5 ], "texture": "#0" },
				"west": { "uv": [ 0.5, 8.9375, 0.75, 9.4375 ], "texture": "#0" },
				"east": { "uv": [ 0.25, 8.9375, 0.5, 9.4375 ], "texture": "#0" }
			}
		},
		{
			"__comment": "Element",
			"from": [ 16.5, 8, -4.5 ],
			"to": [ 16.501, 15.5, -0.5 ],
			"faces": {
				"down": { "uv": [ 2.25, 4.25, 2.1875, 4.5 ], "texture": "#0" },
				"up": { "uv": [ 2.25, 4.25, 2.1875, 4 ], "texture": "#0" },
				"north": { "uv": [ 1.4375, 2.1875, 1.5, 2.6875 ], "texture": "#0" },
				"south": { "uv": [ 1.5, 2.1875, 1.5625, 2.6875 ], "texture": "#0" },
				"west": { "uv": [ 0, 8.9375, 0.25, 9.4375 ], "texture": "#0" },
				"east": { "uv": [ 8.875, 4, 9.125, 4.5 ], "texture": "#0" }
			}
		},
		{
			"__comment": "Element",
			"from": [ 16.5, 8, 16.5 ],
			"to": [ 16.501, 15.5, 20.5 ],
			"faces": {
				"down": { "uv": [ 0, 0, 0, 0.25 ], "texture": "#0" },
				"up": { "uv": [ 0, 0.25, 0, 0 ], "texture": "#0" },
				"north": { "uv": [ 0, 0, 0, 0.5 ], "texture": "#0" },
				"south": { "uv": [ 0, 0, 0, 0.5 ], "texture": "#0" },
				"west": { "uv": [ 1, 8.9375, 1.25, 9.4375 ], "texture": "#0" },
				"east": { "uv": [ 0.75, 8.9375, 1, 9.4375 ], "texture": "#0" }
			}
		},
		{
			"__comment": "Element",
			"from": [ 20.5, 8, -0.5 ],
			"to": [ 20.501, 15.5, 16.5 ],
			"faces": {
				"down": { "uv": [ 0, 0, 0, 1.0625 ], "texture": "#0" },
				"up": { "uv": [ 0, 1.0625, 0, 0 ], "texture": "#0" },
				"north": { "uv": [ 0, 0, 0, 0.5 ], "texture": "#0" },
				"south": { "uv": [ 0, 0, 0, 0.5 ], "texture": "#0" },
				"west": { "uv": [ 3.6875, 2, 4.75, 2.5 ], "texture": "#0" },
				"east": { "uv": [ 3.6875, 1.5, 4.75, 2 ], "texture": "#0" }
			}
		},
		{
			"__comment": "Element",
			"from": [ -0.5, 8, 20.5 ],
			"to": [ 16.5, 15.5, 20.501 ],
			"faces": {
				"down": { "uv": [ 1.0625, 0, 0, 0 ], "texture": "#0" },
				"up": { "uv": [ 1.0625, 0, 0, 0 ], "texture": "#0" },
				"north": { "uv": [ 3.6875, 2.5, 4.75, 3 ], "texture": "#0" },
				"south": { "uv": [ 3.6875, 3, 4.75, 3.5 ], "texture": "#0" },
				"west": { "uv": [ 0, 0, 0, 0.5 ], "texture": "#0" },
				"east": { "uv": [ 0, 0, 0, 0.5 ], "texture": "#0" }
			}
		},
		{
			"__comment": "Element",
			"from": [ 6.4826, -2, 2.4836 ],
			"to": [ 13.9826, 0, 20.48361 ],
			"rotation": { "origin": [ 22.98259, 0, 10.00129 ], "axis": "y", "angle": 22.5 },
			"faces": {
				"down": { "uv": [ 6, 0, 5.5625, 1.125 ], "texture": "#0" },
				"up": { "uv": [ 6, 6.6875, 5.5625, 5.5625 ], "texture": "#0" },
				"north": { "uv": [ 7.375, 9.3125, 7.8125, 9.4375 ], "texture": "#0" },
				"south": { "uv": [ 8.5625, 9.3125, 9, 9.4375 ], "texture": "#0" },
				"west": { "uv": [ 8.25, 6.3125, 9.375, 6.4375 ], "texture": "#0" },
				"east": { "uv": [ 8.25, 6.1875, 9.375, 6.3125 ], "texture": "#0" }
			}
		},
		{
			"__comment": "Element",
			"from": [ 4.25, -2, -10 ],
			"to": [ 11.75, 0, 8 ],
			"faces": {
				"down": { "uv": [ 2.0625, 1.5625, 1.5625, 2.6875 ], "texture": "#0" },
				"up": { "uv": [ 1.5625, 2.1875, 1.0625, 1.0625 ], "texture": "#0" },
				"north": { "uv": [ 1.5625, 1.4375, 2.0625, 1.5625 ], "texture": "#0" },
				"south": { "uv": [ 3.75, 4.5625, 4.25, 4.6875 ], "texture": "#0" },
				"west": { "uv": [ 8.25, 6.5625, 9.375, 6.6875 ], "texture": "#0" },
				"east": { "uv": [ 8.25, 6.4375, 9.375, 6.5625 ], "texture": "#0" }
			}
		},
		{
			"__comment": "Element",
			"from": [ 4.25, -2, 8 ],
			"to": [ 11.75, 0, 26 ],
			"faces": {
				"down": { "uv": [ 2.5625, 2.0625, 2.0625, 3.1875 ], "texture": "#0" },
				"up": { "uv": [ 2.0625, 1.125, 1.5625, 0 ], "texture": "#0" },
				"north": { "uv": [ 8.5625, 0.875, 9.0625, 1 ], "texture": "#0" },
				"south": { "uv": [ 8.625, 8.3125, 9.125, 8.4375 ], "texture": "#0" },
				"west": { "uv": [ 8.25, 6.8125, 9.375, 6.9375 ], "texture": "#0" },
				"east": { "uv": [ 8.25, 6.6875, 9.375, 6.8125 ], "texture": "#0" }
			}
		},
		{
			"__comment": "Element",
			"from": [ -10, -2, 4.25 ],
			"to": [ 8, 0, 11.75 ],
			"faces": {
				"down": { "uv": [ 3.1875, 0.5, 2.0625, 1 ], "texture": "#0" },
				"up": { "uv": [ 3.1875, 0.5, 2.0625, 0 ], "texture": "#0" },
				"north": { "uv": [ 8.25, 6.9375, 9.375, 7.0625 ], "texture": "#0" },
				"south": { "uv": [ 8.25, 7.0625, 9.375, 7.1875 ], "texture": "#0" },
				"west": { "uv": [ 9.0625, 6, 9.5625, 6.125 ], "texture": "#0" },
				"east": { "uv": [ 9.0625, 0.875, 9.5625, 1 ], "texture": "#0" }
			}
		},
		{
			"__comment": "Element",
			"from": [ 8, -2, 4.25 ],
			"to": [ 26, 0, 11.75 ],
			"faces": {
				"down": { "uv": [ 3.1875, 1.5, 2.0625, 2 ], "texture": "#0" },
				"up": { "uv": [ 3.1875, 1.5, 2.0625, 1 ], "texture": "#0" },
				"north": { "uv": [ 8.25, 7.1875, 9.375, 7.3125 ], "texture": "#0" },
				"south": { "uv": [ 8.3125, 7.3125, 9.4375, 7.4375 ], "texture": "#0" },
				"west": { "uv": [ 9.1875, 4.75, 9.6875, 4.875 ], "texture": "#0" },
				"east": { "uv": [ 9.125, 8.3125, 9.625, 8.4375 ], "texture": "#0" }
			}
		},
		{
			"__comment": "Element",
			"from": [ -5.113, -2, 3.3187 ],
			"to": [ 12.887, 0, 10.8187 ],
			"rotation": { "origin": [ 13.63701, 0, 19.81869 ], "axis": "y", "angle": 22.5 },
			"faces": {
				"down": { "uv": [ 3.6875, 2.5625, 2.5625, 3.0625 ], "texture": "#0" },
				"up": { "uv": [ 1.125, 2.6875, 0, 2.1875 ], "texture": "#0" },
				"north": { "uv": [ 8.3125, 7.4375, 9.4375, 7.5625 ], "texture": "#0" },
				"south": { "uv": [ 8.3125, 7.5625, 9.4375, 7.6875 ], "texture": "#0" },
				"west": { "uv": [ 9.1875, 5, 9.6875, 5.125 ], "texture": "#0" },
				"east": { "uv": [ 9.1875, 4.875, 9.6875, 5 ], "texture": "#0" }
			}
		},
		{
			"__comment": "Element",
			"from": [ 3.113, -2, 3.3187 ],
			"to": [ 21.11301, 0, 10.8187 ],
			"rotation": { "origin": [ 2.36298, 0, 19.81869 ], "axis": "y", "angle": -22.5 },
			"faces": {
				"down": { "uv": [ 1.125, 2.6875, 0, 3.1875 ], "texture": "#0" },
				"up": { "uv": [ 3.6875, 2.5, 2.5625, 2 ], "texture": "#0" },
				"north": { "uv": [ 8.3125, 7.6875, 9.4375, 7.8125 ], "texture": "#0" },
				"south": { "uv": [ 8.375, 1.5, 9.5, 1.625 ], "texture": "#0" },
				"west": { "uv": [ 9.1875, 5.25, 9.6875, 5.375 ], "texture": "#0" },
				"east": { "uv": [ 9.1875, 5.125, 9.6875, 5.25 ], "texture": "#0" }
			}
		},
		{
			"__comment": "Element",
			"from": [ -5.113, -2, 5.1813 ],
			"to": [ 12.887, 0, 12.6813 ],
			"rotation": { "origin": [ 13.63701, 0, -3.81869 ], "axis": "y", "angle": -22.5 },
			"faces": {
				"down": { "uv": [ 1.125, 3.1875, 0, 3.6875 ], "texture": "#0" },
				"up": { "uv": [ 3.6875, 3.5625, 2.5625, 3.0625 ], "texture": "#0" },
				"north": { "uv": [ 8.375, 1.625, 9.5, 1.75 ], "texture": "#0" },
				"south": { "uv": [ 1.625, 8.4375, 2.75, 8.5625 ], "texture": "#0" },
				"west": { "uv": [ 2.5625, 9.25, 3.0625, 9.375 ], "texture": "#0" },
				"east": { "uv": [ 9.1875, 5.375, 9.6875, 5.5 ], "texture": "#0" }
			}
		},
		{
			"__comment": "Element",
			"from": [ 3.113, -2, 5.1813 ],
			"to": [ 21.11301, 0, 12.6813 ],
			"rotation": { "origin": [ 2.36298, 0, -3.81869 ], "axis": "y", "angle": 22.5 },
			"faces": {
				"down": { "uv": [ 4.3125, 0, 3.1875, 0.5 ], "texture": "#0" },
				"up": { "uv": [ 2.25, 3.6875, 1.125, 3.1875 ], "texture": "#0" },
				"north": { "uv": [ 8.125, 8.4375, 9.25, 8.5625 ], "texture": "#0" },
				"south": { "uv": [ 8.4375, 1, 9.5625, 1.125 ], "texture": "#0" },
				"west": { "uv": [ 9.25, 8.4375, 9.75, 8.5625 ], "texture": "#0" },
				"east": { "uv": [ 5.5, 9.25, 6, 9.375 ], "texture": "#0" }
			}
		},
		{
			"__comment": "Element",
			"from": [ 2.0174, -2, -4.4837 ],
			"to": [ 9.5174, 0, 13.51631 ],
			"rotation": { "origin": [ -6.98259, 0, 5.99871 ], "axis": "y", "angle": 22.5 },
			"faces": {
				"down": { "uv": [ 2.75, 3.5625, 2.25, 4.6875 ], "texture": "#0" },
				"up": { "uv": [ 3.6875, 1.625, 3.1875, 0.5 ], "texture": "#0" },
				"north": { "uv": [ 9.25, 8.5625, 9.75, 8.6875 ], "texture": "#0" },
				"south": { "uv": [ 8.0625, 9.3125, 8.5625, 9.4375 ], "texture": "#0" },
				"west": { "uv": [ 8.4375, 1.25, 9.5625, 1.375 ], "texture": "#0" },
				"east": { "uv": [ 8.4375, 1.125, 9.5625, 1.25 ], "texture": "#0" }
			}
		},
		{
			"__comment": "Element",
			"from": [ 2.9183, -2, 0.6146 ],
			"to": [ 9.2183, 0, 18.6146 ],
			"rotation": { "origin": [ -6.08169, 0, 11.09701 ], "axis": "y", "angle": 45 },
			"faces": {
				"down": { "uv": [ 1.1875, 5.625, 0.8125, 6.75 ], "texture": "#0" },
				"up": { "uv": [ 0.8125, 6.75, 0.4375, 5.625 ], "texture": "#0" },
				"north": { "uv": [ 8.6875, 5.5, 9.0625, 5.625 ], "texture": "#0" },
				"south": { "uv": [ 3.5625, 9.3125, 3.9375, 9.4375 ], "texture": "#0" },
				"west": { "uv": [ 4.625, 8.5, 5.75, 8.625 ], "texture": "#0" },
				"east": { "uv": [ 8.4375, 1.375, 9.5625, 1.5 ], "texture": "#0" }
			}
		},
		{
			"__comment": "Element",
			"from": [ 6.7817, -2, 0.6146 ],
			"to": [ 13.0817, 0, 18.6146 ],
			"rotation": { "origin": [ 22.08169, 0, 11.09701 ], "axis": "y", "angle": -45 },
			"faces": {
				"down": { "uv": [ 4.5, 5.8125, 4.125, 6.9375 ], "texture": "#0" },
				"up": { "uv": [ 1.5625, 6.75, 1.1875, 5.625 ], "texture": "#0" },
				"north": { "uv": [ 2.5625, 9.375, 2.9375, 9.5 ], "texture": "#0" },
				"south": { "uv": [ 2.9375, 9.375, 3.3125, 9.5 ], "texture": "#0" },
				"west": { "uv": [ 1.125, 8.5625, 2.25, 8.6875 ], "texture": "#0" },
				"east": { "uv": [ 0, 8.5625, 1.125, 8.6875 ], "texture": "#0" }
			}
		},
		{
			"__comment": "Element",
			"from": [ 6.7817, -2, -2.6146 ],
			"to": [ 13.0817, 0, 15.3854 ],
			"rotation": { "origin": [ 22.08169, 0, 4.903 ], "axis": "y", "angle": 45 },
			"faces": {
				"down": { "uv": [ 5.25, 5.8125, 4.875, 6.9375 ], "texture": "#0" },
				"up": { "uv": [ 4.875, 6.9375, 4.5, 5.8125 ], "texture": "#0" },
				"north": { "uv": [ 3.9375, 9.375, 4.3125, 9.5 ], "texture": "#0" },
				"south": { "uv": [ 4.3125, 9.375, 4.6875, 9.5 ], "texture": "#0" },
				"west": { "uv": [ 8.5625, 0, 9.6875, 0.125 ], "texture": "#0" },
				"east": { "uv": [ 8.125, 8.5625, 9.25, 8.6875 ], "texture": "#0" }
			}
		},
		{
			"__comment": "Element",
			"from": [ 2.9183, -2, -2.6146 ],
			"to": [ 9.2183, 0, 15.3854 ],
			"rotation": { "origin": [ -6.08169, 0, 4.903 ], "axis": "y", "angle": -45 },
			"faces": {
				"down": { "uv": [ 6.1875, 3.375, 5.8125, 4.5 ], "texture": "#0" },
				"up": { "uv": [ 6.1875, 3.375, 5.8125, 2.25 ], "texture": "#0" },
				"north": { "uv": [ 4.6875, 9.375, 5.0625, 9.5 ], "texture": "#0" },
				"south": { "uv": [ 5.0625, 9.375, 5.4375, 9.5 ], "texture": "#0" },
				"west": { "uv": [ 8.5625, 0.25, 9.6875, 0.375 ], "texture": "#0" },
				"east": { "uv": [ 8.5625, 0.125, 9.6875, 0.25 ], "texture": "#0" }
			}
		},
		{
			"__comment": "Element",
			"from": [ 2.0174, -2, 2.4836 ],
			"to": [ 9.5174, 0, 20.48361 ],
			"rotation": { "origin": [ -6.98259, 0, 10.00129 ], "axis": "y", "angle": -22.5 },
			"faces": {
				"down": { "uv": [ 3.75, 3.5625, 3.25, 4.6875 ], "texture": "#0" },
				"up": { "uv": [ 3.25, 4.6875, 2.75, 3.5625 ], "texture": "#0" },
				"north": { "uv": [ 9.3125, 9.3125, 9.8125, 9.4375 ], "texture": "#0" },
				"south": { "uv": [ 9.3125, 8.9375, 9.8125, 9.0625 ], "texture": "#0" },
				"west": { "uv": [ 8.5625, 0.5, 9.6875, 0.625 ], "texture": "#0" },
				"east": { "uv": [ 8.5625, 0.375, 9.6875, 0.5 ], "texture": "#0" }
			}
		},
		{
			"__comment": "Element",
			"from": [ 6.4826, -2, -4.4837 ],
			"to": [ 13.9826, 0, 13.51631 ],
			"rotation": { "origin": [ 22.98259, 0, 5.99871 ], "axis": "y", "angle": -22.5 },
			"faces": {
				"down": { "uv": [ 0.4375, 5.625, 0, 6.75 ], "texture": "#0" },
				"up": { "uv": [ 6, 2.25, 5.5625, 1.125 ], "texture": "#0" },
				"north": { "uv": [ 9.3125, 9.0625, 9.75, 9.1875 ], "texture": "#0" },
				"south": { "uv": [ 9.3125, 9.1875, 9.75, 9.3125 ], "texture": "#0" },
				"west": { "uv": [ 8.5625, 0.75, 9.6875, 0.875 ], "texture": "#0" },
				"east": { "uv": [ 8.5625, 0.625, 9.6875, 0.75 ], "texture": "#0" }
			}
		},
		{
			"__comment": "Element",
			"from": [ 5.5, 8, -13 ],
			"to": [ 10.5, 9, -7 ],
			"faces": {
				"down": { "uv": [ 2.5625, 9.0625, 2.25, 9.4375 ], "texture": "#0" },
				"up": { "uv": [ 9.3125, 9.375, 9, 9 ], "texture": "#0" },
				"north": { "uv": [ 9.375, 5.8125, 9.6875, 5.875 ], "texture": "#0" },
				"south": { "uv": [ 9.375, 5.875, 9.6875, 5.9375 ], "texture": "#0" },
				"west": { "uv": [ 5.4375, 9.375, 5.8125, 9.4375 ], "texture": "#0" },
				"east": { "uv": [ 9.0625, 6.125, 9.4375, 6.1875 ], "texture": "#0" }
			}
		},
		{
			"__comment": "Element",
			"from": [ 5.5, 8, 23 ],
			"to": [ 10.5, 9, 29 ],
			"faces": {
				"down": { "uv": [ 7.375, 9.0625, 7.0625, 9.4375 ], "texture": "#0" },
				"up": { "uv": [ 7.0625, 9.4375, 6.75, 9.0625 ], "texture": "#0" },
				"north": { "uv": [ 9.375, 5.9375, 9.6875, 6 ], "texture": "#0" },
				"south": { "uv": [ 9.375, 6.1875, 9.6875, 6.25 ], "texture": "#0" },
				"west": { "uv": [ 6.1875, 9.375, 6.5625, 9.4375 ], "texture": "#0" },
				"east": { "uv": [ 5.8125, 9.375, 6.1875, 9.4375 ], "texture": "#0" }
			}
		},
		{
			"__comment": "Element",
			"from": [ -13, 8, 5.5 ],
			"to": [ -7, 9, 10.5 ],
			"faces": {
				"down": { "uv": [ 5.9375, 5.25, 5.5625, 5.5625 ], "texture": "#0" },
				"up": { "uv": [ 5.125, 3.4375, 4.75, 3.125 ], "texture": "#0" },
				"north": { "uv": [ 2.0625, 2, 2.4375, 2.0625 ], "texture": "#0" },
				"south": { "uv": [ 0, 2.125, 0.375, 2.1875 ], "texture": "#0" },
				"west": { "uv": [ 9, 8.9375, 9.3125, 9 ], "texture": "#0" },
				"east": { "uv": [ 0.75, 2.125, 1.0625, 2.1875 ], "texture": "#0" }
			}
		},
		{
			"__comment": "Element",
			"from": [ 2.9744, 8, 8.847099 ],
			"to": [ 7.8744, 9, 14.8471 ],
			"rotation": { "origin": [ -10.77559, 16, 3.87066 ], "axis": "y", "angle": -45 },
			"faces": {
				"down": { "uv": [ 5.5625, 6.3125, 5.25, 6.6875 ], "texture": "#0" },
				"up": { "uv": [ 2.5625, 3.5625, 2.25, 3.1875 ], "texture": "#0" },
				"north": { "uv": [ 9, 9.375, 9.3125, 9.4375 ], "texture": "#0" },
				"south": { "uv": [ 9.375, 1.75, 9.6875, 1.8125 ], "texture": "#0" },
				"west": { "uv": [ 2.5625, 2.5, 2.9375, 2.5625 ], "texture": "#0" },
				"east": { "uv": [ 0.375, 2.125, 0.75, 2.1875 ], "texture": "#0" }
			}
		},
		{
			"__comment": "Element",
			"from": [ 2.9744, 8, 1.1529 ],
			"to": [ 7.8744, 9, 7.1529 ],
			"rotation": { "origin": [ -10.77559, 16, 12.12934 ], "axis": "y", "angle": 45 },
			"faces": {
				"down": { "uv": [ 6.4375, 9, 6.125, 9.375 ], "texture": "#0" },
				"up": { "uv": [ 4.25, 9.375, 3.9375, 9 ], "texture": "#0" },
				"north": { "uv": [ 9.375, 5.6875, 9.6875, 5.75 ], "texture": "#0" },
				"south": { "uv": [ 9.375, 5.75, 9.6875, 5.8125 ], "texture": "#0" },
				"west": { "uv": [ 4.25, 8.8125, 4.625, 8.875 ], "texture": "#0" },
				"east": { "uv": [ 8.6875, 5.625, 9.0625, 5.6875 ], "texture": "#0" }
			}
		},
		{
			"__comment": "Element",
			"from": [ 8.1256, 8, 1.1529 ],
			"to": [ 13.0256, 9, 7.1529 ],
			"rotation": { "origin": [ 26.77559, 16, 12.12934 ], "axis": "y", "angle": -45 },
			"faces": {
				"down": { "uv": [ 3.5625, 9, 3.25, 9.375 ], "texture": "#0" },
				"up": { "uv": [ 9, 9.3125, 8.6875, 8.9375 ], "texture": "#0" },
				"north": { "uv": [ 9.375, 1.9375, 9.6875, 2 ], "texture": "#0" },
				"south": { "uv": [ 9.375, 5.5, 9.6875, 5.5625 ], "texture": "#0" },
				"west": { "uv": [ 4.75, 3.4375, 5.125, 3.5 ], "texture": "#0" },
				"east": { "uv": [ 3.3125, 2.5, 3.6875, 2.5625 ], "texture": "#0" }
			}
		},
		{
			"__comment": "Element",
			"from": [ 23, 8, 5.5 ],
			"to": [ 29, 9, 10.5 ],
			"faces": {
				"down": { "uv": [ 3.9375, 9, 3.5625, 9.3125 ], "texture": "#0" },
				"up": { "uv": [ 4.0625, 6.9375, 3.6875, 6.625 ], "texture": "#0" },
				"north": { "uv": [ 7.3125, 1.75, 7.6875, 1.8125 ], "texture": "#0" },
				"south": { "uv": [ 1.125, 8.5, 1.5, 8.5625 ], "texture": "#0" },
				"west": { "uv": [ 9.375, 5.625, 9.6875, 5.6875 ], "texture": "#0" },
				"east": { "uv": [ 9.375, 5.5625, 9.6875, 5.625 ], "texture": "#0" }
			}
		},
		{
			"__comment": "Element",
			"from": [ 8.1256, 8, 8.847099 ],
			"to": [ 13.0256, 9, 14.8471 ],
			"rotation": { "origin": [ 26.77559, 16, 3.87066 ], "axis": "y", "angle": 45 },
			"faces": {
				"down": { "uv": [ 8.6875, 8.9375, 8.375, 9.3125 ], "texture": "#0" },
				"up": { "uv": [ 8.375, 9.3125, 8.0625, 8.9375 ], "texture": "#0" },
				"north": { "uv": [ 9.375, 1.8125, 9.6875, 1.875 ], "texture": "#0" },
				"south": { "uv": [ 9.375, 1.875, 9.6875, 1.9375 ], "texture": "#0" },
				"west": { "uv": [ 3.1875, 1.9375, 3.5625, 2 ], "texture": "#0" },
				"east": { "uv": [ 2.9375, 2.5, 3.3125, 2.5625 ], "texture": "#0" }
			}
		},
		{
			"__comment": "Element",
			"from": [ 7.5, 19.5, 7.5 ],
			"to": [ 8.5, 24.5, 8.5 ],
			"faces": {
				"down": { "uv": [ 2.5625, 2, 2.5, 2.0625 ], "texture": "#0" },
				"up": { "uv": [ 2.5, 2.0625, 2.4375, 2 ], "texture": "#0" },
				"north": { "uv": [ 1.9375, 2.6875, 2, 3 ], "texture": "#0" },
				"south": { "uv": [ 2.125, 3.6875, 2.1875, 4 ], "texture": "#0" },
				"west": { "uv": [ 2.1875, 3.6875, 2.25, 4 ], "texture": "#0" },
				"east": { "uv": [ 2, 2.6875, 2.0625, 3 ], "texture": "#0" }
			}
		},
		{
			"__comment": "Element",
			"from": [ 7, 24.5, 7 ],
			"to": [ 9, 26.5, 9 ],
			"faces": {
				"down": { "uv": [ 4.75, 0.125, 4.625, 0.25 ], "texture": "#0" },
				"up": { "uv": [ 4.75, 0.125, 4.625, 0 ], "texture": "#0" },
				"north": { "uv": [ 1.9375, 3, 2.0625, 3.125 ], "texture": "#0" },
				"south": { "uv": [ 4.25, 3.625, 4.375, 3.75 ], "texture": "#0" },
				"west": { "uv": [ 4.25, 4.5625, 4.375, 4.6875 ], "texture": "#0" },
				"east": { "uv": [ 4.25, 3.5, 4.375, 3.625 ], "texture": "#0" }
			}
		}
	],
	"display": {
		"thirdperson_righthand": {
			"scale":  [ 0.0001, 0.0001, 0.0001 ]
		},
		"thirdperson_lefthand": {
			"scale":  [ 0.0001, 0.0001, 0.0001 ]
		},
		"firstperson_righthand": {
			"translation":  [ 2, 1, -5 ],
			"scale":  [ 0.4, 0.4, 0.4 ]
		},
		"firstperson_lefthand": {
			"translation":  [ 2, 1, -5 ],
			"scale":  [ 0.4, 0.4, 0.4 ]
		},
		"gui": {
			"rotation":  [ 30, 125, 0 ],
			"scale":  [ 0.25, 0.25, 0.25 ]
		},
		"head": {
			"scale":  [ 2, 2, 2 ]
		},
		"fixed": {
			"scale":  [ 0.4, 0.4, 0.4 ]
		}
	}
}