{
	"__comment": "Designed by Groanz with Cubik Studio - https://cubik.studio",
	"textures": {
		"particle": "items/particle",
		"texture": "items/texture",
		"voxels_atlas": "vehicles/cars/wieken_klein"
	},
	"elements": [ 	 
		{
			"__comment": "Voxels",
			"from": [ 0, 0.8205, 6.9744 ],
			"to": [ 9.025641, 1.230756, 8.615426 ],
			"faces": {
				"down": { "uv": [ 0, 15, 5.5, 16 ], "texture": "#voxels_atlas" },
				"up": { "uv": [ 0, 15, 5.5, 14 ], "texture": "#voxels_atlas" },
				"north": { "uv": [ 5.5, 9.5, 0, 9.75 ], "texture": "#voxels_atlas" },
				"south": { "uv": [ 0, 9.25, 5.5, 9.5 ], "texture": "#voxels_atlas" },
				"west": { "uv": [ 7, 13.5, 8, 13.75 ], "texture": "#voxels_atlas" },
				"east": { "uv": [ 3, 9.75, 2, 10 ], "texture": "#voxels_atlas" }
			}
		},
		{
			"__comment": "Voxels",
			"from": [ 0.4103, 0.8205, 8.615399 ],
			"to": [ 3.282095, 1.230756, 9.025656 ],
			"faces": {
				"down": { "uv": [ 5.5, 14, 7.25, 14.25 ], "texture": "#voxels_atlas" },
				"up": { "uv": [ 6.25, 13.25, 8, 13 ], "texture": "#voxels_atlas" },
				"north": { "uv": [ 8, 12.75, 6.25, 13 ], "texture": "#voxels_atlas" },
				"south": { "uv": [ 5.5, 9, 7.25, 9.25 ], "texture": "#voxels_atlas" },
				"west": { "uv": [ 7.75, 14.75, 8, 15 ], "texture": "#voxels_atlas" },
				"east": { "uv": [ 8, 15.25, 7.75, 15.5 ], "texture": "#voxels_atlas" }
			}
		},
		{
			"__comment": "Voxels",
			"from": [ 6.9744, 0.8205, 0.4103 ],
			"to": [ 9.025682, 1.230756, 3.282095 ],
			"faces": {
				"down": { "uv": [ 4, 10.75, 5.25, 12.5 ], "texture": "#voxels_atlas" },
				"up": { "uv": [ 5.25, 12.5, 6.5, 10.75 ], "texture": "#voxels_atlas" },
				"north": { "uv": [ 5.25, 10.5, 4, 10.75 ], "texture": "#voxels_atlas" },
				"south": { "uv": [ 4, 10.25, 5.25, 10.5 ], "texture": "#voxels_atlas" },
				"west": { "uv": [ 5.5, 9.5, 7.25, 9.75 ], "texture": "#voxels_atlas" },
				"east": { "uv": [ 7.25, 9.25, 5.5, 9.5 ], "texture": "#voxels_atlas" }
			}
		},
		{
			"__comment": "Voxels",
			"from": [ 6.9744, 0.8205, 8.615399 ],
			"to": [ 16.00004, 1.230756, 9.025656 ],
			"faces": {
				"down": { "uv": [ 0, 8.5, 5.5, 8.75 ], "texture": "#voxels_atlas" },
				"up": { "uv": [ 0, 8.5, 5.5, 8.25 ], "texture": "#voxels_atlas" },
				"north": { "uv": [ 5.5, 9, 0, 9.25 ], "texture": "#voxels_atlas" },
				"south": { "uv": [ 0, 8.75, 5.5, 9 ], "texture": "#voxels_atlas" },
				"west": { "uv": [ 6, 10, 6.25, 10.25 ], "texture": "#voxels_atlas" },
				"east": { "uv": [ 6.5, 10, 6.25, 10.25 ], "texture": "#voxels_atlas" }
			}
		},
		{
			"__comment": "Voxels",
			"from": [ 6.9744, 0.8205, 9.025599 ],
			"to": [ 8.615426, 1.230756, 15.99996 ],
			"faces": {
				"down": { "uv": [ 0, 9.75, 1, 14 ], "texture": "#voxels_atlas" },
				"up": { "uv": [ 1, 14, 2, 9.75 ], "texture": "#voxels_atlas" },
				"north": { "uv": [ 5, 10, 4, 10.25 ], "texture": "#voxels_atlas" },
				"south": { "uv": [ 7, 15, 8, 15.25 ], "texture": "#voxels_atlas" },
				"west": { "uv": [ 0, 7.75, 4.25, 8 ], "texture": "#voxels_atlas" },
				"east": { "uv": [ 4.25, 7.5, 0, 7.75 ], "texture": "#voxels_atlas" }
			}
		},
		{
			"__comment": "Voxels",
			"from": [ 7.3846, 0.4103, 7.3846 ],
			"to": [ 8.615369, 0.8205564, 8.615369 ],
			"faces": {
				"down": { "uv": [ 7, 15.25, 7.75, 16 ], "texture": "#voxels_atlas" },
				"up": { "uv": [ 6.25, 14, 7, 13.25 ], "texture": "#voxels_atlas" },
				"north": { "uv": [ 7.75, 12.25, 7, 12.5 ], "texture": "#voxels_atlas" },
				"south": { "uv": [ 5.25, 10.5, 6, 10.75 ], "texture": "#voxels_atlas" },
				"west": { "uv": [ 7.25, 14, 8, 14.25 ], "texture": "#voxels_atlas" },
				"east": { "uv": [ 8, 14.25, 7.25, 14.5 ], "texture": "#voxels_atlas" }
			}
		},
		{
			"__comment": "Voxels",
			"from": [ 7.3846, 0.8205, 0 ],
			"to": [ 9.025625, 1.230756, 0.4102564 ],
			"faces": {
				"down": { "uv": [ 2, 10, 3, 10.25 ], "texture": "#voxels_atlas" },
				"up": { "uv": [ 7, 14, 8, 13.75 ], "texture": "#voxels_atlas" },
				"north": { "uv": [ 4, 9.75, 3, 10 ], "texture": "#voxels_atlas" },
				"south": { "uv": [ 3, 10, 4, 10.25 ], "texture": "#voxels_atlas" },
				"west": { "uv": [ 6, 10.25, 6.25, 10.5 ], "texture": "#voxels_atlas" },
				"east": { "uv": [ 6.25, 9.75, 6, 10 ], "texture": "#voxels_atlas" }
			}
		},
		{
			"__comment": "Voxels",
			"from": [ 7.3846, 0.8205, 3.2821 ],
			"to": [ 9.025625, 1.230756, 6.974408 ],
			"faces": {
				"down": { "uv": [ 2, 10.25, 3, 12.5 ], "texture": "#voxels_atlas" },
				"up": { "uv": [ 3, 12.5, 4, 10.25 ], "texture": "#voxels_atlas" },
				"north": { "uv": [ 5, 9.75, 4, 10 ], "texture": "#voxels_atlas" },
				"south": { "uv": [ 7, 13.25, 8, 13.5 ], "texture": "#voxels_atlas" },
				"west": { "uv": [ 5.5, 14.75, 7.75, 15 ], "texture": "#voxels_atlas" },
				"east": { "uv": [ 7.75, 14.5, 5.5, 14.75 ], "texture": "#voxels_atlas" }
			}
		},
		{
			"__comment": "Voxels",
			"from": [ 7.3846, 1.2308, 7.3846 ],
			"to": [ 8.615369, 1.641056, 8.615369 ],
			"faces": {
				"down": { "uv": [ 6.25, 15.25, 7, 16 ], "texture": "#voxels_atlas" },
				"up": { "uv": [ 5.5, 16, 6.25, 15.25 ], "texture": "#voxels_atlas" },
				"north": { "uv": [ 7.75, 12, 7, 12.25 ], "texture": "#voxels_atlas" },
				"south": { "uv": [ 6.25, 15, 7, 15.25 ], "texture": "#voxels_atlas" },
				"west": { "uv": [ 5.25, 9.75, 6, 10 ], "texture": "#voxels_atlas" },
				"east": { "uv": [ 6, 10, 5.25, 10.25 ], "texture": "#voxels_atlas" }
			}
		},
		{
			"__comment": "Voxels",
			"from": [ 7.7949, 0, 7.7949 ],
			"to": [ 8.205156, 0.4102564, 8.205156 ],
			"faces": {
				"down": { "uv": [ 7.75, 14.5, 8, 14.75 ], "texture": "#voxels_atlas" },
				"up": { "uv": [ 5, 10.25, 5.25, 10 ], "texture": "#voxels_atlas" },
				"north": { "uv": [ 6.25, 10.5, 6, 10.75 ], "texture": "#voxels_atlas" },
				"south": { "uv": [ 6.25, 10.5, 6.5, 10.75 ], "texture": "#voxels_atlas" },
				"west": { "uv": [ 6.25, 10.25, 6.5, 10.5 ], "texture": "#voxels_atlas" },
				"east": { "uv": [ 5.25, 9.75, 5, 10 ], "texture": "#voxels_atlas" }
			}
		},
		{
			"__comment": "Voxels",
			"from": [ 8.615399, 0.8205, 12.7179 ],
			"to": [ 9.025656, 1.230756, 15.58969 ],
			"faces": {
				"down": { "uv": [ 6.5, 10.75, 6.75, 12.5 ], "texture": "#voxels_atlas" },
				"up": { "uv": [ 6.75, 12.5, 7, 10.75 ], "texture": "#voxels_atlas" },
				"north": { "uv": [ 8, 15.75, 7.75, 16 ], "texture": "#voxels_atlas" },
				"south": { "uv": [ 7.75, 15.5, 8, 15.75 ], "texture": "#voxels_atlas" },
				"west": { "uv": [ 6.25, 12.5, 8, 12.75 ], "texture": "#voxels_atlas" },
				"east": { "uv": [ 7.25, 8.75, 5.5, 9 ], "texture": "#voxels_atlas" }
			}
		},
		{
			"__comment": "Voxels",
			"from": [ 9.025599, 0.8205, 7.3846 ],
			"to": [ 15.99996, 1.230756, 8.615369 ],
			"faces": {
				"down": { "uv": [ 2, 12.5, 6.25, 13.25 ], "texture": "#voxels_atlas" },
				"up": { "uv": [ 2, 14, 6.25, 13.25 ], "texture": "#voxels_atlas" },
				"north": { "uv": [ 4.25, 7.25, 0, 7.5 ], "texture": "#voxels_atlas" },
				"south": { "uv": [ 0, 8, 4.25, 8.25 ], "texture": "#voxels_atlas" },
				"west": { "uv": [ 5.25, 10.25, 6, 10.5 ], "texture": "#voxels_atlas" },
				"east": { "uv": [ 6.25, 15, 5.5, 15.25 ], "texture": "#voxels_atlas" }
			}
		},
		{
			"__comment": "Voxels",
			"from": [ 12.7179, 0.8205, 6.9744 ],
			"to": [ 15.58969, 1.230756, 7.384656 ],
			"faces": {
				"down": { "uv": [ 5.5, 8.5, 7.25, 8.75 ], "texture": "#voxels_atlas" },
				"up": { "uv": [ 5.5, 8.5, 7.25, 8.25 ], "texture": "#voxels_atlas" },
				"north": { "uv": [ 6, 8, 4.25, 8.25 ], "texture": "#voxels_atlas" },
				"south": { "uv": [ 5.5, 14.25, 7.25, 14.5 ], "texture": "#voxels_atlas" },
				"west": { "uv": [ 6.25, 9.75, 6.5, 10 ], "texture": "#voxels_atlas" },
				"east": { "uv": [ 6.75, 10.5, 6.5, 10.75 ], "texture": "#voxels_atlas" }
			}
		}
	],
	"display": {
		"thirdperson_righthand": {
			"scale":  [ 0.0001, 0.0001, 0.0001 ]
		},
		"thirdperson_lefthand": {
			"scale":  [ 0.0001, 0.0001, 0.0001 ]
		},
		"firstperson_righthand": {
			"rotation":  [ 28, 0, 0 ],
			"translation":  [ 0, 6.9565, 0 ],
			"scale":  [ 0.5, 0.5, 0.5 ]
		},
		"firstperson_lefthand": {
			"rotation":  [ 28, 0, 0 ],
			"translation":  [ 0, 6.9565, 0 ],
			"scale":  [ 0.5, 0.5, 0.5 ]
		},
		"gui": {
			"rotation":  [ 67, 45, 0 ],
			"translation":  [ -0.3, 2.6, 0 ]
		},
		"head": {
			"translation":  [ 0, 23.651, 0.0009 ],
			"scale":  [ 2, 2, 2 ]
		},
		"ground": {
			"translation":  [ 0, 5, 0 ]
		},
		"fixed": {
			"rotation":  [ 90, 0, 0 ],
			"translation":  [ 0, 0, 5.5652 ]
		}
	}
}