{"credit":"Made by MisterGriimm","texture_size":[64,64],"textures":{"3":"next:item/barrels/barrel_props_master"},"elements":[{"from":[2,0,2],"to":[14,12,14],"rotation":{"angle":0,"axis":"y","origin":[8,6,8]},"faces":{"north":{"uv":[0,0,3,3],"texture":"#3"},"east":{"uv":[0,0,3,3],"texture":"#3"},"south":{"uv":[0,0,3,3],"texture":"#3"},"west":{"uv":[0,0,3,3],"texture":"#3"},"up":{"uv":[3,6,0,3],"texture":"#3"},"down":{"uv":[3,6,0,9],"texture":"#3"}}}],"display":{"thirdperson_righthand":{"translation":[-1.75,0.5,0],"scale":[0.25,0.25,0.25]},"thirdperson_lefthand":{"translation":[-1.75,0.5,0],"scale":[0.25,0.25,0.25]},"firstperson_righthand":{"translation":[3,2,0],"scale":[0.5,0.5,0.5]},"firstperson_lefthand":{"translation":[3,2,0],"scale":[0.5,0.5,0.5]},"ground":{"rotation":[30,30,0],"translation":[0,2,0],"scale":[0.5,0.5,0.5]},"gui":{"rotation":[30,45,0],"translation":[0,1.25,0],"scale":[0.75,0.75,0.75]},"head":{"translation":[0,2.25,0]},"fixed":{"rotation":[-90,0,0],"translation":[0,0,-16],"scale":[2,2,2]}},"mcmodels":"b0e53ec0873f059aacc06777d2089a91"}