{"credit":"Made with Blockbench","texture_size":[128,128],"textures":{"0":"next:furniture/banana_bunch"},"elements":[{"from":[-6.82843,-8,10.82843],"to":[25.17157,24,10.82843],"rotation":{"angle":45,"axis":"y","origin":[5.17157,4,10.82843]},"faces":{"north":{"uv":[0,0,4,4],"texture":"#0"},"east":{"uv":[0,0,0,4],"texture":"#0"},"south":{"uv":[0,0,4,4],"texture":"#0"},"west":{"uv":[4,0,4,4],"texture":"#0"},"up":{"uv":[4,0,0,0],"texture":"#0"},"down":{"uv":[8,0,4,0],"texture":"#0"}}},{"from":[-9.17157,-8,10.82843],"to":[22.82843,24,10.82843],"rotation":{"angle":-45,"axis":"y","origin":[10.82843,4,10.82843]},"faces":{"north":{"uv":[0,4,4,8],"texture":"#0"},"east":{"uv":[0,4,0,8],"texture":"#0"},"south":{"uv":[0,4,4,8],"texture":"#0"},"west":{"uv":[4,4,4,8],"texture":"#0"},"up":{"uv":[4,4,0,4],"texture":"#0"},"down":{"uv":[8,4,4,4],"texture":"#0"}}},{"from":[0,0,0],"to":[16,16,16],"rotation":{"angle":0,"axis":"y","origin":[1,0,1]},"faces":{"north":{"uv":[2,10,4,12],"texture":"#0"},"east":{"uv":[0,10,2,12],"texture":"#0"},"south":{"uv":[6,10,8,12],"texture":"#0"},"west":{"uv":[4,10,6,12],"texture":"#0"},"up":{"uv":[4,10,2,8],"texture":"#0"},"down":{"uv":[6,8,4,10],"texture":"#0"}}}],"gui_light":"front","display":{"thirdperson_righthand":{"rotation":[50,25,0],"translation":[0,2,0],"scale":[0.25,0.25,0.25]},"thirdperson_lefthand":{"rotation":[50,25,0],"translation":[0,2,0],"scale":[0.25,0.25,0.25]},"firstperson_righthand":{"rotation":[3,112,-13],"translation":[9.5,0,-5.75],"scale":[0.55,0.55,0.55]},"firstperson_lefthand":{"rotation":[3,112,-13],"translation":[9.5,0,-5.75],"scale":[0.55,0.55,0.55]},"ground":{"translation":[0,2,0],"scale":[0.55,0.55,0.55]},"gui":{"rotation":[30,-145,0],"scale":[0.45,0.45,0.45]},"fixed":{"translation":[0,0,-16],"scale":[2,2,2]}},"groups":[{"name":"bone","origin":[5,0,8],"color":0,"children":[0,1,2]}],"mcmodels":"50a1c1e364728b144921739d4b854f9a"}