{
	"parent": "minecraft:item/generated",
	"textures": {
		"0": "next:item/crate/crate",
		"1": "next:item/furniture/stripped_oak_log",
		"particle": "next:item/crate/crate"
	},
	"elements": [
		{
			"from": [-15, 0, 13],
			"to": [-12, 18, 16],
			"faces": {
				"north": {"uv": [14.25, 1.5, 15, 5.5], "texture": "#0"},
				"east": {"uv": [14.5, 1.5, 15.25, 5.5], "texture": "#0"},
				"south": {"uv": [15.25, 1.5, 16, 5.5], "texture": "#0"},
				"west": {"uv": [14.5, 1.5, 15.25, 5.5], "texture": "#0"},
				"up": {"uv": [14.5, 0, 15.25, 0.75], "texture": "#0"},
				"down": {"uv": [14.5, 1.5, 15.25, 2.25], "texture": "#0"}
			}
		},
		{
			"from": [-15, 0, -1],
			"to": [-12, 7, 2],
			"faces": {
				"north": {"uv": [14.5, 0, 15.25, 1.25], "texture": "#0"},
				"east": {"uv": [14.5, 0, 15.25, 1.25], "texture": "#0"},
				"south": {"uv": [14.25, 0, 15, 1.25], "texture": "#0"},
				"west": {"uv": [15.25, 0, 16, 1.25], "texture": "#0"},
				"up": {"uv": [14.5, 0, 15.25, 1.25], "texture": "#0"},
				"down": {"uv": [14.75, 0.25, 15.5, 1], "texture": "#0"}
			}
		},
		{
			"from": [-16, 7, -1],
			"to": [16, 9, 3],
			"faces": {
				"north": {"uv": [0, 0, 16, 2], "texture": "#1"},
				"east": {"uv": [0, 0, 4, 2], "texture": "#1"},
				"south": {"uv": [0, 0, 16, 2], "texture": "#1"},
				"west": {"uv": [0, 0, 1, 0.5], "texture": "#1"},
				"up": {"uv": [0, 0, 16, 4], "texture": "#1"},
				"down": {"uv": [0, 0, 16, 4], "texture": "#1"}
			}
		},
		{
			"from": [-16, 7, 4],
			"to": [16, 9, 8],
			"faces": {
				"north": {"uv": [0, 0, 16, 2], "texture": "#1"},
				"east": {"uv": [0, 0, 4, 2], "texture": "#1"},
				"south": {"uv": [0, 0, 16, 2], "texture": "#1"},
				"west": {"uv": [0, 0, 1, 0.5], "texture": "#1"},
				"up": {"uv": [0, 0, 16, 4], "texture": "#1"},
				"down": {"uv": [0, 0, 16, 4], "texture": "#1"}
			}
		},
		{
			"from": [-16, 7, 9],
			"to": [16, 9, 13],
			"faces": {
				"north": {"uv": [0, 0, 16, 2], "texture": "#1"},
				"east": {"uv": [0, 0, 4, 2], "texture": "#1"},
				"south": {"uv": [0, 0, 16, 2], "texture": "#1"},
				"west": {"uv": [0, 0, 1, 0.5], "texture": "#1"},
				"up": {"uv": [0, 0, 16, 4], "texture": "#1"},
				"down": {"uv": [0, 0, 16, 4], "texture": "#1"}
			}
		},
		{
			"from": [-16, 14, 11],
			"to": [16, 17, 13],
			"faces": {
				"north": {"uv": [0, 0, 16, 3], "texture": "#1"},
				"east": {"uv": [0, 0, 2, 3], "texture": "#1"},
				"south": {"uv": [0, 0, 16, 3], "texture": "#1"},
				"west": {"uv": [0, 0, 0.5, 0.75], "texture": "#1"},
				"up": {"uv": [0, 0, 16, 2], "texture": "#1"},
				"down": {"uv": [0, 0, 16, 2], "texture": "#1"}
			}
		},
		{
			"from": [-16, 10, 11],
			"to": [16, 13, 13],
			"faces": {
				"north": {"uv": [0, 0, 16, 3], "texture": "#1"},
				"east": {"uv": [0, 0, 2, 3], "texture": "#1"},
				"south": {"uv": [0, 0, 16, 3], "texture": "#1"},
				"west": {"uv": [0, 0, 0.5, 0.75], "texture": "#1"},
				"up": {"uv": [0, 0, 16, 2], "texture": "#1"},
				"down": {"uv": [0, 0, 16, 2], "texture": "#1"}
			}
		},
		{
			"from": [-15, 5, 2],
			"to": [-12, 7, 13],
			"faces": {
				"north": {"uv": [0, 0, 2.75, 0.5], "texture": "#0"},
				"east": {"uv": [0, 0, 2.75, 0.5], "texture": "#0"},
				"south": {"uv": [0, 0, 2.75, 0.5], "texture": "#0"},
				"west": {"uv": [0, 0, 2.75, 0.5], "texture": "#0"},
				"up": {"uv": [8.75, 0, 9.5, 2.75], "texture": "#0"},
				"down": {"uv": [7.75, 0, 8.5, 2.75], "texture": "#0"}
			}
		},
		{
			"from": [12, 5, 2],
			"to": [15, 7, 13],
			"faces": {
				"north": {"uv": [0, 0, 2.75, 0.5], "texture": "#0"},
				"east": {"uv": [0, 0, 2.75, 0.5], "texture": "#0"},
				"south": {"uv": [0, 0, 2.75, 0.5], "texture": "#0"},
				"west": {"uv": [0, 0, 2.75, 0.5], "texture": "#0"},
				"up": {"uv": [8.75, 0, 9.5, 2.75], "texture": "#0"},
				"down": {"uv": [7.75, 0, 8.5, 2.75], "texture": "#0"}
			}
		},
		{
			"from": [12, 0, -1],
			"to": [15, 7, 2],
			"faces": {
				"north": {"uv": [14.5, 0, 15.25, 1.25], "texture": "#0"},
				"east": {"uv": [14.5, 0, 15.25, 1.25], "texture": "#0"},
				"south": {"uv": [14.25, 0, 15, 1.25], "texture": "#0"},
				"west": {"uv": [15.25, 0, 16, 1.25], "texture": "#0"},
				"up": {"uv": [14.5, 0, 15.25, 1.25], "texture": "#0"},
				"down": {"uv": [14.75, 0.25, 15.5, 1], "texture": "#0"}
			}
		},
		{
			"from": [12, 0, 13],
			"to": [15, 18, 16],
			"faces": {
				"north": {"uv": [14.25, 1.5, 15, 5.5], "texture": "#0"},
				"east": {"uv": [14.5, 1.5, 15.25, 5.5], "texture": "#0"},
				"south": {"uv": [15.25, 1.5, 16, 5.5], "texture": "#0"},
				"west": {"uv": [14.5, 1.5, 15.25, 5.5], "texture": "#0"},
				"up": {"uv": [14.5, 0, 15.25, 0.75], "texture": "#0"},
				"down": {"uv": [14.5, 1.5, 15.25, 2.25], "texture": "#0"}
			}
		}
	],
	"display": {
		"thirdperson_righthand": {
			"translation": [2.25, 1, 0],
			"scale": [0.27, 0.27, 0.27]
		},
		"thirdperson_lefthand": {
			"translation": [-2, 1, 0],
			"scale": [0.27, 0.27, 0.27]
		},
		"firstperson_righthand": {
			"rotation": [0, 90, 0],
			"scale": [0.5, 0.5, 0.5]
		},
		"firstperson_lefthand": {
			"rotation": [0, 90, 0],
			"translation": [0, 0, 8.25],
			"scale": [0.5, 0.5, 0.5]
		},
		"ground": {
			"translation": [3.25, 0.75, 0],
			"scale": [0.42, 0.42, 0.42]
		},
		"gui": {
			"rotation": [19, 151, 0],
			"translation": [-2.75, 0, 0],
			"scale": [0.41, 0.41, 0.41]
		},
		"head": {
			"translation": [2.5, 8, 0],
			"scale": [0.31, 0.31, 0.31]
		},
		"fixed": {
			"rotation": [-90, 0, 0],
			"translation": [17.75, -2.75, -17.5],
			"scale": [2.33, 2.33, 2.33]
		}
	}
}