{
	"parent": "minecraft:item/generated",
	"textures": {
		"0": "next:item/furniture/stripped_oak_log",
		"1": "next:item/furniture/pillow",
		"particle": "next:item/furniture/stripped_oak_log"
	},
	"elements": [
		{
			"from": [2, 0, 2],
			"to": [5, 6, 5],
			"faces": {
				"north": {"uv": [0, 0, 3, 6], "texture": "#0"},
				"east": {"uv": [0, 0, 3, 6], "texture": "#0"},
				"south": {"uv": [0, 0, 3, 6], "texture": "#0"},
				"west": {"uv": [0, 0, 3, 6], "texture": "#0"},
				"up": {"uv": [0, 0, 3, 3], "texture": "#0"},
				"down": {"uv": [0, 0, 3, 3], "texture": "#0"}
			}
		},
		{
			"from": [11, 0, 2],
			"to": [14, 6, 5],
			"faces": {
				"north": {"uv": [0, 0, 3, 6], "texture": "#0"},
				"east": {"uv": [0, 0, 3, 6], "texture": "#0"},
				"south": {"uv": [0, 0, 3, 6], "texture": "#0"},
				"west": {"uv": [0, 0, 3, 6], "texture": "#0"},
				"up": {"uv": [0, 0, 3, 3], "texture": "#0"},
				"down": {"uv": [0, 0, 3, 3], "texture": "#0"}
			}
		},
		{
			"from": [2, 0, 11],
			"to": [5, 21, 14],
			"faces": {
				"north": {"uv": [0, 0, 3, 16], "texture": "#0"},
				"east": {"uv": [0, 0, 3, 16], "texture": "#0"},
				"south": {"uv": [0, 0, 3, 16], "texture": "#0"},
				"west": {"uv": [0, 0, 3, 16], "texture": "#0"},
				"up": {"uv": [0, 0, 3, 3], "texture": "#0"},
				"down": {"uv": [0, 0, 3, 3], "texture": "#0"}
			}
		},
		{
			"from": [11, 0, 11],
			"to": [14, 21, 14],
			"faces": {
				"north": {"uv": [0, 0, 3, 16], "texture": "#0"},
				"east": {"uv": [0, 0, 3, 16], "texture": "#0"},
				"south": {"uv": [0, 0, 3, 16], "texture": "#0"},
				"west": {"uv": [0, 0, 3, 16], "texture": "#0"},
				"up": {"uv": [0, 0, 3, 3], "texture": "#0"},
				"down": {"uv": [0, 0, 3, 3], "texture": "#0"}
			}
		},
		{
			"from": [2, 6, 1],
			"to": [14, 9, 11],
			"faces": {
				"north": {"uv": [0, 0, 12, 3], "texture": "#0"},
				"east": {"uv": [0, 0, 10, 3], "texture": "#0"},
				"south": {"uv": [0, 0, 12, 3], "texture": "#0"},
				"west": {"uv": [0, 0, 10, 3], "texture": "#0"},
				"up": {"uv": [0, 0, 12, 10], "texture": "#0"},
				"down": {"uv": [0, 0, 12, 10], "texture": "#0"}
			}
		},
		{
			"from": [3, 9, 2],
			"to": [13, 10, 11],
			"faces": {
				"north": {"uv": [0, 0, 16, 1.33333], "texture": "#1", "tintindex": 0},
				"east": {"uv": [0, 0, 16, 1.33333], "texture": "#1", "tintindex": 0},
				"south": {"uv": [0, 0, 16, 1.33333], "texture": "#1"},
				"west": {"uv": [0, 0, 16, 1.33333], "texture": "#1", "tintindex": 0},
				"up": {"uv": [0, 0, 16, 16], "texture": "#1", "tintindex": 0},
				"down": {"uv": [6.66667, 2.66667, 8, 5.33333], "texture": "#1"}
			}
		},
		{
			"from": [5, 7, 11],
			"to": [11, 10, 14],
			"faces": {
				"north": {"uv": [0, 0, 6, 3], "texture": "#0"},
				"east": {"uv": [0, 0, 3, 3], "texture": "#0"},
				"south": {"uv": [0, 0, 6, 3], "texture": "#0"},
				"west": {"uv": [0, 0, 3, 3], "texture": "#0"},
				"up": {"uv": [0, 0, 6, 3], "texture": "#0"},
				"down": {"uv": [0, 0, 6, 3], "texture": "#0"}
			}
		},
		{
			"from": [5, 17, 11],
			"to": [11, 20, 14],
			"faces": {
				"north": {"uv": [0, 0, 6, 3], "texture": "#0"},
				"east": {"uv": [0, 0, 3, 3], "texture": "#0"},
				"south": {"uv": [0, 0, 6, 3], "texture": "#0"},
				"west": {"uv": [0, 0, 3, 3], "texture": "#0"},
				"up": {"uv": [0, 0, 6, 3], "texture": "#0"},
				"down": {"uv": [0, 0, 6, 3], "texture": "#0"}
			}
		},
		{
			"from": [5, 12, 11],
			"to": [11, 15, 14],
			"faces": {
				"north": {"uv": [0, 0, 6, 3], "texture": "#0"},
				"east": {"uv": [0, 0, 3, 3], "texture": "#0"},
				"south": {"uv": [0, 0, 6, 3], "texture": "#0"},
				"west": {"uv": [0, 0, 3, 3], "texture": "#0"},
				"up": {"uv": [0, 0, 6, 3], "texture": "#0"},
				"down": {"uv": [0, 0, 6, 3], "texture": "#0"}
			}
		}
	],
	"display": {
		"thirdperson_righthand": {
			"rotation": [64, 0, 0],
			"translation": [0, 1.5, 0],
			"scale": [0.25, 0.25, 0.25]
		},
		"thirdperson_lefthand": {
			"rotation": [64, 0, 0],
			"translation": [0, 1.5, 0],
			"scale": [0.25, 0.25, 0.25]
		},
		"firstperson_righthand": {
			"scale": [0.35, 0.35, 0.35]
		},
		"firstperson_lefthand": {
			"scale": [0.36, 0.36, 0.36]
		},
		"ground": {
			"scale": [0.26, 0.26, 0.26]
		},
		"gui": {
			"rotation": [19, 141, 0],
			"translation": [0, -1.25, 0],
			"scale": [0.6, 0.6, 0.6]
		},
		"head": {
			"translation": [0, 10, 0]
		},
		"fixed": {
			"rotation": [-90, 0, 0],
			"translation": [0, 0, -18],
			"scale": [2.38, 2.38, 2.38]
		}
	}
}