{"credit":"Made with Blockbench","textures":{"2":"next:furniture/pebble_beach","particle":"next:furniture/pebble_beach"},"elements":[{"from":[2.25,0,3.5],"to":[7.25,2,8.5],"rotation":{"angle":0,"axis":"y","origin":[2.25,0,3.5]},"faces":{"north":{"uv":[5,8,10,10],"texture":"#2"},"east":{"uv":[9,0,14,2],"texture":"#2"},"south":{"uv":[9,2,14,4],"texture":"#2"},"west":{"uv":[9,4,14,6],"texture":"#2"},"up":{"uv":[5,5,0,0],"texture":"#2"},"down":{"uv":[5,5,0,10],"texture":"#2"}}},{"from":[9.25,0,8.5],"to":[13.25,1,12.5],"rotation":{"angle":0,"axis":"y","origin":[8.25,0,8.5]},"faces":{"north":{"uv":[9,6,13,7],"texture":"#2"},"east":{"uv":[9,7,13,8],"texture":"#2"},"south":{"uv":[0,10,4,11],"texture":"#2"},"west":{"uv":[4,10,8,11],"texture":"#2"},"up":{"uv":[9,4,5,0],"texture":"#2"},"down":{"uv":[9,4,5,8],"texture":"#2"}}},{"from":[8.25,0,4.5],"to":[10.25,1,6.5],"rotation":{"angle":0,"axis":"y","origin":[7.25,0,4.5]},"faces":{"north":{"uv":[10,10,12,11],"texture":"#2"},"east":{"uv":[0,11,2,12],"texture":"#2"},"south":{"uv":[2,11,4,12],"texture":"#2"},"west":{"uv":[4,11,6,12],"texture":"#2"},"up":{"uv":[10,12,8,10],"texture":"#2"},"down":{"uv":[12,8,10,10],"texture":"#2"}}}],"gui_light":"front","display":{"thirdperson_righthand":{"rotation":[63,34,0],"translation":[0,2.25,2.25],"scale":[0.45,0.45,0.45]},"thirdperson_lefthand":{"rotation":[63,34,0],"translation":[0,2.25,2.25],"scale":[0.45,0.45,0.45]},"firstperson_righthand":{"rotation":[3,112,-13],"translation":[9.5,0,-5.75],"scale":[0.55,0.55,0.55]},"firstperson_lefthand":{"rotation":[3,112,-13],"translation":[9.5,0,-5.75],"scale":[0.55,0.55,0.55]},"ground":{"translation":[0,2,0],"scale":[0.55,0.55,0.55]},"gui":{"rotation":[30,-145,0],"translation":[0,5,0]},"fixed":{"rotation":[-90,0,0],"translation":[0,0,-16],"scale":[2,2,2]}},"groups":[{"name":"group","origin":[8,8,8],"color":0,"children":[0,1,2]}],"mcmodels":"50a1c1e364728b144921739d4b854f9a"}