{"credit":"Made with Blockbench","parent":"large_rocks","texture_size":[64,64],"textures":{"0":"next:furniture/rocks_huge","particle":"next:furniture/rocks_huge"},"elements":[{"from":[6,0,6],"to":[18,23,18],"rotation":{"angle":0,"axis":"y","origin":[6,0,6]},"faces":{"north":{"uv":[0,0,3,5.75],"texture":"#0"},"east":{"uv":[3,0,6,5.75],"texture":"#0"},"south":{"uv":[0,5.75,3,11.5],"texture":"#0"},"west":{"uv":[3,5.75,6,11.5],"texture":"#0"},"up":{"uv":[9,3,6,0],"texture":"#0"},"down":{"uv":[9,3,6,6],"texture":"#0"}}},{"from":[-1,0,1],"to":[6,12,8],"rotation":{"angle":0,"axis":"y","origin":[-3,0,1]},"faces":{"north":{"uv":[6,6,7.75,9],"texture":"#0"},"east":{"uv":[7.75,6,9.5,9],"texture":"#0"},"south":{"uv":[9,0,10.75,3],"texture":"#0"},"west":{"uv":[9,3,10.75,6],"texture":"#0"},"up":{"uv":[7.75,10.75,6,9],"texture":"#0"},"down":{"uv":[9.5,9,7.75,10.75],"texture":"#0"}}},{"from":[8,0,-3],"to":[15,3,4],"rotation":{"angle":0,"axis":"y","origin":[6,0,-3]},"faces":{"north":{"uv":[9.5,9.5,11.25,10.25],"texture":"#0"},"east":{"uv":[9.5,10.25,11.25,11],"texture":"#0"},"south":{"uv":[10.75,0,12.5,0.75],"texture":"#0"},"west":{"uv":[10.75,0.75,12.5,1.5],"texture":"#0"},"up":{"uv":[11.25,7.75,9.5,6],"texture":"#0"},"down":{"uv":[11.25,7.75,9.5,9.5],"texture":"#0"}}}],"gui_light":"front","display":{"thirdperson_righthand":{"rotation":[63,34,0],"translation":[0,1,0],"scale":[0.45,0.45,0.45]},"thirdperson_lefthand":{"rotation":[63,34,0],"translation":[0,1,0],"scale":[0.45,0.45,0.45]},"firstperson_righthand":{"rotation":[3,112,-13],"translation":[9.5,0,-5.75],"scale":[0.55,0.55,0.55]},"firstperson_lefthand":{"rotation":[3,112,-13],"translation":[9.5,0,-5.75],"scale":[0.55,0.55,0.55]},"ground":{"translation":[0,2,0],"scale":[0.55,0.55,0.55]},"gui":{"rotation":[30,-145,0],"translation":[0,-1,0],"scale":[0.5,0.5,0.5]},"fixed":{"rotation":[-90,0,0],"translation":[0,0,-24],"scale":[3,3,3]}},"groups":[{"name":"group","origin":[8,8,8],"color":0,"children":[0,1,2]}],"mcmodels":"50a1c1e364728b144921739d4b854f9a"}