{"credit":"Made with Blockbench","parent":"medium_rocks","texture_size":[64,64],"textures":{"0":"next:item/furniture/rocks_big","particle":"next:item/furniture/rocks_big"},"elements":[{"from":[6,0,6],"to":[18,16,18],"rotation":{"angle":0,"axis":"y","origin":[6,0,6]},"faces":{"north":{"uv":[0,0,3,4],"texture":"#0"},"east":{"uv":[3,0,6,4],"texture":"#0"},"south":{"uv":[0,4,3,8],"texture":"#0"},"west":{"uv":[3,4,6,8],"texture":"#0"},"up":{"uv":[9,3,6,0],"texture":"#0"},"down":{"uv":[9,3,6,6],"texture":"#0"}}},{"from":[-1,0,1],"to":[8,7,10],"rotation":{"angle":0,"axis":"y","origin":[-3,0,1]},"faces":{"north":{"uv":[2.25,8,4.5,9.75],"texture":"#0"},"east":{"uv":[4.5,8.25,6.75,10],"texture":"#0"},"south":{"uv":[8.25,6,10.5,7.75],"texture":"#0"},"west":{"uv":[6.75,8.25,9,10],"texture":"#0"},"up":{"uv":[8.25,8.25,6,6],"texture":"#0"},"down":{"uv":[2.25,8,0,10.25],"texture":"#0"}}},{"from":[9,0,-2],"to":[15,3,4],"rotation":{"angle":0,"axis":"y","origin":[7,0,-3]},"faces":{"north":{"uv":[9,3,10.5,3.75],"texture":"#0"},"east":{"uv":[9,3.75,10.5,4.5],"texture":"#0"},"south":{"uv":[9,4.5,10.5,5.25],"texture":"#0"},"west":{"uv":[9,5.25,10.5,6],"texture":"#0"},"up":{"uv":[10.5,1.5,9,0],"texture":"#0"},"down":{"uv":[10.5,1.5,9,3],"texture":"#0"}}}],"gui_light":"front","display":{"thirdperson_righthand":{"rotation":[63,34,0],"translation":[0,1,-1.75],"scale":[0.45,0.45,0.45]},"thirdperson_lefthand":{"rotation":[63,34,0],"translation":[0,1,-1.75],"scale":[0.45,0.45,0.45]},"firstperson_righthand":{"rotation":[3,112,-13],"translation":[9.5,0,-5.75],"scale":[0.55,0.55,0.55]},"firstperson_lefthand":{"rotation":[3,112,-13],"translation":[9.5,0,-5.75],"scale":[0.55,0.55,0.55]},"ground":{"translation":[0,2,0],"scale":[0.55,0.55,0.55]},"gui":{"rotation":[30,-145,0],"translation":[0.5,0.5,0],"scale":[0.55,0.55,0.55]},"fixed":{"rotation":[-90,0,0],"translation":[0,0,-24],"scale":[3,3,3]}},"groups":[{"name":"group","origin":[8,8,8],"color":0,"children":[0,1,2]}],"mcmodels":"50a1c1e364728b144921739d4b854f9a"}