{"credit":"Made with Blockbench","texture_size":[128,128],"textures":{"0":"next:furniture/tall_tropical_plant","particle":"next:furniture/tall_tropical_plant"},"elements":[{"from":[-5,-16,8],"to":[21,22,8],"rotation":{"angle":0,"axis":"y","origin":[8,3,8]},"faces":{"north":{"uv":[0,0,3.25,4.75],"texture":"#0"},"east":{"uv":[0,0,0,4.75],"texture":"#0"},"south":{"uv":[3.25,0,6.5,4.75],"texture":"#0"},"west":{"uv":[0,0,0,4.75],"texture":"#0"},"up":{"uv":[3.25,0,0,0],"texture":"#0"},"down":{"uv":[3.25,0,0,0],"texture":"#0"}}},{"from":[8,-16,-5],"to":[8,22,21],"rotation":{"angle":0,"axis":"y","origin":[8,3,8]},"faces":{"north":{"uv":[0,0,0,4.75],"texture":"#0"},"east":{"uv":[0,0,3.25,4.75],"texture":"#0"},"south":{"uv":[0,0,0,4.75],"texture":"#0"},"west":{"uv":[3.25,0,6.5,4.75],"texture":"#0"},"up":{"uv":[3.25,0,0,0],"rotation":90,"texture":"#0"},"down":{"uv":[3.25,0,0,0],"rotation":270,"texture":"#0"}}},{"from":[4,5.5,-12],"to":[12,5.5,0],"rotation":{"angle":-22.5,"axis":"x","origin":[0,0,0]},"faces":{"north":{"uv":[0,0,1,0],"texture":"#0"},"east":{"uv":[0,0,1.5,0],"texture":"#0"},"south":{"uv":[0,0,1,0],"texture":"#0"},"west":{"uv":[0,0,1.5,0],"texture":"#0"},"up":{"uv":[7.5,1.5,6.5,0],"texture":"#0"},"down":{"uv":[7.5,1.5,6.5,3],"texture":"#0"}}},{"from":[4,8.6,16],"to":[12,8.6,28],"rotation":{"angle":22.5,"axis":"x","origin":[-8,3.9,16]},"faces":{"north":{"uv":[1,0,0,0],"texture":"#0"},"east":{"uv":[1.5,0,0,0],"texture":"#0"},"south":{"uv":[1,0,0,0],"texture":"#0"},"west":{"uv":[1.5,0,0,0],"texture":"#0"},"up":{"uv":[7.5,0,6.5,1.5],"texture":"#0"},"down":{"uv":[7.5,3,6.5,1.5],"texture":"#0"}}},{"from":[4,-2.75387,16.34189],"to":[12,-2.75387,28.34189],"rotation":{"angle":22.5,"axis":"x","origin":[8,-2.75387,22.34189]},"faces":{"north":{"uv":[1,0,0,0],"texture":"#0"},"east":{"uv":[1.5,0,0,0],"texture":"#0"},"south":{"uv":[1,0,0,0],"texture":"#0"},"west":{"uv":[1.5,0,0,0],"texture":"#0"},"up":{"uv":[7.5,0,6.5,1.5],"texture":"#0"},"down":{"uv":[7.5,3,6.5,1.5],"texture":"#0"}}},{"from":[-12,2.24613,4.34189],"to":[0,2.24613,12.34189],"rotation":{"angle":22.5,"axis":"z","origin":[-6,2.24613,8.34189]},"faces":{"north":{"uv":[1.5,0,0,0],"texture":"#0"},"east":{"uv":[1,0,0,0],"texture":"#0"},"south":{"uv":[1.5,0,0,0],"texture":"#0"},"west":{"uv":[1,0,0,0],"texture":"#0"},"up":{"uv":[7.5,0,6.5,1.5],"rotation":90,"texture":"#0"},"down":{"uv":[7.5,3,6.5,1.5],"rotation":270,"texture":"#0"}}},{"from":[16,6.44613,4.34189],"to":[28,6.44613,12.34189],"rotation":{"angle":-22.5,"axis":"z","origin":[22,6.44613,8.34189]},"faces":{"north":{"uv":[0,0,1.5,0],"texture":"#0"},"east":{"uv":[0,0,1,0],"texture":"#0"},"south":{"uv":[0,0,1.5,0],"texture":"#0"},"west":{"uv":[0,0,1,0],"texture":"#0"},"up":{"uv":[7.5,1.5,6.5,0],"rotation":90,"texture":"#0"},"down":{"uv":[7.5,1.5,6.5,3],"rotation":270,"texture":"#0"}}},{"from":[16,-3.55387,4.34189],"to":[28,-3.55387,12.34189],"rotation":{"angle":-22.5,"axis":"z","origin":[22,-3.55387,8.34189]},"faces":{"north":{"uv":[0,0,1.5,0],"texture":"#0"},"east":{"uv":[0,0,1,0],"texture":"#0"},"south":{"uv":[0,0,1.5,0],"texture":"#0"},"west":{"uv":[0,0,1,0],"texture":"#0"},"up":{"uv":[7.5,1.5,6.5,0],"rotation":90,"texture":"#0"},"down":{"uv":[7.5,1.5,6.5,3],"rotation":270,"texture":"#0"}}},{"from":[-12,15.24613,4.34189],"to":[0,15.24613,12.34189],"rotation":{"angle":22.5,"axis":"z","origin":[-6,15.24613,8.34189]},"faces":{"north":{"uv":[1.5,0,0,0],"texture":"#0"},"east":{"uv":[1,0,0,0],"texture":"#0"},"south":{"uv":[1.5,0,0,0],"texture":"#0"},"west":{"uv":[1,0,0,0],"texture":"#0"},"up":{"uv":[7.5,0,6.5,1.5],"rotation":90,"texture":"#0"},"down":{"uv":[7.5,3,6.5,1.5],"rotation":270,"texture":"#0"}}},{"from":[14,21.24613,4.34189],"to":[26,21.24613,12.34189],"rotation":{"angle":-22.5,"axis":"z","origin":[20,21.24613,8.34189]},"faces":{"north":{"uv":[0,0,1.5,0],"texture":"#0"},"east":{"uv":[0,0,1,0],"texture":"#0"},"south":{"uv":[0,0,1.5,0],"texture":"#0"},"west":{"uv":[0,0,1,0],"texture":"#0"},"up":{"uv":[7.5,1.5,6.5,0],"rotation":90,"texture":"#0"},"down":{"uv":[7.5,1.5,6.5,3],"rotation":270,"texture":"#0"}}},{"from":[4,21.24613,13.34189],"to":[12,21.24613,25.34189],"rotation":{"angle":22.5,"axis":"x","origin":[8,21.24613,19.34189]},"faces":{"north":{"uv":[0,0,1,0],"texture":"#0"},"east":{"uv":[0,0,1.5,0],"texture":"#0"},"south":{"uv":[0,0,1,0],"texture":"#0"},"west":{"uv":[0,0,1.5,0],"texture":"#0"},"up":{"uv":[7.5,1.5,6.5,0],"rotation":180,"texture":"#0"},"down":{"uv":[7.5,1.5,6.5,3],"rotation":180,"texture":"#0"}}},{"from":[4,15.24613,-12.34189],"to":[12,15.24613,-0.34189],"rotation":{"angle":-22.5,"axis":"x","origin":[8,15.24613,-6.34189]},"faces":{"north":{"uv":[0,0,1,0],"texture":"#0"},"east":{"uv":[0,0,1.5,0],"texture":"#0"},"south":{"uv":[0,0,1,0],"texture":"#0"},"west":{"uv":[0,0,1.5,0],"texture":"#0"},"up":{"uv":[6.5,0,7.5,1.5],"rotation":180,"texture":"#0"},"down":{"uv":[6.5,3,7.5,1.5],"rotation":180,"texture":"#0"}}}],"gui_light":"front","display":{"thirdperson_righthand":{"rotation":[63,34,0],"translation":[0,1,0],"scale":[0.45,0.45,0.45]},"thirdperson_lefthand":{"rotation":[63,34,0],"translation":[0,1,0],"scale":[0.45,0.45,0.45]},"firstperson_righthand":{"rotation":[3,112,-13],"translation":[9.5,0,-5.75],"scale":[0.55,0.55,0.55]},"firstperson_lefthand":{"rotation":[3,112,-13],"translation":[9.5,0,-5.75],"scale":[0.55,0.55,0.55]},"ground":{"translation":[0,2,0],"scale":[0.55,0.55,0.55]},"gui":{"rotation":[30,-145,0],"translation":[0,1,0],"scale":[0.35,0.35,0.35]},"fixed":{"rotation":[-90,0,0],"translation":[0,0,-48],"scale":[2,2,2]}},"groups":[{"name":"group","origin":[8,8,8],"color":0,"children":[0,1,2,3,4,5,6,7,8,9,10,11]}],"mcmodels":"50a1c1e364728b144921739d4b854f9a"}