{"format_version":"1.21.6","credit":"Made with Blockbench","textures":{"1":"next:furniture/tiki_torch","particle":"next:furniture/tiki_torch"},"elements":[{"from":[7.25,-12.75,7.25],"to":[8.75,11.25,8.75],"rotation":{"angle":0,"axis":"y","origin":[8,-16.64583,8]},"faces":{"north":{"uv":[0.5,7,1,15],"texture":"#1"},"east":{"uv":[0,7,0.5,15],"texture":"#1"},"south":{"uv":[1.5,7,2,15],"texture":"#1"},"west":{"uv":[1,7,1.5,15],"texture":"#1"},"up":{"uv":[1,7,0.5,6.5],"texture":"#1"},"down":{"uv":[1.5,6.5,1,7],"texture":"#1"}}},{"from":[7.175,-7.72083,7.175],"to":[8.825,-6.82083,8.825],"rotation":{"angle":0,"axis":"y","origin":[8,-18.89583,8]},"faces":{"north":{"uv":[10,15.75,10.5,16],"texture":"#1"},"east":{"uv":[9.5,15.75,10,16],"texture":"#1"},"south":{"uv":[11,15.75,11.5,16],"texture":"#1"},"west":{"uv":[10.5,15.75,11,16],"texture":"#1"},"up":{"uv":[10.5,15.75,10,15.25],"texture":"#1"},"down":{"uv":[11,15.25,10.5,15.75],"texture":"#1"}}},{"from":[7.175,7.52917,7.175],"to":[8.825,8.42917,8.825],"rotation":{"angle":0,"axis":"y","origin":[8,-3.64583,8]},"faces":{"north":{"uv":[10,15.75,10.5,16],"texture":"#1"},"east":{"uv":[9.5,15.75,10,16],"texture":"#1"},"south":{"uv":[11,15.75,11.5,16],"texture":"#1"},"west":{"uv":[10.5,15.75,11,16],"texture":"#1"},"up":{"uv":[10.5,15.75,10,15.25],"texture":"#1"},"down":{"uv":[11,15.25,10.5,15.75],"texture":"#1"}}},{"from":[7.175,-0.97083,7.175],"to":[8.825,-0.07083,8.825],"rotation":{"angle":0,"axis":"y","origin":[8,-12.14583,8]},"faces":{"north":{"uv":[10,15.75,10.5,16],"texture":"#1"},"east":{"uv":[9.5,15.75,10,16],"texture":"#1"},"south":{"uv":[11,15.75,11.5,16],"texture":"#1"},"west":{"uv":[10.5,15.75,11,16],"texture":"#1"},"up":{"uv":[10.5,15.75,10,15.25],"texture":"#1"},"down":{"uv":[11,15.25,10.5,15.75],"texture":"#1"}}},{"from":[5.75,11.10417,5.75],"to":[10.25,18.60417,10.25],"rotation":{"angle":0,"axis":"y","origin":[8,11.85417,8]},"faces":{"north":{"uv":[3.5,8,5,10.5],"texture":"#1"},"east":{"uv":[2,8,3.5,10.5],"texture":"#1"},"south":{"uv":[6.5,8,8,10.5],"texture":"#1"},"west":{"uv":[5,8,6.5,10.5],"texture":"#1"},"up":{"uv":[5,8,3.5,6.5],"texture":"#1"},"down":{"uv":[6.5,6.5,5,8],"texture":"#1"}}},{"from":[5.75,18.60417,5.75],"to":[10.25,22.35417,10.25],"rotation":{"angle":0,"axis":"y","origin":[8,17.85417,8]},"faces":{"north":{"uv":[9.5,5,11,6.25],"texture":"#1"},"east":{"uv":[8,5,9.5,6.25],"texture":"#1"},"south":{"uv":[12.5,5,14,6.25],"texture":"#1"},"west":{"uv":[11,5,12.5,6.25],"texture":"#1"},"up":{"uv":[11,5,9.5,3.5],"texture":"#1"},"down":{"uv":[12.5,3.5,11,5],"texture":"#1"}}},{"from":[4.625,22.35417,8],"to":[11.375,31.35417,8],"rotation":{"angle":45,"axis":"y","origin":[8,26.85417,8]},"faces":{"north":{"uv":[6.5,11.75,8.75,14.75],"texture":"#1"},"east":{"uv":[6.5,11.75,6.5,14.75],"texture":"#1"},"south":{"uv":[8.75,11.75,6.5,14.75],"texture":"#1"},"west":{"uv":[8.75,11.75,8.75,14.75],"texture":"#1"},"up":{"uv":[8.75,11.75,6.5,11.75],"texture":"#1"},"down":{"uv":[11,11.75,8.75,11.75],"texture":"#1"}}},{"from":[8,22.35417,4.625],"to":[8,31.35417,11.375],"rotation":{"angle":45,"axis":"y","origin":[8,26.85417,8]},"faces":{"north":{"uv":[6.5,11.75,6.5,14.75],"texture":"#1"},"east":{"uv":[8.75,11.75,6.5,14.75],"texture":"#1"},"south":{"uv":[8.75,11.75,8.75,14.75],"texture":"#1"},"west":{"uv":[6.5,11.75,8.75,14.75],"texture":"#1"},"up":{"uv":[8.75,11.75,6.5,11.75],"rotation":270,"texture":"#1"},"down":{"uv":[11,11.75,8.75,11.75],"rotation":90,"texture":"#1"}}},{"from":[5,18.60417,5],"to":[11,21.60417,11],"rotation":{"angle":0,"axis":"y","origin":[8,19.35417,8]},"faces":{"north":{"uv":[2,5.5,4,6.5],"texture":"#1"},"east":{"uv":[0,5.5,2,6.5],"texture":"#1"},"south":{"uv":[6,5.5,8,6.5],"texture":"#1"},"west":{"uv":[4,5.5,6,6.5],"texture":"#1"},"up":{"uv":[4,5.5,2,3.5],"texture":"#1"},"down":{"uv":[6,3.5,4,5.5],"texture":"#1"}}},{"from":[4.25,21.60417,4.25],"to":[11.75,24.60417,11.75],"rotation":{"angle":0,"axis":"y","origin":[8,22.35417,8]},"faces":{"north":{"uv":[2.5,2.5,5,3.5],"texture":"#1"},"east":{"uv":[0,2.5,2.5,3.5],"texture":"#1"},"south":{"uv":[7.5,2.5,10,3.5],"texture":"#1"},"west":{"uv":[5,2.5,7.5,3.5],"texture":"#1"},"up":{"uv":[5,2.5,2.5,0],"texture":"#1"},"down":{"uv":[7.5,0,5,2.5],"texture":"#1"}}},{"name":"cube inverted","from":[11.75,24.60417,11.75],"to":[4.25,21.60417,4.25],"rotation":{"angle":0,"axis":"y","origin":[8,22.35417,8]},"faces":{"north":{"uv":[7.5,3.5,10,2.5],"texture":"#1"},"east":{"uv":[5,3.5,7.5,2.5],"texture":"#1"},"south":{"uv":[2.5,3.5,5,2.5],"texture":"#1"},"west":{"uv":[0,3.5,2.5,2.5],"texture":"#1"},"up":{"uv":[5,0,7.5,2.5],"texture":"#1"},"down":{"uv":[2.5,2.5,5,0],"texture":"#1"}}},{"name":"cube inverted","from":[11,21.60417,11],"to":[5,18.60417,5],"rotation":{"angle":0,"axis":"y","origin":[8,19.35417,8]},"faces":{"north":{"uv":[6,6.5,8,5.5],"texture":"#1"},"east":{"uv":[4,6.5,6,5.5],"texture":"#1"},"south":{"uv":[2,6.5,4,5.5],"texture":"#1"},"west":{"uv":[0,6.5,2,5.5],"texture":"#1"},"up":{"uv":[4,3.5,6,5.5],"texture":"#1"},"down":{"uv":[2,5.5,4,3.5],"texture":"#1"}}}],"gui_light":"front","display":{"thirdperson_righthand":{"rotation":[50,25,0],"translation":[0,2,0],"scale":[0.35,0.35,0.35]},"thirdperson_lefthand":{"rotation":[50,25,0],"translation":[0,2,0],"scale":[0.35,0.35,0.35]},"firstperson_righthand":{"rotation":[3,112,-13],"translation":[9.5,0,-5.75],"scale":[0.55,0.55,0.55]},"firstperson_lefthand":{"rotation":[3,112,-13],"translation":[9.5,0,-5.75],"scale":[0.55,0.55,0.55]},"ground":{"translation":[0,2,0],"scale":[0.55,0.55,0.55]},"gui":{"rotation":[30,-145,0],"translation":[0,-0.5,0],"scale":[0.375,0.375,0.375]},"fixed":{"rotation":[-90,0,0],"translation":[0,0,-16],"scale":[2,2,2]}},"groups":[{"name":"bone","origin":[8,10.41667,8],"color":0,"children":[0,1,2,3,4,5,6,7,8,9,10,11]}],"mcmodels":"50a1c1e364728b144921739d4b854f9a"}