{"credit":"Made with Blockbench","parent":"weird_tropical_plant","texture_size":[128,128],"textures":{"1":"next:furniture/weird_tropical_plant"},"elements":[{"from":[1,-6,8],"to":[15,26,8],"rotation":{"angle":0,"axis":"y","origin":[10,2,1]},"faces":{"north":{"uv":[1.75,0,0,4],"texture":"#1"},"east":{"uv":[0,0,0,4],"texture":"#1"},"south":{"uv":[1.75,0,3.5,4],"texture":"#1"},"west":{"uv":[0,0,0,4],"texture":"#1"},"up":{"uv":[1.75,0,0,0],"texture":"#1"},"down":{"uv":[1.75,0,0,0],"texture":"#1"}}},{"from":[8,-6,1],"to":[8,26,15],"rotation":{"angle":0,"axis":"y","origin":[8,10,8]},"faces":{"north":{"uv":[0,0,0,4],"texture":"#1"},"east":{"uv":[5.25,0,3.5,4],"texture":"#1"},"south":{"uv":[0,0,0,4],"texture":"#1"},"west":{"uv":[0,4,1.75,8],"texture":"#1"},"up":{"uv":[0,1.75,0,0],"texture":"#1"},"down":{"uv":[0,0,0,1.75],"texture":"#1"}}},{"from":[1,-0.01,1],"to":[15,2.99,15],"rotation":{"angle":0,"axis":"y","origin":[1,0,1]},"faces":{"north":{"uv":[4,9.75,5.75,10.125],"texture":"#1"},"east":{"uv":[4,10.125,5.75,10.5],"texture":"#1"},"south":{"uv":[0,10.25,1.75,10.625],"texture":"#1"},"west":{"uv":[0,10.625,1.75,11],"texture":"#1"},"up":{"uv":[11.625,14.25,9.875,12.5],"texture":"#1"},"down":{"uv":[14.25,11.125,12.5,12.875],"texture":"#1"}}},{"from":[8,0,18],"to":[26,0.01,32],"rotation":{"angle":45,"axis":"y","origin":[8,0,22]},"faces":{"north":{"uv":[0,0,2.25,0],"texture":"#1"},"east":{"uv":[0,0,1.75,0],"texture":"#1"},"south":{"uv":[0,0,2.25,0],"texture":"#1"},"west":{"uv":[0,0,1.75,0],"texture":"#1"},"up":{"uv":[4,5.75,1.75,4],"texture":"#1"},"down":{"uv":[6.25,4,4,5.75],"texture":"#1"}}},{"from":[-10,0,18],"to":[8,0.01,32],"rotation":{"angle":-45,"axis":"y","origin":[8,0,22]},"faces":{"north":{"uv":[0,0,2.25,0],"texture":"#1"},"east":{"uv":[0,0,1.75,0],"texture":"#1"},"south":{"uv":[0,0,2.25,0],"texture":"#1"},"west":{"uv":[0,0,1.75,0],"texture":"#1"},"up":{"uv":[7.5,1.75,5.25,0],"texture":"#1"},"down":{"uv":[7.5,1.75,5.25,3.5],"texture":"#1"}}},{"from":[-10,0,-16],"to":[8,0.01,-2],"rotation":{"angle":45,"axis":"y","origin":[8,0,-6]},"faces":{"north":{"uv":[0,0,2.25,0],"texture":"#1"},"east":{"uv":[0,0,1.75,0],"texture":"#1"},"south":{"uv":[0,0,2.25,0],"texture":"#1"},"west":{"uv":[0,0,1.75,0],"texture":"#1"},"up":{"uv":[4,7.5,1.75,5.75],"texture":"#1"},"down":{"uv":[6.25,5.75,4,7.5],"texture":"#1"}}},{"from":[8,0,-16],"to":[26,0.01,-2],"rotation":{"angle":-45,"axis":"y","origin":[8,0,-6]},"faces":{"north":{"uv":[0,0,2.25,0],"texture":"#1"},"east":{"uv":[0,0,1.75,0],"texture":"#1"},"south":{"uv":[0,0,2.25,0],"texture":"#1"},"west":{"uv":[0,0,1.75,0],"texture":"#1"},"up":{"uv":[8.5,5.25,6.25,3.5],"texture":"#1"},"down":{"uv":[8.5,5.25,6.25,7],"texture":"#1"}}},{"from":[-1,0,-13],"to":[17,0,1],"rotation":{"angle":22.5,"axis":"x","origin":[8,0,1]},"faces":{"north":{"uv":[0,0,2.25,0],"texture":"#1"},"east":{"uv":[0,0,1.75,0],"texture":"#1"},"south":{"uv":[0,0,2.25,0],"texture":"#1"},"west":{"uv":[0,0,1.75,0],"texture":"#1"},"up":{"uv":[8.5,8.75,6.25,7],"texture":"#1"},"down":{"uv":[9.75,0,7.5,1.75],"texture":"#1"}}},{"from":[-1,0,15],"to":[17,0,29],"rotation":{"angle":-22.5,"axis":"x","origin":[8,0,15]},"faces":{"north":{"uv":[0,0,2.25,0],"texture":"#1"},"east":{"uv":[0,0,1.75,0],"texture":"#1"},"south":{"uv":[0,0,2.25,0],"texture":"#1"},"west":{"uv":[0,0,1.75,0],"texture":"#1"},"up":{"uv":[4,9.25,1.75,7.5],"texture":"#1"},"down":{"uv":[9.75,1.75,7.5,3.5],"texture":"#1"}}},{"from":[-11.44203,-2.47487,-1],"to":[2.55797,-2.47487,17],"rotation":{"angle":-22.5,"axis":"z","origin":[8,2.67878,8]},"faces":{"north":{"uv":[0,0,1.75,0],"texture":"#1"},"east":{"uv":[0,0,2.25,0],"texture":"#1"},"south":{"uv":[0,0,1.75,0],"texture":"#1"},"west":{"uv":[0,0,2.25,0],"texture":"#1"},"up":{"uv":[5.75,9.75,4,7.5],"texture":"#1"},"down":{"uv":[5.75,7.5,4,9.75],"texture":"#1"}}},{"from":[13.44203,-2.47487,-1],"to":[27.44203,-2.47487,17],"rotation":{"angle":22.5,"axis":"z","origin":[8,2.67878,8]},"faces":{"north":{"uv":[0,0,1.75,0],"texture":"#1"},"east":{"uv":[0,0,2.25,0],"texture":"#1"},"south":{"uv":[0,0,1.75,0],"texture":"#1"},"west":{"uv":[0,0,2.25,0],"texture":"#1"},"up":{"uv":[8.5,8,10.25,5.75],"texture":"#1"},"down":{"uv":[8.5,5.75,10.25,8],"texture":"#1"}}},{"from":[-1,-0.32325,-0.51554],"to":[17,10.67675,-0.51554],"rotation":{"angle":-22.5,"axis":"x","origin":[8,5.17675,-0.51554]},"faces":{"north":{"uv":[10.75,7,13,8.375],"texture":"#1"},"east":{"uv":[0,0,0,1.375],"texture":"#1"},"south":{"uv":[10.75,8.375,13,9.75],"texture":"#1"},"west":{"uv":[0,0,0,1.375],"texture":"#1"},"up":{"uv":[2.25,0,0,0],"texture":"#1"},"down":{"uv":[2.25,0,0,0],"texture":"#1"}}},{"from":[-1,12.34958,-13.17263],"to":[17,12.34958,-2.17263],"rotation":{"angle":22.5,"axis":"x","origin":[8,12.34958,-7.67263]},"faces":{"north":{"uv":[0,0,2.25,0],"texture":"#1"},"east":{"uv":[0,0,1.375,0],"texture":"#1"},"south":{"uv":[0,0,2.25,0],"texture":"#1"},"west":{"uv":[0,0,1.375,0],"texture":"#1"},"up":{"uv":[2.25,12.375,0,11],"texture":"#1"},"down":{"uv":[12.5,11.125,10.25,12.5],"texture":"#1"}}},{"from":[-1,1,-15.375],"to":[17,14.96,-15.375],"rotation":{"angle":22.5,"axis":"x","origin":[8,8,-15.375]},"faces":{"north":{"uv":[8.5,8,10.75,9.75],"texture":"#1"},"east":{"uv":[0,0,0,1.75],"texture":"#1"},"south":{"uv":[5.75,8.75,8,10.5],"texture":"#1"},"west":{"uv":[0,0,0,1.75],"texture":"#1"},"up":{"uv":[2.25,0,0,0],"texture":"#1"},"down":{"uv":[2.25,0,0,0],"texture":"#1"}}},{"from":[-15.375,1,-1],"to":[-15.375,14.96,17],"rotation":{"angle":-22.5,"axis":"z","origin":[-15.375,8,8]},"faces":{"north":{"uv":[0,0,0,1.75],"texture":"#1"},"east":{"uv":[4,9.25,1.75,11],"texture":"#1"},"south":{"uv":[0,0,0,1.75],"texture":"#1"},"west":{"uv":[12,0,9.75,1.75],"texture":"#1"},"up":{"uv":[0,2.25,0,0],"texture":"#1"},"down":{"uv":[0,0,0,2.25],"texture":"#1"}}},{"from":[-13.1726,12.3496,-1],"to":[-2.1726,12.3496,17],"rotation":{"angle":-22.5,"axis":"z","origin":[-7.6726,12.3496,8]},"faces":{"north":{"uv":[0,0,1.375,0],"texture":"#1"},"east":{"uv":[0,0,2.25,0],"texture":"#1"},"south":{"uv":[0,0,1.375,0],"texture":"#1"},"west":{"uv":[0,0,2.25,0],"texture":"#1"},"up":{"uv":[2.25,13.25,3.625,11],"texture":"#1"},"down":{"uv":[2.25,11,3.625,13.25],"texture":"#1"}}},{"from":[-0.5155,-0.3233,-1],"to":[-0.5155,10.6767,17],"rotation":{"angle":22.5,"axis":"z","origin":[-0.5155,5.1767,8]},"faces":{"north":{"uv":[0,0,0,1.375],"texture":"#1"},"east":{"uv":[7.625,11.5,9.875,12.875],"texture":"#1"},"south":{"uv":[0,0,0,1.375],"texture":"#1"},"west":{"uv":[3.625,11.875,5.875,13.25],"texture":"#1"},"up":{"uv":[0,2.25,0,0],"texture":"#1"},"down":{"uv":[0,0,0,2.25],"texture":"#1"}}},{"from":[-0.5155,-0.3233,-1],"to":[-0.5155,10.6767,17],"rotation":{"angle":22.5,"axis":"z","origin":[-0.5155,5.1767,8]},"faces":{"north":{"uv":[0,0,0,1.375],"texture":"#1"},"east":{"uv":[10.25,9.75,12.5,11.125],"texture":"#1","tintindex":0},"south":{"uv":[0,0,0,1.375],"texture":"#1"},"west":{"uv":[4,10.5,6.25,11.875],"texture":"#1","tintindex":0},"up":{"uv":[0,2.25,0,0],"texture":"#1"},"down":{"uv":[0,0,0,2.25],"texture":"#1"}}},{"from":[-13.1726,12.3496,-1],"to":[-2.1726,12.3496,17],"rotation":{"angle":-22.5,"axis":"z","origin":[-7.6726,12.3496,8]},"faces":{"north":{"uv":[0,0,1.375,0],"texture":"#1"},"east":{"uv":[0,0,2.25,0],"texture":"#1"},"south":{"uv":[0,0,1.375,0],"texture":"#1"},"west":{"uv":[0,0,2.25,0],"texture":"#1"},"up":{"uv":[0,12.375,1.375,14.625],"texture":"#1","tintindex":0},"down":{"uv":[0,12.375,1.375,14.625],"texture":"#1","tintindex":0}}},{"from":[-15.375,1,-1],"to":[-15.375,14.96,17],"rotation":{"angle":-22.5,"axis":"z","origin":[-15.375,8,8]},"faces":{"north":{"uv":[0,0,0,1.75],"texture":"#1"},"east":{"uv":[12,1.75,9.75,3.5],"texture":"#1","tintindex":0},"south":{"uv":[0,0,0,1.75],"texture":"#1"},"west":{"uv":[10.25,9.75,8,11.5],"texture":"#1","tintindex":0},"up":{"uv":[0,2.25,0,0],"texture":"#1"},"down":{"uv":[0,0,0,2.25],"texture":"#1"}}},{"from":[-1,-0.32325,-0.51554],"to":[17,10.67675,-0.51554],"rotation":{"angle":-22.5,"axis":"x","origin":[8,5.17675,-0.51554]},"faces":{"north":{"uv":[12.5,2.25,14.75,3.625],"texture":"#1","tintindex":0},"east":{"uv":[0,0,0,1.375],"texture":"#1"},"south":{"uv":[12.5,3.625,14.75,5],"texture":"#1","tintindex":0},"west":{"uv":[0,0,0,1.375],"texture":"#1"},"up":{"uv":[2.25,0,0,0],"texture":"#1"},"down":{"uv":[2.25,0,0,0],"texture":"#1"}}},{"from":[-1,12.34958,-13.17263],"to":[17,12.34958,-2.17263],"rotation":{"angle":22.5,"axis":"x","origin":[8,12.34958,-7.67263]},"faces":{"north":{"uv":[0,0,2.25,0],"texture":"#1"},"east":{"uv":[0,0,1.375,0],"texture":"#1"},"south":{"uv":[0,0,2.25,0],"texture":"#1"},"west":{"uv":[0,0,1.375,0],"texture":"#1"},"up":{"uv":[14.75,6.375,12.5,5],"texture":"#1","tintindex":0},"down":{"uv":[14.75,9.75,12.5,11.125],"texture":"#1","tintindex":0}}},{"from":[-1,1,-15.375],"to":[17,14.96,-15.375],"rotation":{"angle":22.5,"axis":"x","origin":[8,8,-15.375]},"faces":{"north":{"uv":[10.25,3.5,12.5,5.25],"texture":"#1","tintindex":0},"east":{"uv":[0,0,0,1.75],"texture":"#1"},"south":{"uv":[10.25,5.25,12.5,7],"texture":"#1","tintindex":0},"west":{"uv":[0,0,0,1.75],"texture":"#1"},"up":{"uv":[2.25,0,0,0],"texture":"#1"},"down":{"uv":[2.25,0,0,0],"texture":"#1"}}},{"from":[16.5155,-0.3233,-1],"to":[16.5155,10.6767,17],"rotation":{"angle":-22.5,"axis":"z","origin":[16.5155,5.1767,8]},"faces":{"north":{"uv":[0,0,0,1.375],"texture":"#1"},"east":{"uv":[5.875,11.875,3.625,13.25],"texture":"#1"},"south":{"uv":[0,0,0,1.375],"texture":"#1"},"west":{"uv":[9.875,11.5,7.625,12.875],"texture":"#1"},"up":{"uv":[0,2.25,0,0],"texture":"#1"},"down":{"uv":[0,0,0,2.25],"texture":"#1"}}},{"from":[-1,-0.32325,16.51554],"to":[17,10.67675,16.51554],"rotation":{"angle":22.5,"axis":"x","origin":[8,5.17675,16.51554]},"faces":{"north":{"uv":[13,8.375,10.75,9.75],"texture":"#1"},"east":{"uv":[0,0,0,1.375],"texture":"#1"},"south":{"uv":[13,7,10.75,8.375],"texture":"#1"},"west":{"uv":[0,0,0,1.375],"texture":"#1"},"up":{"uv":[2.25,0,0,0],"texture":"#1"},"down":{"uv":[2.25,0,0,0],"texture":"#1"}}},{"from":[-1,12.34958,18.17263],"to":[17,12.34958,29.17263],"rotation":{"angle":-22.5,"axis":"x","origin":[8,12.34958,23.67263]},"faces":{"north":{"uv":[2.25,0,0,0],"texture":"#1"},"east":{"uv":[1.375,0,0,0],"texture":"#1"},"south":{"uv":[2.25,0,0,0],"texture":"#1"},"west":{"uv":[1.375,0,0,0],"texture":"#1"},"up":{"uv":[2.25,11,0,12.375],"texture":"#1"},"down":{"uv":[12.5,12.5,10.25,11.125],"texture":"#1"}}},{"from":[18.1726,12.3496,-1],"to":[29.1726,12.3496,17],"rotation":{"angle":22.5,"axis":"z","origin":[23.6726,12.3496,8]},"faces":{"north":{"uv":[1.375,0,0,0],"texture":"#1"},"east":{"uv":[2.25,0,0,0],"texture":"#1"},"south":{"uv":[1.375,0,0,0],"texture":"#1"},"west":{"uv":[2.25,0,0,0],"texture":"#1"},"up":{"uv":[3.625,13.25,2.25,11],"texture":"#1"},"down":{"uv":[3.625,11,2.25,13.25],"texture":"#1"}}},{"from":[31.375,1,-1],"to":[31.375,14.96,17],"rotation":{"angle":22.5,"axis":"z","origin":[31.375,8,8]},"faces":{"north":{"uv":[0,0,0,1.75],"texture":"#1"},"east":{"uv":[12,0,9.75,1.75],"texture":"#1"},"south":{"uv":[0,0,0,1.75],"texture":"#1"},"west":{"uv":[4,9.25,1.75,11],"texture":"#1"},"up":{"uv":[0,2.25,0,0],"texture":"#1"},"down":{"uv":[0,0,0,2.25],"texture":"#1"}}},{"from":[-1,1,31.375],"to":[17,14.96,31.375],"rotation":{"angle":-22.5,"axis":"x","origin":[8,8,31.375]},"faces":{"north":{"uv":[5.75,8.75,8,10.5],"texture":"#1"},"east":{"uv":[0,0,0,1.75],"texture":"#1"},"south":{"uv":[8.5,8,10.75,9.75],"texture":"#1"},"west":{"uv":[0,0,0,1.75],"texture":"#1"},"up":{"uv":[2.25,0,0,0],"texture":"#1"},"down":{"uv":[2.25,0,0,0],"texture":"#1"}}},{"from":[16.5155,-0.3233,-1],"to":[16.5155,10.6767,17],"rotation":{"angle":-22.5,"axis":"z","origin":[16.5155,5.1767,8]},"faces":{"north":{"uv":[0,0,0,1.375],"texture":"#1"},"east":{"uv":[6.25,10.5,4,11.875],"texture":"#1","tintindex":0},"south":{"uv":[0,0,0,1.375],"texture":"#1"},"west":{"uv":[12.5,9.75,10.25,11.125],"texture":"#1","tintindex":0},"up":{"uv":[0,2.25,0,0],"texture":"#1"},"down":{"uv":[0,0,0,2.25],"texture":"#1"}}},{"from":[18.1726,12.3496,-1],"to":[29.1726,12.3496,17],"rotation":{"angle":22.5,"axis":"z","origin":[23.6726,12.3496,8]},"faces":{"north":{"uv":[1.375,0,0,0],"texture":"#1"},"east":{"uv":[2.25,0,0,0],"texture":"#1"},"south":{"uv":[1.375,0,0,0],"texture":"#1"},"west":{"uv":[2.25,0,0,0],"texture":"#1"},"up":{"uv":[1.375,12.375,0,14.625],"texture":"#1","tintindex":0},"down":{"uv":[1.375,12.375,0,14.625],"texture":"#1","tintindex":0}}},{"from":[31.375,1,-1],"to":[31.375,14.96,17],"rotation":{"angle":22.5,"axis":"z","origin":[31.375,8,8]},"faces":{"north":{"uv":[0,0,0,1.75],"texture":"#1"},"east":{"uv":[10.25,9.75,8,11.5],"texture":"#1","tintindex":0},"south":{"uv":[0,0,0,1.75],"texture":"#1"},"west":{"uv":[12,1.75,9.75,3.5],"texture":"#1","tintindex":0},"up":{"uv":[0,2.25,0,0],"texture":"#1"},"down":{"uv":[0,0,0,2.25],"texture":"#1"}}},{"from":[-1,-0.32325,16.51554],"to":[17,10.67675,16.51554],"rotation":{"angle":22.5,"axis":"x","origin":[8,5.17675,16.51554]},"faces":{"north":{"uv":[14.75,3.625,12.5,5],"texture":"#1","tintindex":0},"east":{"uv":[0,0,0,1.375],"texture":"#1"},"south":{"uv":[14.75,2.25,12.5,3.625],"texture":"#1","tintindex":0},"west":{"uv":[0,0,0,1.375],"texture":"#1"},"up":{"uv":[2.25,0,0,0],"texture":"#1"},"down":{"uv":[2.25,0,0,0],"texture":"#1"}}},{"from":[-1,12.34958,18.17263],"to":[17,12.34958,29.17263],"rotation":{"angle":-22.5,"axis":"x","origin":[8,12.34958,23.67263]},"faces":{"north":{"uv":[2.25,0,0,0],"texture":"#1"},"east":{"uv":[1.375,0,0,0],"texture":"#1"},"south":{"uv":[2.25,0,0,0],"texture":"#1"},"west":{"uv":[1.375,0,0,0],"texture":"#1"},"up":{"uv":[14.75,5,12.5,6.375],"texture":"#1","tintindex":0},"down":{"uv":[14.75,11.125,12.5,9.75],"texture":"#1","tintindex":0}}},{"from":[-1,1,31.375],"to":[17,14.96,31.375],"rotation":{"angle":-22.5,"axis":"x","origin":[8,8,31.375]},"faces":{"north":{"uv":[10.25,5.25,12.5,7],"texture":"#1","tintindex":0},"east":{"uv":[0,0,0,1.75],"texture":"#1"},"south":{"uv":[10.25,3.5,12.5,5.25],"texture":"#1","tintindex":0},"west":{"uv":[0,0,0,1.75],"texture":"#1"},"up":{"uv":[2.25,0,0,0],"texture":"#1"},"down":{"uv":[2.25,0,0,0],"texture":"#1"}}}],"gui_light":"front","display":{"thirdperson_righthand":{"rotation":[63,34,0],"translation":[0,1,0],"scale":[0.45,0.45,0.45]},"thirdperson_lefthand":{"rotation":[63,34,0],"translation":[0,1,0],"scale":[0.45,0.45,0.45]},"firstperson_righthand":{"rotation":[3,112,-13],"translation":[9.5,0,-5.75],"scale":[0.55,0.55,0.55]},"firstperson_lefthand":{"rotation":[3,112,-13],"translation":[9.5,0,-5.75],"scale":[0.55,0.55,0.55]},"ground":{"translation":[0,2,0],"scale":[0.55,0.55,0.55]},"gui":{"rotation":[30,-145,0],"scale":[0.35,0.35,0.35]},"fixed":{"rotation":[-90,0,0],"translation":[0,0,-16.25],"scale":[2,2,2]}},"groups":[{"name":"root","origin":[8,8,0],"color":0,"children":[0,1,2,3,4,5,6,7,8,9,10,11,12,13,14,15,16,17,18,19,20,21,22,23,24,25,26,27,28,29,30,31,32,33,34]}],"mcmodels":"50a1c1e364728b144921739d4b854f9a"}