{
	"credit": "Made with Blockbench",
	"textures": {
		"0": "next:item/hats/farmer/farmer"
	},
	"elements": [
		{
			"name": "headwear",
			"from": [2.75, -6.5, 2.75],
			"to": [13.25, 6, 13.25],
			"rotation": {"angle": 0, "axis": "z", "origin": [8, 0, 16]},
			"faces": {
				"north": {"uv": [10, 2, 12, 4.5], "texture": "#0"},
				"east": {"uv": [8, 2, 10, 4.5], "texture": "#0"},
				"south": {"uv": [14, 2, 16, 4.5], "texture": "#0"},
				"west": {"uv": [12, 2, 14, 4.5], "texture": "#0"},
				"up": {"uv": [12, 2, 10, 0], "texture": "#0"},
				"down": {"uv": [14, 0, 12, 2], "texture": "#0"}
			}
		},
		{
			"name": "rotation",
			"from": [0, 1, 0],
			"to": [16, 1, 16],
			"rotation": {"angle": 0, "axis": "z", "origin": [8, 0, 16]},
			"faces": {
				"north": {"uv": [15.75, 11.75, 11.75, 12], "rotation": 180, "texture": "#0"},
				"east": {"uv": [7.5, 12, 7.75, 16], "rotation": 270, "texture": "#0"},
				"south": {"uv": [11.75, 12, 7.75, 11.75], "texture": "#0"},
				"west": {"uv": [11.75, 12, 12, 16], "rotation": 90, "texture": "#0"},
				"up": {"uv": [7.75, 12, 11.75, 16], "rotation": 180, "texture": "#0"},
				"down": {"uv": [11.75, 12, 7.75, 16], "texture": "#0"}
			}
		}
	],
	"display": {
		"thirdperson_righthand": {
			"rotation": [75, 45, 0],
			"translation": [0, 1.5, 2.75],
			"scale": [0.5, 0.5, 0.5]
		},
		"thirdperson_lefthand": {
			"rotation": [75, 45, 0],
			"translation": [0, 1.5, 2.75],
			"scale": [0.5, 0.5, 0.5]
		},
		"firstperson_righthand": {
			"rotation": [0, 225, 0],
			"translation": [0, 2.75, 0],
			"scale": [0.4, 0.4, 0.4]
		},
		"firstperson_lefthand": {
			"rotation": [0, 225, 0],
			"translation": [0, 2.75, 0],
			"scale": [0.4, 0.4, 0.4]
		},
		"ground": {
			"translation": [0, 3, 0],
			"scale": [0.5, 0.5, 0.5]
		},
		"gui": {
			"rotation": [30, 225, 0],
			"translation": [0, 2.3, 0],
			"scale": [0.6, 0.6, 0.6]
		},
		"head": {
			"translation": [0, 13.3, 0],
			"scale": [1.3, 1.3, 1.3]
		},
		"fixed": {
			"rotation": [-90, 0, 0],
			"translation": [0, 0, -7]
		}
	},
	"groups": [
		{
			"name": "headwear",
			"origin": [0, 24, 0],
			"color": 0,
			"children": [0]
		},
		{
			"name": "headwear2",
			"origin": [0, 24, 0],
			"color": 0,
			"children": [
				{
					"name": "rotation",
					"origin": [0, 24, 0],
					"rotation": [90, 0, 0],
					"color": 0,
					"children": [1]
				}
			]
		}
	]
}