{"credit":"Made with Blockbench","parent":"small_rocks","texture_size":[64,64],"textures":{"0":"next:item/furniture/rocks","particle":"next:item/furniture/rocks"},"elements":[{"from":[6.75,0,7.5],"to":[17.75,11,18.5],"rotation":{"angle":0,"axis":"y","origin":[5.75,0,7.5]},"faces":{"north":{"uv":[0,0,2.75,2.75],"texture":"#0"},"east":{"uv":[0,2.75,2.75,5.5],"texture":"#0"},"south":{"uv":[2.75,0,5.5,2.75],"texture":"#0"},"west":{"uv":[2.75,2.75,5.5,5.5],"texture":"#0"},"up":{"uv":[2.75,8.25,0,5.5],"texture":"#0"},"down":{"uv":[8.25,0,5.5,2.75],"texture":"#0"}}},{"from":[-0.25,0,2.5],"to":[7.75,6,10.5],"rotation":{"angle":0,"axis":"y","origin":[-3.25,0,2.5]},"faces":{"north":{"uv":[4.75,5.5,6.75,7],"texture":"#0"},"east":{"uv":[6.75,4.75,8.75,6.25],"texture":"#0"},"south":{"uv":[6.75,6.25,8.75,7.75],"texture":"#0"},"west":{"uv":[4.75,7,6.75,8.5],"texture":"#0"},"up":{"uv":[4.75,7.5,2.75,5.5],"texture":"#0"},"down":{"uv":[7.5,2.75,5.5,4.75],"texture":"#0"}}},{"from":[9.75,0,0.5],"to":[14.75,3,5.5],"rotation":{"angle":0,"axis":"y","origin":[6.75,0,-1.5]},"faces":{"north":{"uv":[5.5,4.75,6.75,5.5],"texture":"#0"},"east":{"uv":[7.5,4,8.75,4.75],"texture":"#0"},"south":{"uv":[6.75,7.75,8,8.5],"texture":"#0"},"west":{"uv":[8,7.75,9.25,8.5],"texture":"#0"},"up":{"uv":[4,8.75,2.75,7.5],"texture":"#0"},"down":{"uv":[8.75,2.75,7.5,4],"texture":"#0"}}}],"gui_light":"front","display":{"thirdperson_righthand":{"rotation":[63,34,0],"translation":[0,1,0],"scale":[0.45,0.45,0.45]},"thirdperson_lefthand":{"rotation":[63,34,0],"translation":[0,1,0],"scale":[0.45,0.45,0.45]},"firstperson_righthand":{"rotation":[3,112,-13],"translation":[9.5,0,-5.75],"scale":[0.55,0.55,0.55]},"firstperson_lefthand":{"rotation":[3,112,-13],"translation":[9.5,0,-5.75],"scale":[0.55,0.55,0.55]},"ground":{"translation":[0,2,0],"scale":[0.55,0.55,0.55]},"gui":{"rotation":[30,-145,0],"translation":[0.75,1.5,0],"scale":[0.55,0.55,0.55]},"fixed":{"rotation":[-90,0,0],"translation":[0,0,-16],"scale":[2,2,2]}},"groups":[{"name":"group","origin":[8,8,8],"color":0,"children":[0,1,2]}],"mcmodels":"50a1c1e364728b144921739d4b854f9a"}