{
	"credit": "Made with Blockbench",
	"texture_size": [64, 64],
	"textures": {
		"0": "next:item/hats/plush_fran/skin",
		"particle": "next:item/hats/plush_fran/skin"
	},
	"elements": [
		{
			"from": [5, 6, 5],
			"to": [11, 12, 11],
			"rotation": {"angle": 0, "axis": "y", "origin": [0, -4, 0]},
			"faces": {
				"north": {"uv": [0.75, 2.5, 2.25, 4], "texture": "#0"},
				"east": {"uv": [5.25, 2.5, 6.75, 4], "texture": "#0"},
				"south": {"uv": [3.75, 2.5, 5.25, 4], "texture": "#0"},
				"west": {"uv": [2.25, 2.5, 3.75, 4], "texture": "#0"},
				"up": {"uv": [2.25, 1, 3.75, 2.5], "rotation": 90, "texture": "#0"},
				"down": {"uv": [3.75, 1, 5.25, 2.5], "rotation": 90, "texture": "#0"}
			}
		},
		{
			"from": [4.75, 5.75, 4.75],
			"to": [11.25, 12.25, 11.25],
			"rotation": {"angle": 0, "axis": "y", "origin": [0, -4, 0]},
			"faces": {
				"north": {"uv": [6.75, 2.5, 8.25, 4], "texture": "#0"},
				"east": {"uv": [11.25, 2.5, 12.75, 4], "texture": "#0"},
				"south": {"uv": [9.75, 2.5, 11.25, 4], "texture": "#0"},
				"west": {"uv": [8.25, 2.5, 9.75, 4], "texture": "#0"},
				"up": {"uv": [8.25, 1, 9.75, 2.5], "rotation": 90, "texture": "#0"},
				"down": {"uv": [9.75, 1, 11.25, 2.5], "rotation": 90, "texture": "#0"}
			}
		},
		{
			"from": [6, 0, 5],
			"to": [10, 6, 11],
			"rotation": {"angle": 0, "axis": "y", "origin": [0, -4, 0]},
			"faces": {
				"north": {"uv": [4.25, 6.5, 5.25, 8], "texture": "#0"},
				"east": {"uv": [7.75, 6.5, 9.25, 8], "texture": "#0"},
				"south": {"uv": [6.75, 6.5, 7.75, 8], "texture": "#0"},
				"west": {"uv": [5.25, 6.5, 6.75, 8], "texture": "#0"},
				"up": {"uv": [5.25, 5.5, 6.75, 6.5], "rotation": 90, "texture": "#0"},
				"down": {"uv": [6.75, 5.5, 8.25, 6.5], "rotation": 90, "texture": "#0"}
			}
		},
		{
			"from": [5.75, -0.25, 4.75],
			"to": [10.25, 6.25, 11.25],
			"rotation": {"angle": 0, "axis": "y", "origin": [0, -4, 0]},
			"faces": {
				"north": {"uv": [4.25, 9, 5.25, 10.5], "texture": "#0"},
				"east": {"uv": [7.75, 9, 9.25, 10.5], "texture": "#0"},
				"south": {"uv": [6.75, 9, 7.75, 10.5], "texture": "#0"},
				"west": {"uv": [5.25, 9, 6.75, 10.5], "texture": "#0"},
				"up": {"uv": [5.25, 8, 6.75, 9], "rotation": 90, "texture": "#0"},
				"down": {"uv": [6.75, 8, 8.25, 9], "rotation": 90, "texture": "#0"}
			}
		},
		{
			"from": [4, 0.001, 5],
			"to": [8, 3.001, 8],
			"rotation": {"angle": -22.5, "axis": "y", "origin": [8, 1, 6.5]},
			"faces": {
				"north": {"uv": [0.5, 7, 1.25, 8], "rotation": 270, "texture": "#0"},
				"east": {"uv": [1.25, 6.25, 2, 7], "rotation": 90, "texture": "#0"},
				"south": {"uv": [2, 7, 2.75, 8], "rotation": 90, "texture": "#0"},
				"west": {"uv": [2, 6.25, 2.75, 7], "rotation": 90, "texture": "#0"},
				"up": {"uv": [1.25, 7, 2, 8], "rotation": 90, "texture": "#0"},
				"down": {"uv": [2.75, 7, 3.5, 8], "rotation": 90, "texture": "#0"}
			}
		},
		{
			"from": [4, 4, 5],
			"to": [8, 6, 7],
			"rotation": {"angle": -45, "axis": "y", "origin": [8, 4, 6.5]},
			"faces": {
				"north": {"uv": [10.25, 6.75, 11, 8], "rotation": 270, "texture": "#0"},
				"east": {"uv": [11, 6, 11.75, 6.75], "rotation": 90, "texture": "#0"},
				"south": {"uv": [11.75, 6.75, 12.5, 8], "rotation": 90, "texture": "#0"},
				"west": {"uv": [11.75, 6, 12.5, 6.75], "rotation": 90, "texture": "#0"},
				"up": {"uv": [11, 6.75, 11.75, 8], "rotation": 90, "texture": "#0"},
				"down": {"uv": [12.5, 6.75, 13.25, 8], "rotation": 90, "texture": "#0"}
			}
		},
		{
			"from": [4, 4, 9],
			"to": [8, 6, 11],
			"rotation": {"angle": 45, "axis": "y", "origin": [8, 4, 9.5]},
			"faces": {
				"north": {"uv": [12.5, 6.75, 11.75, 8], "rotation": 270, "texture": "#0"},
				"east": {"uv": [11, 6.75, 11.75, 6], "rotation": 90, "texture": "#0"},
				"south": {"uv": [11, 6.75, 10.25, 8], "rotation": 90, "texture": "#0"},
				"west": {"uv": [11.75, 6.75, 12.5, 6], "rotation": 90, "texture": "#0"},
				"up": {"uv": [11.75, 6.75, 11, 8], "rotation": 90, "texture": "#0"},
				"down": {"uv": [13.25, 6.75, 12.5, 8], "rotation": 90, "texture": "#0"}
			}
		},
		{
			"from": [3.75, 3.75, 8.75],
			"to": [8.25, 6.25, 11.25],
			"rotation": {"angle": 45, "axis": "y", "origin": [8, 4, 9.5]},
			"faces": {
				"north": {"uv": [12.5, 9.25, 11.75, 10.5], "rotation": 270, "texture": "#0"},
				"east": {"uv": [11, 9.25, 11.75, 8.5], "rotation": 90, "texture": "#0"},
				"south": {"uv": [11, 9.25, 10.25, 10.5], "rotation": 90, "texture": "#0"},
				"west": {"uv": [11.75, 9.25, 12.5, 8.5], "rotation": 90, "texture": "#0"},
				"up": {"uv": [11.75, 9.25, 11, 10.5], "rotation": 90, "texture": "#0"},
				"down": {"uv": [13.25, 9.25, 12.5, 10.5], "rotation": 90, "texture": "#0"}
			}
		},
		{
			"from": [3.75, 3.75, 4.75],
			"to": [8.25, 6.25, 7.25],
			"rotation": {"angle": -45, "axis": "y", "origin": [8, 4, 6.5]},
			"faces": {
				"north": {"uv": [10.25, 9.25, 11, 10.5], "rotation": 270, "texture": "#0"},
				"east": {"uv": [11, 8.5, 11.75, 9.25], "rotation": 90, "texture": "#0"},
				"south": {"uv": [11.75, 9.25, 12.5, 10.5], "rotation": 90, "texture": "#0"},
				"west": {"uv": [11.75, 8.5, 12.5, 9.25], "rotation": 90, "texture": "#0"},
				"up": {"uv": [11, 9.25, 11.75, 10.5], "rotation": 90, "texture": "#0"},
				"down": {"uv": [12.5, 9.25, 13.25, 10.5], "rotation": 90, "texture": "#0"}
			}
		},
		{
			"from": [4, 0.001, 8],
			"to": [8, 3.001, 11],
			"rotation": {"angle": 22.5, "axis": "y", "origin": [8, 1, 9.5]},
			"faces": {
				"north": {"uv": [2.75, 7, 2, 8], "rotation": 270, "texture": "#0"},
				"east": {"uv": [1.25, 7, 2, 6.25], "rotation": 90, "texture": "#0"},
				"south": {"uv": [1.25, 7, 0.5, 8], "rotation": 90, "texture": "#0"},
				"west": {"uv": [2, 7, 2.75, 6.25], "rotation": 90, "texture": "#0"},
				"up": {"uv": [2, 7, 1.25, 8], "rotation": 90, "texture": "#0"},
				"down": {"uv": [3.5, 7, 2.75, 8], "rotation": 90, "texture": "#0"}
			}
		},
		{
			"from": [3.75, -0.249, 7.75],
			"to": [8.25, 3.251, 11.25],
			"rotation": {"angle": 22.5, "axis": "y", "origin": [8, 1, 9.5]},
			"faces": {
				"north": {"uv": [2.75, 9.5, 2, 10.5], "rotation": 270, "texture": "#0"},
				"east": {"uv": [1.25, 9.5, 2, 8.75], "rotation": 90, "texture": "#0"},
				"south": {"uv": [1.25, 9.5, 0.5, 10.5], "rotation": 90, "texture": "#0"},
				"west": {"uv": [2, 9.5, 2.75, 8.75], "rotation": 90, "texture": "#0"},
				"up": {"uv": [2, 9.5, 1.25, 10.5], "rotation": 90, "texture": "#0"},
				"down": {"uv": [3.5, 9.5, 2.75, 10.5], "rotation": 90, "texture": "#0"}
			}
		},
		{
			"from": [3.75, -0.249, 4.75],
			"to": [8.25, 3.251, 8.25],
			"rotation": {"angle": -22.5, "axis": "y", "origin": [8, 1, 6.5]},
			"faces": {
				"north": {"uv": [0.5, 9.5, 1.25, 10.5], "rotation": 270, "texture": "#0"},
				"east": {"uv": [1.25, 8.75, 2, 9.5], "rotation": 90, "texture": "#0"},
				"south": {"uv": [2, 9.5, 2.75, 10.5], "rotation": 90, "texture": "#0"},
				"west": {"uv": [2, 8.75, 2.75, 9.5], "rotation": 90, "texture": "#0"},
				"up": {"uv": [1.25, 9.5, 2, 10.5], "rotation": 90, "texture": "#0"},
				"down": {"uv": [2.75, 9.5, 3.5, 10.5], "rotation": 90, "texture": "#0"}
			}
		}
	],
	"display": {
		"thirdperson_righthand": {
			"rotation": [90, -90, 0],
			"translation": [0, -2.25, 16],
			"scale": [0.5, 0.5, 0.5]
		},
		"thirdperson_lefthand": {
			"rotation": [90, 90, 0],
			"translation": [0, -2.25, 16],
			"scale": [0.5, 0.5, 0.5]
		},
		"firstperson_righthand": {
			"rotation": [0, 45, 0],
			"translation": [0, 2.75, 0],
			"scale": [0.4, 0.4, 0.4]
		},
		"firstperson_lefthand": {
			"rotation": [0, 225, 0],
			"translation": [0, 2.75, 0],
			"scale": [0.4, 0.4, 0.4]
		},
		"ground": {
			"translation": [0, 3, 0],
			"scale": [0.5, 0.5, 0.5]
		},
		"gui": {
			"rotation": [30, 135, 0],
			"translation": [0, 1.5, 0],
			"scale": [0.8, 0.8, 0.8]
		},
		"head": {
			"rotation": [0, -90, 0],
			"translation": [0, 14.25, 1]
		},
		"fixed": {
			"rotation": [-90, -90, 0],
			"translation": [0, 0, -7]
		}
	}
}