{
	"credit": "Made with Blockbench",
	"texture_size": [128, 128],
	"textures": {
		"0": "next:item/hats/wizard/texture",
		"particle": "next:item/hats/wizard/texture"
	},
	"elements": [
		{
			"from": [-4, 0, -2],
			"to": [20, 1, 18],
			"faces": {
				"north": {"uv": [6.25, 5.75, 9.25, 5.875], "texture": "#0"},
				"east": {"uv": [4.5, 6.625, 7, 6.75], "texture": "#0"},
				"south": {"uv": [6.25, 5.875, 9.25, 6], "texture": "#0"},
				"west": {"uv": [0, 6.75, 2.5, 6.875], "texture": "#0"},
				"up": {"uv": [3, 2.5, 0, 0], "texture": "#0"},
				"down": {"uv": [3, 2.5, 0, 5], "texture": "#0"}
			}
		},
		{
			"from": [1, 1, 1],
			"to": [15, 4, 15],
			"faces": {
				"north": {"uv": [5.5, 3, 7.25, 3.375], "texture": "#0"},
				"east": {"uv": [5.5, 3.375, 7.25, 3.75], "texture": "#0"},
				"south": {"uv": [5.5, 3.75, 7.25, 4.125], "texture": "#0"},
				"west": {"uv": [5.5, 4.125, 7.25, 4.5], "texture": "#0"},
				"up": {"uv": [1.75, 6.75, 0, 5], "texture": "#0"},
				"down": {"uv": [7.25, 0, 5.5, 1.75], "texture": "#0"}
			}
		},
		{
			"from": [3, 4, 3],
			"to": [13, 7, 13],
			"faces": {
				"north": {"uv": [3, 6, 4.25, 6.375], "texture": "#0"},
				"east": {"uv": [4.25, 6, 5.5, 6.375], "texture": "#0"},
				"south": {"uv": [5.5, 6, 6.75, 6.375], "texture": "#0"},
				"west": {"uv": [1.75, 6.25, 3, 6.625], "texture": "#0"},
				"up": {"uv": [3, 6.25, 1.75, 5], "texture": "#0"},
				"down": {"uv": [6.75, 1.75, 5.5, 3], "texture": "#0"}
			}
		},
		{
			"from": [5, 4.9724, 4.80658],
			"to": [11, 9.9724, 10.80658],
			"rotation": {"angle": 22.5, "axis": "x", "origin": [8, 6.4724, 7.80658]},
			"faces": {
				"north": {"uv": [6.25, 4.5, 7, 5.125], "texture": "#0"},
				"east": {"uv": [6.25, 5.125, 7, 5.75], "texture": "#0"},
				"south": {"uv": [3, 6.375, 3.75, 7], "texture": "#0"},
				"west": {"uv": [3.75, 6.375, 4.5, 7], "texture": "#0"},
				"up": {"uv": [6.25, 5.25, 5.5, 4.5], "texture": "#0"},
				"down": {"uv": [6.25, 5.25, 5.5, 6], "texture": "#0"}
			}
		},
		{
			"from": [5.75, 10.75784, 6.99206],
			"to": [9.75, 14.75784, 10.99206],
			"rotation": {"angle": 45, "axis": "x", "origin": [7, 10.64626, 6.42431]},
			"faces": {
				"north": {"uv": [2.5, 6.625, 3, 7.125], "texture": "#0"},
				"east": {"uv": [6.75, 2, 7.25, 2.5], "texture": "#0"},
				"south": {"uv": [6.75, 2.5, 7.25, 3], "texture": "#0"},
				"west": {"uv": [4.5, 6.75, 5, 7.25], "texture": "#0"},
				"up": {"uv": [5.5, 7.25, 5, 6.75], "texture": "#0"},
				"down": {"uv": [6, 6.75, 5.5, 7.25], "texture": "#0"}
			}
		},
		{
			"from": [6.25, 7.50108, 9.88537],
			"to": [9.25, 10.50108, 12.88537],
			"rotation": {"angle": -22.5, "axis": "x", "origin": [6.5, 11.56883, 3.77379]},
			"faces": {
				"north": {"uv": [6, 6.75, 6.375, 7.125], "texture": "#0"},
				"east": {"uv": [6.75, 6, 7.125, 6.375], "texture": "#0"},
				"south": {"uv": [6.375, 6.75, 6.75, 7.125], "texture": "#0"},
				"west": {"uv": [6.75, 6.75, 7.125, 7.125], "texture": "#0"},
				"up": {"uv": [0.375, 7.25, 0, 6.875], "texture": "#0"},
				"down": {"uv": [0.75, 6.875, 0.375, 7.25], "texture": "#0"}
			}
		},
		{
			"from": [6.75, 11.81921, 12.6004],
			"to": [8.75, 13.81921, 15.6004],
			"rotation": {"angle": 0, "axis": "x", "origin": [6.5, 15.13695, -3.51117]},
			"faces": {
				"north": {"uv": [2, 6.875, 2.25, 7.125], "texture": "#0"},
				"east": {"uv": [0.75, 6.875, 1.125, 7.125], "texture": "#0"},
				"south": {"uv": [2.25, 6.875, 2.5, 7.125], "texture": "#0"},
				"west": {"uv": [1.125, 6.875, 1.5, 7.125], "texture": "#0"},
				"up": {"uv": [1.75, 7.25, 1.5, 6.875], "texture": "#0"},
				"down": {"uv": [2, 6.875, 1.75, 7.25], "texture": "#0"}
			}
		},
		{
			"from": [7.25, 12.6069, 12.50941],
			"to": [8.25, 13.6069, 15.50941],
			"rotation": {"angle": 45, "axis": "x", "origin": [7.25, 10.1069, 14.00941]},
			"faces": {
				"north": {"uv": [4, 7, 4.125, 7.125], "texture": "#0"},
				"east": {"uv": [1.75, 6.625, 2.125, 6.75], "texture": "#0"},
				"south": {"uv": [4.125, 7, 4.25, 7.125], "texture": "#0"},
				"west": {"uv": [2.125, 6.625, 2.5, 6.75], "texture": "#0"},
				"up": {"uv": [3.125, 7.375, 3, 7], "texture": "#0"},
				"down": {"uv": [3.25, 7, 3.125, 7.375], "texture": "#0"}
			}
		},
		{
			"from": [7.25, 11.96101, 16.07143],
			"to": [8.25, 12.96101, 18.07143],
			"rotation": {"angle": 22.5, "axis": "x", "origin": [7.25, 9.46101, 13.57143]},
			"faces": {
				"north": {"uv": [4.25, 7, 4.375, 7.125], "texture": "#0"},
				"east": {"uv": [3.25, 7, 3.5, 7.125], "texture": "#0"},
				"south": {"uv": [4.375, 7, 4.5, 7.125], "texture": "#0"},
				"west": {"uv": [3.5, 7, 3.75, 7.125], "texture": "#0"},
				"up": {"uv": [3.875, 7.25, 3.75, 7], "texture": "#0"},
				"down": {"uv": [4, 7, 3.875, 7.25], "texture": "#0"}
			}
		},
		{
			"from": [-2, 0, -4],
			"to": [18, 1, 20],
			"faces": {
				"north": {"uv": [6.75, 1.75, 9.25, 1.875], "texture": "#0"},
				"east": {"uv": [4.5, 6.375, 7.5, 6.5], "texture": "#0"},
				"south": {"uv": [6.75, 1.875, 9.25, 2], "texture": "#0"},
				"west": {"uv": [4.5, 6.5, 7.5, 6.625], "texture": "#0"},
				"up": {"uv": [5.5, 3, 3, 0], "texture": "#0"},
				"down": {"uv": [5.5, 3, 3, 6], "texture": "#0"}
			}
		}
	],
	"display": {
		"thirdperson_righthand": {
			"rotation": [75, 45, 0],
			"translation": [0, 1.5, 2.75],
			"scale": [0.5, 0.5, 0.5]
		},
		"thirdperson_lefthand": {
			"rotation": [75, 45, 0],
			"translation": [0, 1.5, 2.75],
			"scale": [0.5, 0.5, 0.5]
		},
		"firstperson_righthand": {
			"rotation": [0, 225, 0],
			"translation": [0, 2.75, 0],
			"scale": [0.4, 0.4, 0.4]
		},
		"firstperson_lefthand": {
			"rotation": [0, 225, 0],
			"translation": [0, 2.75, 0],
			"scale": [0.4, 0.4, 0.4]
		},
		"ground": {
			"translation": [0, 3, 0],
			"scale": [0.5, 0.5, 0.5]
		},
		"gui": {
			"rotation": [30, 225, 0],
			"translation": [0, 0.75, 0],
			"scale": [0.5, 0.5, 0.5]
		},
		"head": {
			"translation": [0, 14.25, 0]
		},
		"fixed": {
			"rotation": [-90, 0, 0],
			"translation": [0, 0, -7]
		}
	}
}