{"credit":"Made by Nog's Menagerie","texture_size":[32,32],"textures":{"0":"next:item/plushies/nm_plushie_ocelot_texture","particle":"next:item/plushies/nm_plushie_ocelot_texture"},"elements":[{"name":"torso","from":[6,0.5,5.25],"to":[10,6.5,9.25],"rotation":{"angle":-22.5,"axis":"x","origin":[8,4,7.25]},"faces":{"north":{"uv":[2.5,0,4.5,3],"texture":"#0"},"east":{"uv":[2.5,3,4.5,6],"texture":"#0"},"south":{"uv":[4.5,0,6.5,3],"texture":"#0"},"west":{"uv":[4.5,3,6.5,6],"texture":"#0"},"up":{"uv":[8.5,4,6.5,2],"texture":"#0"},"down":{"uv":[8.5,4,6.5,6],"texture":"#0"}}},{"name":"tail","from":[7,0.00105,6.74163],"to":[9,2.00105,12.74163],"rotation":{"angle":0,"axis":"y","origin":[8,2.00105,10.24163]},"faces":{"north":{"uv":[7,10.5,8,11.5],"texture":"#0"},"east":{"uv":[7.5,6,10.5,7],"texture":"#0"},"south":{"uv":[8,10.5,9,11.5],"texture":"#0"},"west":{"uv":[7.5,7,10.5,8],"texture":"#0"},"up":{"uv":[1,10,0,7],"texture":"#0"},"down":{"uv":[2,7,1,10],"texture":"#0"}}},{"name":"tail","from":[7.025,1.26433,12.09253],"to":[8.975,3.26433,16.09253],"rotation":{"angle":-22.5,"axis":"x","origin":[8,2.26433,15.59253]},"faces":{"north":{"uv":[9,10.5,10,11.5],"texture":"#0"},"east":{"uv":[9.5,3.5,11.5,4.5],"texture":"#0"},"south":{"uv":[11,4.5,12,5.5],"texture":"#0"},"west":{"uv":[10,8,12,9],"texture":"#0"},"up":{"uv":[11,11,10,9],"texture":"#0"},"down":{"uv":[11.5,0,10.5,2],"texture":"#0"}}},{"name":"head","from":[5.5,6.35,3.1],"to":[10.5,10.35,8.1],"rotation":{"angle":-22.5,"axis":"x","origin":[8,7.5,6.25]},"faces":{"north":{"uv":[0,5,2.5,7],"texture":"#0"},"east":{"uv":[2.5,6,5,8],"texture":"#0"},"south":{"uv":[5,6,7.5,8],"texture":"#0"},"west":{"uv":[6.5,0,9,2],"texture":"#0"},"up":{"uv":[2.5,2.5,0,0],"texture":"#0"},"down":{"uv":[2.5,2.5,0,5],"texture":"#0"}}},{"name":"head","from":[9.5,10.35,5.1],"to":[10.5,11.35,7.1],"rotation":{"angle":-22.5,"axis":"x","origin":[8,7.5,6.25]},"faces":{"north":{"uv":[10,5.5,10.5,6],"texture":"#0"},"east":{"uv":[10.5,7.5,11.5,8],"texture":"#0"},"south":{"uv":[6.5,11.5,7,12],"texture":"#0"},"west":{"uv":[11.5,3.5,12.5,4],"texture":"#0"},"up":{"uv":[2.5,8,2,7],"texture":"#0"},"down":{"uv":[9.5,0,9,1],"texture":"#0"}}},{"name":"head","from":[5.5,10.35,5.1],"to":[6.5,11.35,7.1],"rotation":{"angle":-22.5,"axis":"x","origin":[8,7.5,6.25]},"faces":{"north":{"uv":[7,11.5,7.5,12],"texture":"#0"},"east":{"uv":[4,11.5,5,12],"texture":"#0"},"south":{"uv":[7.5,11.5,8,12],"texture":"#0"},"west":{"uv":[11.5,4,12.5,4.5],"texture":"#0"},"up":{"uv":[9.5,2,9,1],"texture":"#0"},"down":{"uv":[5.5,11.5,5,12.5],"texture":"#0"}}},{"name":"head","from":[6.5,6.35,2.1],"to":[9.5,8.35,3.1],"rotation":{"angle":-22.5,"axis":"x","origin":[8,7.5,6.25]},"faces":{"north":{"uv":[10.5,5.5,12,6.5],"texture":"#0"},"east":{"uv":[5.5,11.5,6,12.5],"texture":"#0"},"south":{"uv":[10.5,6.5,12,7.5],"texture":"#0"},"west":{"uv":[6,11.5,6.5,12.5],"texture":"#0"},"up":{"uv":[10,6,8.5,5.5],"texture":"#0"},"down":{"uv":[12,2,10.5,2.5],"texture":"#0"}}},{"name":"right_arm","from":[8.21456,0.2795,3.98701],"to":[9.96456,5.2795,5.73701],"rotation":{"angle":22.5,"axis":"x","origin":[8,3.0295,4.48701]},"faces":{"north":{"uv":[5,9,6,11.5],"texture":"#0"},"east":{"uv":[6,9,7,11.5],"texture":"#0"},"south":{"uv":[9,8,10,10.5],"texture":"#0"},"west":{"uv":[9.5,0,10.5,2.5],"texture":"#0"},"up":{"uv":[12.5,1,11.5,0],"texture":"#0"},"down":{"uv":[12.5,1,11.5,2],"texture":"#0"}}},{"name":"left_arm","from":[6.03544,0.2795,3.98701],"to":[7.78544,5.2795,5.73701],"rotation":{"angle":22.5,"axis":"x","origin":[8,3.0295,4.48701]},"faces":{"north":{"uv":[8.5,2,9.5,4.5],"texture":"#0"},"east":{"uv":[2,9,3,11.5],"texture":"#0"},"south":{"uv":[3,9,4,11.5],"texture":"#0"},"west":{"uv":[4,9,5,11.5],"texture":"#0"},"up":{"uv":[12,11,11,10],"texture":"#0"},"down":{"uv":[12,11,11,12],"texture":"#0"}}},{"name":"leg_leg","from":[4.055,-0.015,4.73335],"to":[6.055,1.985,9.73335],"rotation":{"angle":45,"axis":"y","origin":[5.555,0.985,5.53335]},"faces":{"north":{"uv":[11,9,12,10],"texture":"#0"},"east":{"uv":[2,8,4.5,9],"texture":"#0"},"south":{"uv":[10,11,11,12],"texture":"#0"},"west":{"uv":[4.5,8,7,9],"texture":"#0"},"up":{"uv":[8,10.5,7,8],"texture":"#0"},"down":{"uv":[9,8,8,10.5],"texture":"#0"}}},{"name":"leg_leg","from":[9.945,-0.015,4.73335],"to":[11.945,1.985,9.73335],"rotation":{"angle":-45,"axis":"y","origin":[10.445,0.985,5.53335]},"faces":{"north":{"uv":[2,11.5,3,12.5],"texture":"#0"},"east":{"uv":[8.5,4.5,11,5.5],"texture":"#0"},"south":{"uv":[3,11.5,4,12.5],"texture":"#0"},"west":{"uv":[9.5,2.5,12,3.5],"texture":"#0"},"up":{"uv":[1,12.5,0,10],"texture":"#0"},"down":{"uv":[2,10,1,12.5],"texture":"#0"}}}],"gui_light":"front","display":{"thirdperson_righthand":{"rotation":[71,43,0],"translation":[0,0.75,3.25],"scale":[0.86,0.86,0.86]},"thirdperson_lefthand":{"rotation":[71,43,0],"translation":[0,0.75,3.25],"scale":[0.86,0.86,0.86]},"firstperson_righthand":{"rotation":[0,109,5],"translation":[2.75,8,0],"scale":[0.92,0.92,0.92]},"firstperson_lefthand":{"rotation":[0,109,5],"translation":[2.75,8,0],"scale":[0.92,0.92,0.92]},"ground":{"translation":[0,3.5,0],"scale":[0.65,0.65,0.65]},"gui":{"rotation":[25,151,0],"translation":[0.75,3,0],"scale":[0.93,0.93,0.93]},"head":{"translation":[0,14.4,0]},"fixed":{"rotation":[-90,0,0],"translation":[0,0,-13.5],"scale":[1.7,1.7,1.7]}},"groups":[{"name":"base","origin":[8,8,8],"color":0,"nbt":"{}","children":[0,{"name":"group","origin":[8,2.26433,15.59253],"color":0,"nbt":"{}","children":[1,2]},{"name":"group","origin":[8,7.5,6.25],"color":0,"nbt":"{}","children":[3,4,5,6]},{"name":"group","origin":[8,3.0295,4.48701],"color":0,"nbt":"{}","children":[7,8]},{"name":"group","origin":[10.445,1.01,5.53335],"color":0,"nbt":"{}","children":[9,10]}]}],"mcmodels":"244ba4513e81dc06d95e941723a1fb87"}