{"credit":"Made by Nog's Menagerie","texture_size":[32,32],"textures":{"1":"next:item/plushies/nm_plushie_steve_texture"},"elements":[{"name":"torso","from":[5.5,0,7.25],"to":[10.5,8,11.25],"rotation":{"angle":0,"axis":"y","origin":[8,2.0045,8.85355]},"faces":{"north":{"uv":[3.5,7,6,11],"texture":"#1"},"east":{"uv":[6,7.5,8,11.5],"texture":"#1"},"south":{"uv":[7,3.5,9.5,7.5],"texture":"#1"},"west":{"uv":[8,7.5,10,11.5],"texture":"#1"},"up":{"uv":[12,5.5,9.5,3.5],"texture":"#1"},"down":{"uv":[12,5.5,9.5,7.5],"texture":"#1"}}},{"name":"head","from":[4.5,5.6,4.85],"to":[11.5,12.6,11.85],"rotation":{"angle":-22.5,"axis":"x","origin":[8,7.75,8.25]},"faces":{"north":{"uv":[0,0,3.5,3.5],"texture":"#1"},"east":{"uv":[0,3.5,3.5,7],"texture":"#1"},"south":{"uv":[3.5,0,7,3.5],"texture":"#1"},"west":{"uv":[3.5,3.5,7,7],"texture":"#1"},"up":{"uv":[3.5,10.5,0,7],"texture":"#1"},"down":{"uv":[10.5,0,7,3.5],"texture":"#1"}}},{"name":"head","from":[6,5.6,4.825],"to":[10,8.6,4.825],"rotation":{"angle":-22.5,"axis":"x","origin":[8,7.75,8.25]},"faces":{"north":{"uv":[10,7.5,12,9],"texture":"#1"},"east":{"uv":[0,0,0,1.5],"texture":"#1"},"south":{"uv":[10,9,12,10.5],"texture":"#1"},"west":{"uv":[0,0,0,1.5],"texture":"#1"},"up":{"uv":[2,0,0,0],"texture":"#1"},"down":{"uv":[2,0,0,0],"texture":"#1"}}},{"name":"right_leg","from":[9,0.01,4.25],"to":[11,2.01,8.25],"rotation":{"angle":-22.5,"axis":"y","origin":[8,0.01,6.25]},"faces":{"north":{"uv":[3,12,4,13],"texture":"#1"},"east":{"uv":[0,10.5,2,11.5],"texture":"#1"},"south":{"uv":[12,3,13,4],"texture":"#1"},"west":{"uv":[10.5,0,12.5,1],"texture":"#1"},"up":{"uv":[11.5,3,10.5,1],"texture":"#1"},"down":{"uv":[3,10.5,2,12.5],"texture":"#1"}}},{"name":"left_leg","from":[5,0.01,4.25],"to":[7,2.01,8.25],"rotation":{"angle":22.5,"axis":"y","origin":[8,0.01,6.25]},"faces":{"north":{"uv":[4,12,5,13],"texture":"#1"},"east":{"uv":[10,10.5,12,11.5],"texture":"#1"},"south":{"uv":[12,4,13,5],"texture":"#1"},"west":{"uv":[3,11,5,12],"texture":"#1"},"up":{"uv":[6,13,5,11],"texture":"#1"},"down":{"uv":[1,11.5,0,13.5],"texture":"#1"}}},{"name":"right_arm","from":[9.83187,1.74074,8.25],"to":[11.83187,5.74074,10.25],"rotation":{"angle":45,"axis":"z","origin":[10.83187,3.74074,9.25]},"faces":{"north":{"uv":[1,11.5,2,13.5],"texture":"#1"},"east":{"uv":[11.5,1,12.5,3],"texture":"#1"},"south":{"uv":[6,11.5,7,13.5],"texture":"#1"},"west":{"uv":[7,11.5,8,13.5],"texture":"#1"},"up":{"uv":[13,6,12,5],"texture":"#1"},"down":{"uv":[13,6,12,7],"texture":"#1"}}},{"name":"left_arm","from":[4.16813,1.74074,8.25],"to":[6.16813,5.74074,10.25],"rotation":{"angle":-45,"axis":"z","origin":[5.16813,3.74074,9.25]},"faces":{"north":{"uv":[8,11.5,9,13.5],"texture":"#1"},"east":{"uv":[9,11.5,10,13.5],"texture":"#1"},"south":{"uv":[10,11.5,11,13.5],"texture":"#1"},"west":{"uv":[11,11.5,12,13.5],"texture":"#1"},"up":{"uv":[13,8,12,7],"texture":"#1"},"down":{"uv":[13,8,12,9],"texture":"#1"}}}],"gui_light":"front","display":{"thirdperson_righthand":{"rotation":[24,13,0],"translation":[0,1.25,-0.5],"scale":[0.6,0.6,0.6]},"thirdperson_lefthand":{"rotation":[24,13,0],"translation":[0,0.75,-0.5],"scale":[0.6,0.6,0.6]},"firstperson_righthand":{"rotation":[0,109,5],"translation":[2,5.25,0],"scale":[0.71,0.71,0.71]},"firstperson_lefthand":{"rotation":[0,109,5],"translation":[2,5.25,0],"scale":[0.71,0.71,0.71]},"ground":{"translation":[0,3.5,0],"scale":[0.65,0.65,0.65]},"gui":{"rotation":[25,151,0],"translation":[-0.25,0.5,0],"scale":[0.73,0.73,0.73]},"head":{"translation":[0,14.4,0]},"fixed":{"rotation":[-90,0,0],"translation":[1,0,-13.5],"scale":[1.7,1.7,1.7]}},"groups":[{"name":"base","origin":[8,8,8],"color":0,"nbt":"{}","children":[0,1,2,{"name":"group","origin":[8,0.01,6.25],"color":0,"nbt":"{}","children":[3,4]},{"name":"group","origin":[5.16813,3.74074,9.25],"color":0,"nbt":"{}","children":[5,6]}]}],"mcmodels":"244ba4513e81dc06d95e941723a1fb87"}