{"credit":"Made by Nog's Menagerie","texture_size":[64,64],"textures":{"0":"next:item/plushies/nm_plushie_creaking_texture","particle":"next:item/plushies/nm_plushie_creaking_texture"},"elements":[{"name":"torso","from":[2.5,7,9],"to":[13.5,11,13],"rotation":{"angle":0,"axis":"y","origin":[8,9,11]},"faces":{"north":{"uv":[0,0,2.75,1],"texture":"#0"},"east":{"uv":[9,4.75,10,5.75],"texture":"#0"},"south":{"uv":[0,1.25,2.75,2.25],"texture":"#0"},"west":{"uv":[7.25,9,8.25,10],"texture":"#0"},"up":{"uv":[2.75,3.5,0,2.5],"texture":"#0"},"down":{"uv":[5.75,0,3,1],"texture":"#0"}}},{"name":"torso","from":[2.5,0,9],"to":[11.5,4,13],"rotation":{"angle":0,"axis":"y","origin":[8,2.0045,11.85355]},"faces":{"north":{"uv":[4.5,1.25,6.75,2.25],"texture":"#0"},"east":{"uv":[8.5,9.25,9.5,10.25],"texture":"#0"},"south":{"uv":[4.5,2.5,6.75,3.5],"texture":"#0"},"west":{"uv":[0,9.5,1,10.5],"texture":"#0"},"up":{"uv":[6.75,4.75,4.5,3.75],"texture":"#0"},"down":{"uv":[6.75,5,4.5,6],"texture":"#0"}}},{"name":"torso","from":[6.5,4,9],"to":[11.5,5,9],"rotation":{"angle":0,"axis":"y","origin":[8,2.0045,11.85355]},"faces":{"north":{"uv":[13,0.5,11.75,0.75],"texture":"#0"},"east":{"uv":[8,7,8,7.25],"texture":"#0"},"south":{"uv":[11.75,0.5,13,0.75],"texture":"#0"},"west":{"uv":[8.25,7,8.25,7.25],"texture":"#0"},"up":{"uv":[10.75,1.25,9.5,1.25],"texture":"#0"},"down":{"uv":[13,6.75,11.75,6.75],"texture":"#0"}}},{"name":"torso","from":[11.5,4,9],"to":[11.5,5,13],"rotation":{"angle":0,"axis":"y","origin":[8,2.0045,11.85355]},"faces":{"north":{"uv":[4,5.75,4,6],"texture":"#0"},"east":{"uv":[11.75,5.75,12.75,6],"texture":"#0"},"south":{"uv":[4.25,5.75,4.25,6],"texture":"#0"},"west":{"uv":[12.75,5.75,11.75,6],"texture":"#0"},"up":{"uv":[2.5,9.5,2.5,8.5],"texture":"#0"},"down":{"uv":[2.75,8.5,2.75,9.5],"texture":"#0"}}},{"name":"torso","from":[6.5,4,13],"to":[11.5,5,13],"rotation":{"angle":0,"axis":"y","origin":[8,2.0045,11.85355]},"faces":{"north":{"uv":[13,5.25,11.75,5.5],"texture":"#0"},"east":{"uv":[2.25,8.5,2.25,8.75],"texture":"#0"},"south":{"uv":[11.75,5.25,13,5.5],"texture":"#0"},"west":{"uv":[2.25,9,2.25,9.25],"texture":"#0"},"up":{"uv":[13,7,11.75,7],"texture":"#0"},"down":{"uv":[13,7.25,11.75,7.25],"texture":"#0"}}},{"name":"torso","from":[2.5,4,9],"to":[6.5,7,13],"rotation":{"angle":0,"axis":"y","origin":[5,2.0045,11.85355]},"faces":{"north":{"uv":[9.5,7,10.5,7.75],"texture":"#0"},"east":{"uv":[9.5,8,10.5,8.75],"texture":"#0"},"south":{"uv":[4,9.75,5,10.5],"texture":"#0"},"west":{"uv":[9.75,9,10.75,9.75],"texture":"#0"},"up":{"uv":[10.5,1,9.5,0],"texture":"#0"},"down":{"uv":[2.25,9.5,1.25,10.5],"texture":"#0"}}},{"name":"head","from":[7.5,9.38256,7.06858],"to":[12.5,17.38256,12.06858],"rotation":{"angle":-22.5,"axis":"x","origin":[8,12.53256,8.46858]},"faces":{"north":{"uv":[3,1.25,4.25,3.25],"texture":"#0"},"east":{"uv":[3,3.5,4.25,5.5],"texture":"#0"},"south":{"uv":[0,3.75,1.25,5.75],"texture":"#0"},"west":{"uv":[1.5,3.75,2.75,5.75],"texture":"#0"},"up":{"uv":[8.25,8.75,7,7.5],"texture":"#0"},"down":{"uv":[9.25,0,8,1.25],"texture":"#0"}}},{"name":"head","from":[4.5,10.38256,9.56858],"to":[7.5,18.38256,9.56858],"rotation":{"angle":-22.5,"axis":"x","origin":[8,12.53256,8.46858]},"faces":{"north":{"uv":[8,1.5,8.75,3.5],"texture":"#0"},"east":{"uv":[1,11.75,1,13.75],"texture":"#0"},"south":{"uv":[8.75,1.5,8,3.5],"texture":"#0"},"west":{"uv":[1.25,11.75,1.25,13.75],"texture":"#0"},"up":{"uv":[6.75,1,6,1],"texture":"#0"},"down":{"uv":[4.75,11.75,4,11.75],"texture":"#0"}}},{"name":"head","from":[12.5,10.38256,9.56858],"to":[15.5,19.38256,9.56858],"rotation":{"angle":-22.5,"axis":"x","origin":[8,12.53256,8.46858]},"faces":{"north":{"uv":[3,5.75,3.75,8],"texture":"#0"},"east":{"uv":[1.5,11.75,1.5,14],"texture":"#0"},"south":{"uv":[3.75,5.75,3,8],"texture":"#0"},"west":{"uv":[1.75,11.75,1.75,14],"texture":"#0"},"up":{"uv":[12.5,7.5,11.75,7.5],"texture":"#0"},"down":{"uv":[12.5,7.75,11.75,7.75],"texture":"#0"}}},{"name":"head","from":[7.5,17.38256,7.06858],"to":[12.5,19.38256,7.06858],"rotation":{"angle":-22.5,"axis":"x","origin":[8,12.53256,8.46858]},"faces":{"north":{"uv":[10,2.5,11.25,3],"texture":"#0"},"east":{"uv":[2.5,9.75,2.5,10.25],"texture":"#0"},"south":{"uv":[11.25,2.5,10,3],"texture":"#0"},"west":{"uv":[2.75,9.75,2.75,10.25],"texture":"#0"},"up":{"uv":[13,8,11.75,8],"texture":"#0"},"down":{"uv":[13,8.25,11.75,8.25],"texture":"#0"}}},{"name":"head","from":[7.5,17.38256,7.06858],"to":[7.5,19.38256,12.06858],"rotation":{"angle":-22.5,"axis":"x","origin":[8,12.53256,8.46858]},"faces":{"north":{"uv":[2,12,2,12.5],"texture":"#0"},"east":{"uv":[11,10,9.75,10.5],"texture":"#0"},"south":{"uv":[2.25,12,2.25,12.5],"texture":"#0"},"west":{"uv":[9.75,10,11,10.5],"texture":"#0"},"up":{"uv":[2.5,13.25,2.5,12],"texture":"#0"},"down":{"uv":[2.75,12,2.75,13.25],"texture":"#0"}}},{"name":"head","from":[7.5,17.38256,12.06858],"to":[12.5,19.38256,12.06858],"rotation":{"angle":-22.5,"axis":"x","origin":[8,12.53256,8.46858]},"faces":{"north":{"uv":[10.25,4.75,11.5,5.25],"texture":"#0"},"east":{"uv":[3,12,3,12.5],"texture":"#0"},"south":{"uv":[11.5,4.75,10.25,5.25],"texture":"#0"},"west":{"uv":[3.25,12,3.25,12.5],"texture":"#0"},"up":{"uv":[4.75,12,3.5,12],"texture":"#0"},"down":{"uv":[7.25,12,6,12],"texture":"#0"}}},{"name":"head","from":[12.5,17.38256,7.06858],"to":[12.5,19.38256,12.06858],"rotation":{"angle":-22.5,"axis":"x","origin":[8,12.53256,8.46858]},"faces":{"north":{"uv":[7.5,12,7.5,12.5],"texture":"#0"},"east":{"uv":[3.75,10.5,2.5,11],"texture":"#0"},"south":{"uv":[7.75,12,7.75,12.5],"texture":"#0"},"west":{"uv":[2.5,10.5,3.75,11],"texture":"#0"},"up":{"uv":[12,9.75,12,8.5],"texture":"#0"},"down":{"uv":[12,11.5,12,12.75],"texture":"#0"}}},{"name":"left_arm","from":[0.20417,3.2797,12.5],"to":[3.20417,5.2797,12.5],"rotation":{"angle":-22.5,"axis":"z","origin":[-1.54583,9.1297,12.75]},"faces":{"north":{"uv":[12.25,2.5,11.5,3],"texture":"#0"},"east":{"uv":[12.25,12,12.25,12.5],"texture":"#0"},"south":{"uv":[11.5,2.5,12.25,3],"texture":"#0"},"west":{"uv":[0,12.5,0,13],"texture":"#0"},"up":{"uv":[13.25,1,12.5,1],"texture":"#0"},"down":{"uv":[13.25,1.25,12.5,1.25],"texture":"#0"}}},{"name":"left_arm","from":[0.20417,3.2797,9.5],"to":[0.20417,5.2797,12.5],"rotation":{"angle":-22.5,"axis":"z","origin":[-1.54583,9.1297,12.75]},"faces":{"north":{"uv":[12.25,9.75,12.25,10.25],"texture":"#0"},"east":{"uv":[6.75,11.25,6,11.75],"texture":"#0"},"south":{"uv":[12.25,10.5,12.25,11],"texture":"#0"},"west":{"uv":[6,11.25,6.75,11.75],"texture":"#0"},"up":{"uv":[10.75,13,10.75,12.25],"texture":"#0"},"down":{"uv":[11,12.25,11,13],"texture":"#0"}}},{"name":"left_arm","from":[0.20417,5.2797,9.5],"to":[3.20417,14.2797,12.5],"rotation":{"angle":-22.5,"axis":"z","origin":[-1.54583,9.1297,12.75]},"faces":{"north":{"uv":[6,6.25,6.75,8.5],"texture":"#0"},"east":{"uv":[7,0,7.75,2.25],"texture":"#0"},"south":{"uv":[7,2.5,7.75,4.75],"texture":"#0"},"west":{"uv":[7,5,7.75,7.25],"texture":"#0"},"up":{"uv":[8,11,7.25,10.25],"texture":"#0"},"down":{"uv":[9,10.5,8.25,11.25],"texture":"#0"}}},{"name":"left_arm","from":[3.20417,3.2797,9.5],"to":[3.20417,5.2797,12.5],"rotation":{"angle":-22.5,"axis":"z","origin":[-1.54583,9.1297,12.75]},"faces":{"north":{"uv":[11.25,12.25,11.25,12.75],"texture":"#0"},"east":{"uv":[7,11.25,7.75,11.75],"texture":"#0"},"south":{"uv":[12.25,11.25,12.25,11.75],"texture":"#0"},"west":{"uv":[7.75,11.25,7,11.75],"texture":"#0"},"up":{"uv":[11.5,13,11.5,12.25],"texture":"#0"},"down":{"uv":[11.75,12.25,11.75,13],"texture":"#0"}}},{"name":"left_arm","from":[0.20417,3.2797,9.5],"to":[3.20417,5.2797,9.5],"rotation":{"angle":-22.5,"axis":"z","origin":[-1.54583,9.1297,12.75]},"faces":{"north":{"uv":[11.25,1.75,12,2.25],"texture":"#0"},"east":{"uv":[12.25,8.75,12.25,9.25],"texture":"#0"},"south":{"uv":[12,1.75,11.25,2.25],"texture":"#0"},"west":{"uv":[9.5,12.25,9.5,12.75],"texture":"#0"},"up":{"uv":[13,9.5,12.25,9.5],"texture":"#0"},"down":{"uv":[10.5,12.25,9.75,12.25],"texture":"#0"}}},{"name":"left_arm","from":[0.20417,14.2797,9.5],"to":[0.20417,16.2797,12.5],"rotation":{"angle":-22.5,"axis":"z","origin":[-1.54583,9.1297,12.75]},"faces":{"north":{"uv":[6.5,12.25,6.5,12.75],"texture":"#0"},"east":{"uv":[11.75,8.5,11,9],"texture":"#0"},"south":{"uv":[6.75,12.25,6.75,12.75],"texture":"#0"},"west":{"uv":[11,8.5,11.75,9],"texture":"#0"},"up":{"uv":[7,13,7,12.25],"texture":"#0"},"down":{"uv":[7.25,12.25,7.25,13],"texture":"#0"}}},{"name":"left_arm","from":[0.20417,14.2797,12.5],"to":[3.20417,16.2797,12.5],"rotation":{"angle":-22.5,"axis":"z","origin":[-1.54583,9.1297,12.75]},"faces":{"north":{"uv":[11,9.25,11.75,9.75],"texture":"#0"},"east":{"uv":[8,12.25,8,12.75],"texture":"#0"},"south":{"uv":[11.75,9.25,11,9.75],"texture":"#0"},"west":{"uv":[8.25,12.25,8.25,12.75],"texture":"#0"},"up":{"uv":[9.25,12.25,8.5,12.25],"texture":"#0"},"down":{"uv":[13,8.5,12.25,8.5],"texture":"#0"}}},{"name":"left_arm","from":[3.20417,14.2797,9.5],"to":[3.20417,16.2797,12.5],"rotation":{"angle":-22.5,"axis":"z","origin":[-1.54583,9.1297,12.75]},"faces":{"north":{"uv":[5.5,12.25,5.5,12.75],"texture":"#0"},"east":{"uv":[10,10.75,9.25,11.25],"texture":"#0"},"south":{"uv":[5.75,12.25,5.75,12.75],"texture":"#0"},"west":{"uv":[9.25,10.75,10,11.25],"texture":"#0"},"up":{"uv":[6,13,6,12.25],"texture":"#0"},"down":{"uv":[6.25,12.25,6.25,13],"texture":"#0"}}},{"name":"left_arm","from":[0.20417,14.2797,9.5],"to":[3.20417,16.2797,9.5],"rotation":{"angle":-22.5,"axis":"z","origin":[-1.54583,9.1297,12.75]},"faces":{"north":{"uv":[5,10.75,5.75,11.25],"texture":"#0"},"east":{"uv":[12.25,1,12.25,1.5],"texture":"#0"},"south":{"uv":[5.75,10.75,5,11.25],"texture":"#0"},"west":{"uv":[12.25,1.75,12.25,2.25],"texture":"#0"},"up":{"uv":[4.25,12.25,3.5,12.25],"texture":"#0"},"down":{"uv":[5.25,12.25,4.5,12.25],"texture":"#0"}}},{"name":"right_arm","from":[12.69583,2.7797,9.5],"to":[15.69583,11.7797,12.5],"rotation":{"angle":22.5,"axis":"z","origin":[17.44583,7.6297,12.75]},"faces":{"north":{"uv":[1,6,1.75,8.25],"texture":"#0"},"east":{"uv":[2,6,2.75,8.25],"texture":"#0"},"south":{"uv":[4,6.25,4.75,8.5],"texture":"#0"},"west":{"uv":[5,6.25,5.75,8.5],"texture":"#0"},"up":{"uv":[6.75,0.75,6,0],"texture":"#0"},"down":{"uv":[6,9.75,5.25,10.5],"texture":"#0"}}},{"name":"right_arm","from":[12.69583,0.7797,12.5],"to":[15.69583,2.7797,12.5],"rotation":{"angle":22.5,"axis":"z","origin":[17.44583,7.6297,12.75]},"faces":{"north":{"uv":[12.25,4,11.5,4.5],"texture":"#0"},"east":{"uv":[0.25,12.5,0.25,13],"texture":"#0"},"south":{"uv":[11.5,4,12.25,4.5],"texture":"#0"},"west":{"uv":[0.5,12.5,0.5,13],"texture":"#0"},"up":{"uv":[13.25,1.5,12.5,1.5],"texture":"#0"},"down":{"uv":[13.25,1.75,12.5,1.75],"texture":"#0"}}},{"name":"right_arm","from":[12.69583,0.7797,9.5],"to":[12.69583,2.7797,12.5],"rotation":{"angle":22.5,"axis":"z","origin":[17.44583,7.6297,12.75]},"faces":{"north":{"uv":[0.75,12.5,0.75,13],"texture":"#0"},"east":{"uv":[8.75,11.5,8,12],"texture":"#0"},"south":{"uv":[12.5,2,12.5,2.5],"texture":"#0"},"west":{"uv":[8,11.5,8.75,12],"texture":"#0"},"up":{"uv":[12.5,3.5,12.5,2.75],"texture":"#0"},"down":{"uv":[3.5,12.5,3.5,13.25],"texture":"#0"}}},{"name":"right_arm","from":[15.69583,0.7797,9.5],"to":[15.69583,2.7797,12.5],"rotation":{"angle":22.5,"axis":"z","origin":[17.44583,7.6297,12.75]},"faces":{"north":{"uv":[3.75,12.5,3.75,13],"texture":"#0"},"east":{"uv":[9,11.5,9.75,12],"texture":"#0"},"south":{"uv":[12.5,3.75,12.5,4.25],"texture":"#0"},"west":{"uv":[9.75,11.5,9,12],"texture":"#0"},"up":{"uv":[4,13.25,4,12.5],"texture":"#0"},"down":{"uv":[4.25,12.5,4.25,13.25],"texture":"#0"}}},{"name":"right_arm","from":[12.69583,0.7797,9.5],"to":[15.69583,2.7797,9.5],"rotation":{"angle":22.5,"axis":"z","origin":[17.44583,7.6297,12.75]},"faces":{"north":{"uv":[11,11.5,11.75,12],"texture":"#0"},"east":{"uv":[4.5,12.5,4.5,13],"texture":"#0"},"south":{"uv":[11.75,11.5,11,12],"texture":"#0"},"west":{"uv":[4.75,12.5,4.75,13],"texture":"#0"},"up":{"uv":[13.25,4.5,12.5,4.5],"texture":"#0"},"down":{"uv":[9.25,12.5,8.5,12.5],"texture":"#0"}}},{"name":"right_leg","from":[8.325,0.01,1.5],"to":[11.325,3.01,9.5],"rotation":{"angle":-22.5,"axis":"y","origin":[7.5,0.01,9.25]},"faces":{"north":{"uv":[0,10.75,0.75,11.5],"texture":"#0"},"east":{"uv":[8,6,10,6.75],"texture":"#0"},"south":{"uv":[10.75,0,11.5,0.75],"texture":"#0"},"west":{"uv":[0,8.5,2,9.25],"texture":"#0"},"up":{"uv":[3.75,10.25,3,8.25],"texture":"#0"},"down":{"uv":[9.25,7,8.5,9],"texture":"#0"}}},{"name":"left_leg","from":[4.675,0.01,1.5],"to":[7.675,3.01,9.5],"rotation":{"angle":22.5,"axis":"y","origin":[8.5,0.01,9.25]},"faces":{"north":{"uv":[1,10.75,1.75,11.5],"texture":"#0"},"east":{"uv":[4,8.75,6,9.5],"texture":"#0"},"south":{"uv":[4,10.75,4.75,11.5],"texture":"#0"},"west":{"uv":[9,1.5,11,2.25],"texture":"#0"},"up":{"uv":[9.75,4.5,9,2.5],"texture":"#0"},"down":{"uv":[7,9,6.25,11],"texture":"#0"}}}],"gui_light":"front","display":{"thirdperson_righthand":{"rotation":[34,11,0],"translation":[-0.5,-0.25,-1.5],"scale":[0.45,0.45,0.45]},"thirdperson_lefthand":{"rotation":[34,11,0],"translation":[-0.5,-0.25,-1.5],"scale":[0.45,0.45,0.45]},"firstperson_righthand":{"rotation":[0,109,5],"translation":[1.5,4,0],"scale":[0.52,0.52,0.52]},"firstperson_lefthand":{"rotation":[0,109,5],"translation":[1.25,4,0],"scale":[0.52,0.52,0.52]},"ground":{"translation":[0,4.5,-1],"scale":[0.49,0.49,0.49]},"gui":{"rotation":[25,151,0],"translation":[-0.5,-0.75,0],"scale":[0.59,0.59,0.59]},"head":{"translation":[0,14.4,0]},"fixed":{"rotation":[-90,0,0],"translation":[0,-1,-16],"scale":[2,2,2]}},"groups":[{"name":"base","origin":[8,8,8],"color":0,"children":[0,1,2,3,4,5,{"name":"group","origin":[8,7.5,8.25],"color":0,"children":[6,7,8,9,10,11,12]},{"name":"group","origin":[-1.44583,8.1297,12.75],"color":0,"children":[13,14,15,16,17,18,19,20,21]},{"name":"group","origin":[-1.19583,9.1047,12.25],"color":0,"children":[22,23,24,25,26]},{"name":"group","origin":[8,0.01,9.25],"color":0,"children":[27,28]}]}],"mcmodels":"244ba4513e81dc06d95e941723a1fb87"}