{
	"credit": "Made with Blockbench",
	"texture_size": [256, 256],
	"textures": {
		"0": "next:item/board/questboard",
		"particle": "next:item/board/questboard"
	},
	"elements": [
		{
			"from": [-14, -8, 13],
			"to": [-11, 32, 16],
			"rotation": {"angle": 0, "axis": "y", "origin": [-14, 0, 13]},
			"faces": {
				"north": {"uv": [5.75, 6, 5.9375, 8.5], "texture": "#0"},
				"east": {"uv": [2.375, 6.1875, 2.5625, 8.6875], "texture": "#0"},
				"south": {"uv": [2.5625, 6.1875, 2.75, 8.6875], "texture": "#0"},
				"west": {"uv": [6.1875, 2.5625, 6.375, 5.0625], "texture": "#0"},
				"up": {"uv": [4.6875, 6.375, 4.5, 6.1875], "texture": "#0"},
				"down": {"uv": [4.875, 6.1875, 4.6875, 6.375], "texture": "#0"}
			}
		},
		{
			"from": [-16, -2, 10],
			"to": [32, 30, 13],
			"rotation": {"angle": 0, "axis": "y", "origin": [-14, 0, 10]},
			"faces": {
				"north": {"uv": [0, 0, 3, 2], "texture": "#0"},
				"east": {"uv": [2.75, 6.1875, 2.9375, 8.1875], "texture": "#0"},
				"south": {"uv": [0, 2, 3, 4], "texture": "#0"},
				"west": {"uv": [2.9375, 6.1875, 3.125, 8.1875], "texture": "#0"},
				"up": {"uv": [5.375, 6.1875, 2.375, 6], "texture": "#0"},
				"down": {"uv": [9, 2.375, 6, 2.5625], "texture": "#0"}
			}
		},
		{
			"from": [-11, 23, 13],
			"to": [27, 28, 15],
			"rotation": {"angle": 0, "axis": "y", "origin": [24, 23, 13]},
			"faces": {
				"north": {"uv": [6, 1.75, 8.375, 2.0625], "texture": "#0"},
				"east": {"uv": [3.875, 6.1875, 4, 6.5], "texture": "#0"},
				"south": {"uv": [6, 2.0625, 8.375, 2.375], "texture": "#0"},
				"west": {"uv": [4, 6.1875, 4.125, 6.5], "texture": "#0"},
				"up": {"uv": [8.5625, 5.4375, 6.1875, 5.3125], "texture": "#0"},
				"down": {"uv": [8.5625, 5.4375, 6.1875, 5.5625], "texture": "#0"}
			}
		},
		{
			"from": [-16, -2, 9.5],
			"to": [32, 30, 9.5],
			"rotation": {"angle": 0, "axis": "y", "origin": [-14, 0, 7.5]},
			"faces": {
				"north": {"uv": [3, 0, 6, 2], "texture": "#0"},
				"east": {"uv": [0, 0, 0, 2], "texture": "#0"},
				"south": {"uv": [3, 2, 6, 4], "texture": "#0"},
				"west": {"uv": [0, 0, 0, 2], "texture": "#0"},
				"up": {"uv": [3, 0, 0, 0], "texture": "#0"},
				"down": {"uv": [3, 0, 0, 0], "texture": "#0"}
			}
		},
		{
			"from": [-8.81802, -7.90381, 14.499],
			"to": [-6.81802, 3.09619, 14.499],
			"rotation": {"angle": -45, "axis": "z", "origin": [-7.81802, -2.40381, 14.499]},
			"faces": {
				"north": {"uv": [3.125, 6.1875, 3.25, 6.875], "texture": "#0"},
				"east": {"uv": [0, 0, 0, 0.6875], "texture": "#0"},
				"south": {"uv": [3.25, 6.1875, 3.375, 6.875], "texture": "#0"},
				"west": {"uv": [0, 0, 0, 0.6875], "texture": "#0"},
				"up": {"uv": [0.125, 0, 0, 0], "texture": "#0"},
				"down": {"uv": [0.125, 0, 0, 0], "texture": "#0"}
			}
		},
		{
			"from": [22.81802, -7.90381, 14.499],
			"to": [24.81802, 3.09619, 14.499],
			"rotation": {"angle": 45, "axis": "z", "origin": [23.81802, -2.40381, 14.499]},
			"faces": {
				"north": {"uv": [3.375, 6.1875, 3.5, 6.875], "texture": "#0"},
				"east": {"uv": [0, 0, 0, 0.6875], "texture": "#0"},
				"south": {"uv": [3.5, 6.1875, 3.625, 6.875], "texture": "#0"},
				"west": {"uv": [0, 0, 0, 0.6875], "texture": "#0"},
				"up": {"uv": [0.125, 0, 0, 0], "texture": "#0"},
				"down": {"uv": [0.125, 0, 0, 0], "texture": "#0"}
			}
		},
		{
			"from": [-11, 5, 14],
			"to": [27, 23, 14],
			"rotation": {"angle": 0, "axis": "y", "origin": [24, 5, 13]},
			"faces": {
				"north": {"uv": [0, 6, 2.375, 7.125], "texture": "#0"},
				"east": {"uv": [0, 0, 0, 1.125], "texture": "#0"},
				"south": {"uv": [6, 0, 8.375, 1.125], "texture": "#0"},
				"west": {"uv": [0, 0, 0, 1.125], "texture": "#0"},
				"up": {"uv": [2.375, 0, 0, 0], "texture": "#0"},
				"down": {"uv": [2.375, 0, 0, 0], "texture": "#0"}
			}
		},
		{
			"from": [-16, -2, 9.4],
			"to": [32, 30, 9.4],
			"rotation": {"angle": 0, "axis": "y", "origin": [-14, 0, 7.4]},
			"faces": {
				"north": {"uv": [0, 4, 3, 6], "texture": "#0"},
				"east": {"uv": [0, 0, 0, 2], "texture": "#0"},
				"south": {"uv": [3, 4, 6, 6], "texture": "#0"},
				"west": {"uv": [0, 0, 0, 2], "texture": "#0"},
				"up": {"uv": [3, 0, 0, 0], "texture": "#0"},
				"down": {"uv": [3, 0, 0, 0], "texture": "#0"}
			}
		},
		{
			"from": [-11, 0, 13],
			"to": [27, 5, 15],
			"rotation": {"angle": 0, "axis": "y", "origin": [24, 0, 13]},
			"faces": {
				"north": {"uv": [6, 1.75, 8.375, 2.0625], "texture": "#0"},
				"east": {"uv": [3.875, 6.1875, 4, 6.5], "texture": "#0"},
				"south": {"uv": [6, 2.0625, 8.375, 2.375], "texture": "#0"},
				"west": {"uv": [4, 6.1875, 4.125, 6.5], "texture": "#0"},
				"up": {"uv": [8.5625, 5.4375, 6.1875, 5.3125], "texture": "#0"},
				"down": {"uv": [8.5625, 5.4375, 6.1875, 5.5625], "texture": "#0"}
			}
		},
		{
			"from": [27, -8, 13],
			"to": [30, 32, 16],
			"rotation": {"angle": 0, "axis": "y", "origin": [30, 0, 13]},
			"faces": {
				"north": {"uv": [5.9375, 6, 5.75, 8.5], "texture": "#0"},
				"east": {"uv": [6.375, 2.5625, 6.1875, 5.0625], "texture": "#0"},
				"south": {"uv": [2.75, 6.1875, 2.5625, 8.6875], "texture": "#0"},
				"west": {"uv": [2.5625, 6.1875, 2.375, 8.6875], "texture": "#0"},
				"up": {"uv": [4.5, 6.375, 4.6875, 6.1875], "texture": "#0"},
				"down": {"uv": [4.6875, 6.1875, 4.875, 6.375], "texture": "#0"}
			}
		}
	],
	"gui_light": "front",
	"display": {
		"thirdperson_righthand": {
			"rotation": [65.44, 14.76, 0.51],
			"translation": [-2.5, 0.75, 0],
			"scale": [0.2, 0.2, 0.2]
		},
		"thirdperson_lefthand": {
			"rotation": [67.86, 24.02, -1.59],
			"translation": [-1.75, 0.75, 0],
			"scale": [0.2, 0.2, 0.2]
		},
		"firstperson_righthand": {
			"rotation": [-180, 41.5, -180],
			"translation": [0, 0.25, 1.25],
			"scale": [0.4, 0.4, 0.4]
		},
		"firstperson_lefthand": {
			"rotation": [-180, 50.75, 180],
			"translation": [0, 0, -3.5],
			"scale": [0.4, 0.4, 0.4]
		},
		"ground": {
			"rotation": [19.85, -5.1, -17.63],
			"translation": [0, 2.25, 0],
			"scale": [0.5, 0.5, 0.5]
		},
		"gui": {
			"rotation": [-180, 25.5, -180],
			"translation": [-1, -1.5, 0],
			"scale": [0.5, 0.5, 0.5]
		},
		"head": {
			"translation": [0, -17.65, -9.75],
			"scale": [1.6, 1.6, 1.6]
		},
		"fixed": {
			"translation": [0, 0, -4.25]
		}
	},
	"groups": [
		{
			"name": "infoboard",
			"origin": [-14, 0, 7],
			"color": 0,
			"nbt": "{}",
			"children": [0, 1, 2, 3, 4, 5, 6, 7]
		},
		8,
		9
	]
}