{
	"credit": "Made with Blockbench",
	"textures": {
		"0": "next:item/hats/jolly_tree/texture",
		"1": "next:item/hats/jolly_tree/color11",
		"2": "next:item/hats/jolly_tree/color22",
		"3": "next:item/hats/jolly_tree/color12",
		"4": "next:item/hats/jolly_tree/color13",
		"5": "next:item/hats/jolly_tree/color14",
		"6": "next:item/hats/jolly_tree/color21",
		"7": "next:item/hats/jolly_tree/color23",
		"8": "next:item/hats/jolly_tree/color24",
		"particle": "next:item/hats/jolly_tree/texture"
	},
	"elements": [
		{
			"from": [4, -1, 4],
			"to": [12, 1, 12],
			"faces": {
				"north": {"uv": [8.25, 7, 10.25, 7.5], "texture": "#0"},
				"east": {"uv": [10, 8.5, 12, 9], "texture": "#0"},
				"south": {"uv": [10, 9, 12, 9.5], "texture": "#0"},
				"west": {"uv": [9.5, 10, 11.5, 10.5], "texture": "#0"},
				"up": {"uv": [6.75, 2, 4.75, 0], "texture": "#0"},
				"down": {"uv": [6.75, 2, 4.75, 4], "texture": "#0"}
			}
		},
		{
			"from": [4, 1, 4],
			"to": [12, 1, 12],
			"faces": {
				"north": {"uv": [8.25, 7, 10.25, 7.5], "texture": "#0"},
				"east": {"uv": [10, 8.5, 12, 9], "texture": "#0"},
				"south": {"uv": [10, 9, 12, 9.5], "texture": "#0"},
				"west": {"uv": [9.5, 10, 11.5, 10.5], "texture": "#0"},
				"up": {"uv": [6.75, 2, 4.75, 0], "texture": "#0"},
				"down": {"uv": [6.75, 0, 4.75, 2], "texture": "#0"}
			}
		},
		{
			"from": [6, 1, 6],
			"to": [10, 7, 10],
			"faces": {
				"north": {"uv": [8, 8.5, 9, 10], "texture": "#0"},
				"east": {"uv": [9, 8.5, 10, 10], "texture": "#0"},
				"south": {"uv": [9.25, 0, 10.25, 1.5], "texture": "#0"},
				"west": {"uv": [9.25, 1.5, 10.25, 3], "texture": "#0"},
				"up": {"uv": [1, 11.25, 0, 10.25], "texture": "#0"},
				"down": {"uv": [11.25, 0, 10.25, 1], "texture": "#0"}
			}
		},
		{
			"from": [3, 2, 3],
			"to": [13, 6, 13],
			"faces": {
				"north": {"uv": [5.75, 6.5, 8.25, 7.5], "texture": "#0"},
				"east": {"uv": [6.75, 0, 9.25, 1], "texture": "#0"},
				"south": {"uv": [6.75, 1, 9.25, 2], "texture": "#0"},
				"west": {"uv": [6.75, 2, 9.25, 3], "texture": "#0"},
				"up": {"uv": [2.5, 2.5, 0, 0], "texture": "#0"},
				"down": {"uv": [2.5, 2.5, 0, 5], "texture": "#0"}
			}
		},
		{
			"from": [3.5, 6, 3.5],
			"to": [12.5, 10, 12.5],
			"faces": {
				"north": {"uv": [6.75, 3, 9, 4], "texture": "#0"},
				"east": {"uv": [5.75, 7.5, 8, 8.5], "texture": "#0"},
				"south": {"uv": [8, 7.5, 10.25, 8.5], "texture": "#0"},
				"west": {"uv": [8.25, 4, 10.5, 5], "texture": "#0"},
				"up": {"uv": [4.75, 2.25, 2.5, 0], "texture": "#0"},
				"down": {"uv": [4.75, 2.25, 2.5, 4.5], "texture": "#0"}
			}
		},
		{
			"from": [4, 10, 4],
			"to": [12, 14, 12],
			"rotation": {"angle": 0, "axis": "y", "origin": [0, 1, 0]},
			"faces": {
				"north": {"uv": [8.25, 5, 10.25, 6], "texture": "#0"},
				"east": {"uv": [8.25, 6, 10.25, 7], "texture": "#0"},
				"south": {"uv": [0, 8.5, 2, 9.5], "texture": "#0"},
				"west": {"uv": [2, 8.5, 4, 9.5], "texture": "#0"},
				"up": {"uv": [2, 7, 0, 5], "texture": "#0"},
				"down": {"uv": [4, 6.5, 2, 8.5], "texture": "#0"}
			}
		},
		{
			"from": [4.5, 14, 4.5],
			"to": [11.5, 17, 11.5],
			"rotation": {"angle": 0, "axis": "y", "origin": [0, 1, 0]},
			"faces": {
				"north": {"uv": [6.5, 5.75, 8.25, 6.5], "texture": "#0"},
				"east": {"uv": [9, 3, 10.75, 3.75], "texture": "#0"},
				"south": {"uv": [0, 9.5, 1.75, 10.25], "texture": "#0"},
				"west": {"uv": [1.75, 9.5, 3.5, 10.25], "texture": "#0"},
				"up": {"uv": [5.75, 8.25, 4, 6.5], "texture": "#0"},
				"down": {"uv": [8.25, 4, 6.5, 5.75], "texture": "#0"}
			}
		},
		{
			"from": [5, 17, 5],
			"to": [11, 20, 11],
			"rotation": {"angle": 0, "axis": "y", "origin": [0, 1, 0]},
			"faces": {
				"north": {"uv": [3.5, 9.75, 5, 10.5], "texture": "#0"},
				"east": {"uv": [5, 9.75, 6.5, 10.5], "texture": "#0"},
				"south": {"uv": [6.5, 9.75, 8, 10.5], "texture": "#0"},
				"west": {"uv": [8, 10, 9.5, 10.75], "texture": "#0"},
				"up": {"uv": [1.5, 8.5, 0, 7], "texture": "#0"},
				"down": {"uv": [5.5, 8.25, 4, 9.75], "texture": "#0"}
			}
		},
		{
			"from": [5.5, 20, 5.5],
			"to": [10.5, 23, 10.5],
			"rotation": {"angle": 0, "axis": "y", "origin": [0, 2, 0]},
			"faces": {
				"north": {"uv": [2, 10.25, 3.25, 11], "texture": "#0"},
				"east": {"uv": [10.25, 2, 11.5, 2.75], "texture": "#0"},
				"south": {"uv": [10.25, 5, 11.5, 5.75], "texture": "#0"},
				"west": {"uv": [10.25, 5.75, 11.5, 6.5], "texture": "#0"},
				"up": {"uv": [6.75, 9.75, 5.5, 8.5], "texture": "#0"},
				"down": {"uv": [8, 8.5, 6.75, 9.75], "texture": "#0"}
			}
		},
		{
			"from": [6, 23, 6],
			"to": [10, 25, 10],
			"rotation": {"angle": 0, "axis": "y", "origin": [0, 2, 0]},
			"faces": {
				"north": {"uv": [4.75, 4, 5.75, 4.5], "texture": "#0"},
				"east": {"uv": [10.5, 4.5, 11.5, 5], "texture": "#0"},
				"south": {"uv": [7, 10.5, 8, 11], "texture": "#0"},
				"west": {"uv": [9.5, 10.5, 10.5, 11], "texture": "#0"},
				"up": {"uv": [2, 11.25, 1, 10.25], "texture": "#0"},
				"down": {"uv": [11.25, 1, 10.25, 2], "texture": "#0"}
			}
		},
		{
			"from": [7, 27, 7],
			"to": [9, 29, 9],
			"rotation": {"angle": 0, "axis": "y", "origin": [0, 2, 0]},
			"faces": {
				"north": {"uv": [2, 5, 2.5, 5.5], "texture": "#0"},
				"east": {"uv": [2, 5.5, 2.5, 6], "texture": "#0"},
				"south": {"uv": [2, 6, 2.5, 6.5], "texture": "#0"},
				"west": {"uv": [1.5, 7, 2, 7.5], "texture": "#0"},
				"up": {"uv": [2, 8, 1.5, 7.5], "texture": "#0"},
				"down": {"uv": [2, 8, 1.5, 8.5], "texture": "#0"}
			}
		},
		{
			"from": [6.5, 25, 6.5],
			"to": [9.5, 27, 9.5],
			"rotation": {"angle": 0, "axis": "y", "origin": [0, 2, 0]},
			"faces": {
				"north": {"uv": [8.75, 10.75, 9.5, 11.25], "texture": "#0"},
				"east": {"uv": [2, 11, 2.75, 11.5], "texture": "#0"},
				"south": {"uv": [11, 6.5, 11.75, 7], "texture": "#0"},
				"west": {"uv": [7, 11, 7.75, 11.5], "texture": "#0"},
				"up": {"uv": [6.25, 11.25, 5.5, 10.5], "texture": "#0"},
				"down": {"uv": [7, 10.5, 6.25, 11.25], "texture": "#0"}
			}
		},
		{
			"from": [6.5, 18, 6.5],
			"to": [9.5, 20, 9.5],
			"rotation": {"angle": 0, "axis": "y", "origin": [0, 2, 0]},
			"faces": {
				"north": {"uv": [5.75, 4, 6.5, 4.5], "texture": "#0"},
				"east": {"uv": [10.5, 10.5, 11.25, 11], "texture": "#0"},
				"south": {"uv": [10.75, 3, 11.5, 3.5], "texture": "#0"},
				"west": {"uv": [8, 10.75, 8.75, 11.25], "texture": "#0"},
				"up": {"uv": [4.75, 11.25, 4, 10.5], "texture": "#0"},
				"down": {"uv": [5.5, 10.5, 4.75, 11.25], "texture": "#0"}
			}
		},
		{
			"from": [6.5, 29, 8],
			"to": [9.5, 32, 8],
			"rotation": {"angle": 45, "axis": "y", "origin": [8, 27.5, 8]},
			"faces": {
				"north": {"uv": [10.25, 6.5, 11, 7.25], "texture": "#0"},
				"east": {"uv": [0, 0, 0, 0.75], "texture": "#0"},
				"south": {"uv": [10.25, 7.25, 11, 8], "texture": "#0"},
				"west": {"uv": [0, 0, 0, 0.75], "texture": "#0"},
				"up": {"uv": [0.75, 0, 0, 0], "texture": "#0"},
				"down": {"uv": [0.75, 0, 0, 0], "texture": "#0"}
			}
		},
		{
			"from": [8, 29, 6.5],
			"to": [8, 32, 9.5],
			"rotation": {"angle": 45, "axis": "y", "origin": [8, 27.5, 8]},
			"faces": {
				"north": {"uv": [0, 0, 0, 0.75], "texture": "#0"},
				"east": {"uv": [3.25, 10.5, 4, 11.25], "texture": "#0"},
				"south": {"uv": [0, 0, 0, 0.75], "texture": "#0"},
				"west": {"uv": [10.5, 3.75, 11.25, 4.5], "texture": "#0"},
				"up": {"uv": [0, 0.75, 0, 0], "texture": "#0"},
				"down": {"uv": [0, 0, 0, 0.75], "texture": "#0"}
			}
		},
		{
			"from": [8.5, 3, 2.5],
			"to": [9.5, 4, 3.5],
			"faces": {
				"north": {"uv": [0.25, 0.25, 0.75, 0.75], "texture": "#1"},
				"east": {"uv": [1.25, 0.25, 1.75, 0.75], "texture": "#1"},
				"south": {"uv": [2.25, 0.25, 2.75, 0.75], "texture": "#1"},
				"west": {"uv": [3.25, 0.25, 3.75, 0.75], "texture": "#1"},
				"up": {"uv": [4.25, 0.25, 4.75, 0.75], "texture": "#1"},
				"down": {"uv": [5.25, 0.25, 5.75, 0.75], "texture": "#1"}
			}
		},
		{
			"from": [11.5, 11, 11.5],
			"to": [12.5, 12, 12.5],
			"faces": {
				"north": {"uv": [8.25, 1.25, 8.75, 1.75], "texture": "#1"},
				"east": {"uv": [9.25, 1.25, 9.75, 1.75], "texture": "#1"},
				"south": {"uv": [10.25, 1.25, 10.75, 1.75], "texture": "#1"},
				"west": {"uv": [11.25, 1.25, 11.75, 1.75], "texture": "#1"},
				"up": {"uv": [12.25, 1.25, 12.75, 1.75], "texture": "#1"},
				"down": {"uv": [13.25, 1.25, 13.75, 1.75], "texture": "#1"}
			}
		},
		{
			"from": [8.5, 3, 12.5],
			"to": [9.5, 4, 13.5],
			"faces": {
				"north": {"uv": [10.25, 2.25, 10.75, 2.75], "texture": "#1"},
				"east": {"uv": [11.25, 2.25, 11.75, 2.75], "texture": "#1"},
				"south": {"uv": [12.25, 2.25, 12.75, 2.75], "texture": "#1"},
				"west": {"uv": [13.25, 2.25, 13.75, 2.75], "texture": "#1"},
				"up": {"uv": [14.25, 2.25, 14.75, 2.75], "texture": "#1"},
				"down": {"uv": [15.25, 2.25, 15.75, 2.75], "texture": "#1"}
			}
		},
		{
			"from": [6, 8, 12],
			"to": [7, 9, 13],
			"faces": {
				"north": {"uv": [6.25, 3.25, 6.75, 3.75], "texture": "#1"},
				"east": {"uv": [7.25, 3.25, 7.75, 3.75], "texture": "#1"},
				"south": {"uv": [8.25, 3.25, 8.75, 3.75], "texture": "#1"},
				"west": {"uv": [9.25, 3.25, 9.75, 3.75], "texture": "#1"},
				"up": {"uv": [10.25, 3.25, 10.75, 3.75], "texture": "#1"},
				"down": {"uv": [11.25, 3.25, 11.75, 3.75], "texture": "#1"}
			}
		},
		{
			"from": [2.5, 3, 6.5],
			"to": [3.5, 4, 7.5],
			"faces": {
				"north": {"uv": [12.25, 3.25, 12.75, 3.75], "texture": "#1"},
				"east": {"uv": [13.25, 3.25, 13.75, 3.75], "texture": "#1"},
				"south": {"uv": [14.25, 3.25, 14.75, 3.75], "texture": "#1"},
				"west": {"uv": [15.25, 3.25, 15.75, 3.75], "texture": "#1"},
				"up": {"uv": [0.25, 4.25, 0.75, 4.75], "texture": "#1"},
				"down": {"uv": [1.25, 4.25, 1.75, 4.75], "texture": "#1"}
			}
		},
		{
			"from": [4.5, 18, 5.5],
			"to": [5.5, 19, 6.5],
			"faces": {
				"north": {"uv": [2.25, 4.25, 2.75, 4.75], "texture": "#3"},
				"east": {"uv": [3.25, 4.25, 3.75, 4.75], "texture": "#3"},
				"south": {"uv": [4.25, 4.25, 4.75, 4.75], "texture": "#3"},
				"west": {"uv": [5.25, 4.25, 5.75, 4.75], "texture": "#3"},
				"up": {"uv": [6.25, 4.25, 6.75, 4.75], "texture": "#3"},
				"down": {"uv": [7.25, 4.25, 7.75, 4.75], "texture": "#3"}
			}
		},
		{
			"from": [8.5, 23, 9.5],
			"to": [9.5, 24, 10.5],
			"faces": {
				"north": {"uv": [4.25, 2.25, 4.75, 2.75], "texture": "#3"},
				"east": {"uv": [5.25, 2.25, 5.75, 2.75], "texture": "#3"},
				"south": {"uv": [6.25, 2.25, 6.75, 2.75], "texture": "#3"},
				"west": {"uv": [7.25, 2.25, 7.75, 2.75], "texture": "#3"},
				"up": {"uv": [8.25, 2.25, 8.75, 2.75], "texture": "#3"},
				"down": {"uv": [9.25, 2.25, 9.75, 2.75], "texture": "#3"}
			}
		},
		{
			"from": [12.5, 3, 6.5],
			"to": [13.5, 4, 7.5],
			"faces": {
				"north": {"uv": [14.25, 1.25, 14.75, 1.75], "texture": "#3"},
				"east": {"uv": [15.25, 1.25, 15.75, 1.75], "texture": "#3"},
				"south": {"uv": [0.25, 2.25, 0.75, 2.75], "texture": "#3"},
				"west": {"uv": [1.25, 2.25, 1.75, 2.75], "texture": "#3"},
				"up": {"uv": [2.25, 2.25, 2.75, 2.75], "texture": "#3"},
				"down": {"uv": [3.25, 2.25, 3.75, 2.75], "texture": "#3"}
			}
		},
		{
			"from": [4, 15, 11],
			"to": [5, 16, 12],
			"faces": {
				"north": {"uv": [0.25, 3.25, 0.75, 3.75], "texture": "#4"},
				"east": {"uv": [1.25, 3.25, 1.75, 3.75], "texture": "#4"},
				"south": {"uv": [2.25, 3.25, 2.75, 3.75], "texture": "#4"},
				"west": {"uv": [3.25, 3.25, 3.75, 3.75], "texture": "#4"},
				"up": {"uv": [4.25, 3.25, 4.75, 3.75], "texture": "#4"},
				"down": {"uv": [5.25, 3.25, 5.75, 3.75], "texture": "#4"}
			}
		},
		{
			"from": [8.5, 18, 4.5],
			"to": [9.5, 19, 5.5],
			"faces": {
				"north": {"uv": [12.25, 0.25, 12.75, 0.75], "texture": "#4"},
				"east": {"uv": [13.25, 0.25, 13.75, 0.75], "texture": "#4"},
				"south": {"uv": [14.25, 0.25, 14.75, 0.75], "texture": "#4"},
				"west": {"uv": [15.25, 0.25, 15.75, 0.75], "texture": "#4"},
				"up": {"uv": [0.25, 1.25, 0.75, 1.75], "texture": "#4"},
				"down": {"uv": [1.25, 1.25, 1.75, 1.75], "texture": "#4"}
			}
		},
		{
			"from": [7.5, 11, 3.5],
			"to": [8.5, 12, 4.5],
			"faces": {
				"north": {"uv": [6.25, 0.25, 6.75, 0.75], "texture": "#5"},
				"east": {"uv": [7.25, 0.25, 7.75, 0.75], "texture": "#5"},
				"south": {"uv": [8.25, 0.25, 8.75, 0.75], "texture": "#5"},
				"west": {"uv": [9.25, 0.25, 9.75, 0.75], "texture": "#5"},
				"up": {"uv": [10.25, 0.25, 10.75, 0.75], "texture": "#5"},
				"down": {"uv": [11.25, 0.25, 11.75, 0.75], "texture": "#5"}
			}
		},
		{
			"from": [3, 7, 11],
			"to": [4, 8, 12],
			"faces": {
				"north": {"uv": [8.25, 4.25, 8.75, 4.75], "texture": "#5"},
				"east": {"uv": [9.25, 4.25, 9.75, 4.75], "texture": "#5"},
				"south": {"uv": [10.25, 4.25, 10.75, 4.75], "texture": "#5"},
				"west": {"uv": [11.25, 4.25, 11.75, 4.75], "texture": "#5"},
				"up": {"uv": [12.25, 4.25, 12.75, 4.75], "texture": "#5"},
				"down": {"uv": [13.25, 4.25, 13.75, 4.75], "texture": "#5"}
			}
		},
		{
			"from": [11, 15, 7],
			"to": [12, 16, 8],
			"faces": {
				"north": {"uv": [2.25, 1.25, 2.75, 1.75], "texture": "#5"},
				"east": {"uv": [3.25, 1.25, 3.75, 1.75], "texture": "#5"},
				"south": {"uv": [4.25, 1.25, 4.75, 1.75], "texture": "#5"},
				"west": {"uv": [5.25, 1.25, 5.75, 1.75], "texture": "#5"},
				"up": {"uv": [6.25, 1.25, 6.75, 1.75], "texture": "#5"},
				"down": {"uv": [7.25, 1.25, 7.75, 1.75], "texture": "#5"}
			}
		},
		{
			"from": [10, 6, 12],
			"to": [11, 7, 13],
			"faces": {
				"north": {"uv": [6.25, 0.25, 6.75, 0.75], "texture": "#6"},
				"east": {"uv": [7.25, 0.25, 7.75, 0.75], "texture": "#6"},
				"south": {"uv": [8.25, 0.25, 8.75, 0.75], "texture": "#6"},
				"west": {"uv": [9.25, 0.25, 9.75, 0.75], "texture": "#6"},
				"up": {"uv": [10.25, 0.25, 10.75, 0.75], "texture": "#6"},
				"down": {"uv": [11.25, 0.25, 11.75, 0.75], "texture": "#6"}
			}
		},
		{
			"from": [11, 8, 3],
			"to": [12, 9, 4],
			"faces": {
				"north": {"uv": [2.25, 1.25, 2.75, 1.75], "texture": "#6"},
				"east": {"uv": [3.25, 1.25, 3.75, 1.75], "texture": "#6"},
				"south": {"uv": [4.25, 1.25, 4.75, 1.75], "texture": "#6"},
				"west": {"uv": [5.25, 1.25, 5.75, 1.75], "texture": "#6"},
				"up": {"uv": [6.25, 1.25, 6.75, 1.75], "texture": "#6"},
				"down": {"uv": [7.25, 1.25, 7.75, 1.75], "texture": "#6"}
			}
		},
		{
			"from": [5.5, 23, 8.5],
			"to": [6.5, 24, 9.5],
			"faces": {
				"north": {"uv": [12.25, 3.25, 12.75, 3.75], "texture": "#6"},
				"east": {"uv": [13.25, 3.25, 13.75, 3.75], "texture": "#6"},
				"south": {"uv": [14.25, 3.25, 14.75, 3.75], "texture": "#6"},
				"west": {"uv": [15.25, 3.25, 15.75, 3.75], "texture": "#6"},
				"up": {"uv": [0.25, 4.25, 0.75, 4.75], "texture": "#6"},
				"down": {"uv": [1.25, 4.25, 1.75, 4.75], "texture": "#6"}
			}
		},
		{
			"from": [3.5, 12, 8.5],
			"to": [4.5, 13, 9.5],
			"faces": {
				"north": {"uv": [4.25, 2.25, 4.75, 2.75], "texture": "#2"},
				"east": {"uv": [5.25, 2.25, 5.75, 2.75], "texture": "#2"},
				"south": {"uv": [6.25, 2.25, 6.75, 2.75], "texture": "#2"},
				"west": {"uv": [7.25, 2.25, 7.75, 2.75], "texture": "#2"},
				"up": {"uv": [8.25, 2.25, 8.75, 2.75], "texture": "#2"},
				"down": {"uv": [9.25, 2.25, 9.75, 2.75], "texture": "#2"}
			}
		},
		{
			"from": [11.5, 11, 5.5],
			"to": [12.5, 12, 6.5],
			"faces": {
				"north": {"uv": [10.25, 2.25, 10.75, 2.75], "texture": "#2"},
				"east": {"uv": [11.25, 2.25, 11.75, 2.75], "texture": "#2"},
				"south": {"uv": [12.25, 2.25, 12.75, 2.75], "texture": "#2"},
				"west": {"uv": [13.25, 2.25, 13.75, 2.75], "texture": "#2"},
				"up": {"uv": [14.25, 2.25, 14.75, 2.75], "texture": "#2"},
				"down": {"uv": [15.25, 2.25, 15.75, 2.75], "texture": "#2"}
			}
		},
		{
			"from": [9.5, 23, 5.5],
			"to": [10.5, 24, 6.5],
			"faces": {
				"north": {"uv": [2.25, 4.25, 2.75, 4.75], "texture": "#2"},
				"east": {"uv": [3.25, 4.25, 3.75, 4.75], "texture": "#2"},
				"south": {"uv": [4.25, 4.25, 4.75, 4.75], "texture": "#2"},
				"west": {"uv": [5.25, 4.25, 5.75, 4.75], "texture": "#2"},
				"up": {"uv": [6.25, 4.25, 6.75, 4.75], "texture": "#2"},
				"down": {"uv": [7.25, 4.25, 7.75, 4.75], "texture": "#2"}
			}
		},
		{
			"from": [10.5, 18, 8.5],
			"to": [11.5, 19, 9.5],
			"faces": {
				"north": {"uv": [6.25, 3.25, 6.75, 3.75], "texture": "#7"},
				"east": {"uv": [7.25, 3.25, 7.75, 3.75], "texture": "#7"},
				"south": {"uv": [8.25, 3.25, 8.75, 3.75], "texture": "#7"},
				"west": {"uv": [9.25, 3.25, 9.75, 3.75], "texture": "#7"},
				"up": {"uv": [10.25, 3.25, 10.75, 3.75], "texture": "#7"},
				"down": {"uv": [11.25, 3.25, 11.75, 3.75], "texture": "#7"}
			}
		},
		{
			"from": [3, 8, 5],
			"to": [4, 9, 6],
			"faces": {
				"north": {"uv": [0.25, 0.25, 0.75, 0.75], "texture": "#7"},
				"east": {"uv": [1.25, 0.25, 1.75, 0.75], "texture": "#7"},
				"south": {"uv": [2.25, 0.25, 2.75, 0.75], "texture": "#7"},
				"west": {"uv": [3.25, 0.25, 3.75, 0.75], "texture": "#7"},
				"up": {"uv": [4.25, 0.25, 4.75, 0.75], "texture": "#7"},
				"down": {"uv": [5.25, 0.25, 5.75, 0.75], "texture": "#7"}
			}
		},
		{
			"from": [5, 15, 4],
			"to": [6, 16, 5],
			"faces": {
				"north": {"uv": [14.25, 1.25, 14.75, 1.75], "texture": "#7"},
				"east": {"uv": [15.25, 1.25, 15.75, 1.75], "texture": "#7"},
				"south": {"uv": [0.25, 2.25, 0.75, 2.75], "texture": "#7"},
				"west": {"uv": [1.25, 2.25, 1.75, 2.75], "texture": "#7"},
				"up": {"uv": [2.25, 2.25, 2.75, 2.75], "texture": "#7"},
				"down": {"uv": [3.25, 2.25, 3.75, 2.75], "texture": "#7"}
			}
		},
		{
			"from": [12, 7, 8],
			"to": [13, 8, 9],
			"faces": {
				"north": {"uv": [12.25, 0.25, 12.75, 0.75], "texture": "#8"},
				"east": {"uv": [13.25, 0.25, 13.75, 0.75], "texture": "#8"},
				"south": {"uv": [14.25, 0.25, 14.75, 0.75], "texture": "#8"},
				"west": {"uv": [15.25, 0.25, 15.75, 0.75], "texture": "#8"},
				"up": {"uv": [0.25, 1.25, 0.75, 1.75], "texture": "#8"},
				"down": {"uv": [1.25, 1.25, 1.75, 1.75], "texture": "#8"}
			}
		},
		{
			"from": [5, 6, 3],
			"to": [6, 7, 4],
			"faces": {
				"north": {"uv": [8.25, 1.25, 8.75, 1.75], "texture": "#8"},
				"east": {"uv": [9.25, 1.25, 9.75, 1.75], "texture": "#8"},
				"south": {"uv": [10.25, 1.25, 10.75, 1.75], "texture": "#8"},
				"west": {"uv": [11.25, 1.25, 11.75, 1.75], "texture": "#8"},
				"up": {"uv": [12.25, 1.25, 12.75, 1.75], "texture": "#8"},
				"down": {"uv": [13.25, 1.25, 13.75, 1.75], "texture": "#8"}
			}
		},
		{
			"from": [6.5, 12, 11.5],
			"to": [7.5, 13, 12.5],
			"faces": {
				"north": {"uv": [0.25, 3.25, 0.75, 3.75], "texture": "#8"},
				"east": {"uv": [1.25, 3.25, 1.75, 3.75], "texture": "#8"},
				"south": {"uv": [2.25, 3.25, 2.75, 3.75], "texture": "#8"},
				"west": {"uv": [3.25, 3.25, 3.75, 3.75], "texture": "#8"},
				"up": {"uv": [4.25, 3.25, 4.75, 3.75], "texture": "#8"},
				"down": {"uv": [5.25, 3.25, 5.75, 3.75], "texture": "#8"}
			}
		}
	],
	"display": {
		"thirdperson_righthand": {
			"rotation": [75, 45, 0],
			"translation": [0, 1.5, 2.75]
		},
		"thirdperson_lefthand": {
			"rotation": [75, 45, 0],
			"translation": [0, 1.5, 2.75]
		},
		"firstperson_righthand": {
			"rotation": [0, 225, 0],
			"translation": [0, 2.75, 0],
			"scale": [0.8, 0.8, 0.8]
		},
		"firstperson_lefthand": {
			"rotation": [0, 225, 0],
			"translation": [0, 2.75, 0],
			"scale": [0.8, 0.8, 0.8]
		},
		"ground": {
			"translation": [0, 9, 0]
		},
		"gui": {
			"rotation": [30, 225, 0],
			"translation": [0, -2, 0],
			"scale": [0.4, 0.4, 0.4]
		},
		"head": {
			"translation": [0, 22.25, 0],
			"scale": [2, 2, 2]
		},
		"fixed": {
			"rotation": [-90, 0, 0],
			"translation": [0, 0, -15],
			"scale": [2, 2, 2]
		}
	},
	"groups": [
		0,
		1,
		2,
		3,
		4,
		5,
		6,
		7,
		8,
		9,
		10,
		11,
		12,
		13,
		14,
		{
			"name": "color11",
			"origin": [0, 0, 0],
			"color": 0,
			"children": [15, 16, 17, 18, 19]
		},
		{
			"name": "color12",
			"origin": [8, 8, 8],
			"color": 0,
			"children": [20, 21, 22]
		},
		{
			"name": "color13",
			"origin": [8, 8, 8],
			"color": 0,
			"children": [23, 24]
		},
		{
			"name": "color14",
			"origin": [8, 8, 8],
			"color": 0,
			"children": [25, 26, 27]
		},
		{
			"name": "color21",
			"origin": [0, 0, 0],
			"color": 0,
			"children": [28, 29, 30]
		},
		{
			"name": "color22",
			"origin": [8, 8, 8],
			"color": 0,
			"children": [31, 32, 33]
		},
		{
			"name": "color23",
			"origin": [8, 8, 8],
			"color": 0,
			"children": [34, 35, 36]
		},
		{
			"name": "color24",
			"origin": [8, 8, 8],
			"color": 0,
			"children": [37, 38, 39]
		}
	]
}