{
	"parent": "minecraft:item/generated",
	"textures": {
		"0": "next:item/crate/blue_crate",
		"particle": "next:item/crate/blue_crate"
	},
	"elements": [
		{
			"from": [11, 0, -1],
			"to": [16, 5, 4],
			"faces": {
				"north": {"uv": [8.5, 1.5, 10, 3], "texture": "#0"},
				"east": {"uv": [8.5, 1.5, 10, 3], "texture": "#0"},
				"south": {"uv": [8.5, 1.5, 10, 3], "texture": "#0"},
				"west": {"uv": [8.5, 1.5, 10, 3], "texture": "#0"},
				"up": {"uv": [8.5, 1.5, 10, 3], "texture": "#0"},
				"down": {"uv": [8.5, 1.5, 10, 3], "texture": "#0"}
			}
		},
		{
			"from": [11, 0, 12],
			"to": [16, 5, 17],
			"faces": {
				"north": {"uv": [8.5, 1.5, 10, 3], "texture": "#0"},
				"east": {"uv": [8.5, 1.5, 10, 3], "texture": "#0"},
				"south": {"uv": [8.5, 1.5, 10, 3], "texture": "#0"},
				"west": {"uv": [8.5, 1.5, 10, 3], "texture": "#0"},
				"up": {"uv": [8.5, 1.5, 10, 3], "texture": "#0"},
				"down": {"uv": [8.5, 1.5, 10, 3], "texture": "#0"}
			}
		},
		{
			"from": [0, 0, 12],
			"to": [5, 5, 17],
			"faces": {
				"north": {"uv": [8.5, 1.5, 10, 3], "texture": "#0"},
				"east": {"uv": [8.5, 1.5, 10, 3], "texture": "#0"},
				"south": {"uv": [8.5, 1.5, 10, 3], "texture": "#0"},
				"west": {"uv": [8.5, 1.5, 10, 3], "texture": "#0"},
				"up": {"uv": [8.5, 1.5, 10, 3], "texture": "#0"},
				"down": {"uv": [8.5, 1.5, 10, 3], "texture": "#0"}
			}
		},
		{
			"from": [0, 0, -1],
			"to": [5, 5, 4],
			"faces": {
				"north": {"uv": [8.5, 1.5, 10, 3], "texture": "#0"},
				"east": {"uv": [8.5, 1.5, 10, 3], "texture": "#0"},
				"south": {"uv": [8.5, 1.5, 10, 3], "texture": "#0"},
				"west": {"uv": [8.5, 1.5, 10, 3], "texture": "#0"},
				"up": {"uv": [8.5, 1.5, 10, 3], "texture": "#0"},
				"down": {"uv": [8.5, 1.5, 10, 3], "texture": "#0"}
			}
		},
		{
			"from": [14, 6, 5.5],
			"to": [17, 13, 10.5],
			"faces": {
				"north": {"uv": [8.75, 3, 9.5, 4.75], "texture": "#0"},
				"east": {"uv": [14.5, 6, 16, 7.75], "texture": "#0"},
				"south": {"uv": [8.75, 3, 9.5, 4.75], "texture": "#0"},
				"west": {"uv": [8.75, 3, 9.5, 4.75], "texture": "#0"},
				"up": {"uv": [8.75, 3, 9.5, 4.75], "texture": "#0"},
				"down": {"uv": [14.5, 8, 16, 9.25], "texture": "#0"}
			}
		},
		{
			"from": [1, 14, 11],
			"to": [15, 18, 16],
			"faces": {
				"north": {"uv": [14.5, 1.5, 16, 6], "rotation": 90, "texture": "#0"},
				"east": {"uv": [14.5, 0, 16, 1.5], "texture": "#0"},
				"south": {"uv": [14.5, 1.5, 16, 6], "rotation": 90, "texture": "#0"},
				"west": {"uv": [14.5, 0, 16, 1.5], "texture": "#0"},
				"up": {"uv": [14.5, 1.5, 16, 6], "rotation": 90, "texture": "#0"},
				"down": {"uv": [14.5, 1.5, 16, 6], "texture": "#0"}
			}
		},
		{
			"from": [1, 14, 0],
			"to": [15, 18, 5],
			"faces": {
				"north": {"uv": [14.5, 1.5, 16, 6], "rotation": 90, "texture": "#0"},
				"east": {"uv": [14.5, 0, 16, 1.5], "texture": "#0"},
				"south": {"uv": [14.5, 1.5, 16, 6], "rotation": 90, "texture": "#0"},
				"west": {"uv": [14.5, 0, 16, 1.5], "texture": "#0"},
				"up": {"uv": [14.5, 1.5, 16, 6], "rotation": 90, "texture": "#0"},
				"down": {"uv": [14.5, 1.5, 16, 6], "texture": "#0"}
			}
		},
		{
			"from": [12, 5, 0],
			"to": [15, 8, 3],
			"faces": {
				"north": {"uv": [14.5, 0, 16, 1.25], "texture": "#0"},
				"east": {"uv": [14.5, 0, 16, 1.25], "texture": "#0"},
				"south": {"uv": [14.5, 0, 16, 1.25], "texture": "#0"},
				"west": {"uv": [14.5, 0, 16, 1.25], "texture": "#0"},
				"up": {"uv": [14.5, 0, 16, 1.25], "texture": "#0"},
				"down": {"uv": [14.5, 0, 16, 1.25], "texture": "#0"}
			}
		},
		{
			"from": [1, 5, 0],
			"to": [4, 8, 3],
			"faces": {
				"north": {"uv": [14.5, 0, 16, 1.25], "texture": "#0"},
				"east": {"uv": [14.5, 0, 16, 1.25], "texture": "#0"},
				"south": {"uv": [14.5, 0, 16, 1.25], "texture": "#0"},
				"west": {"uv": [14.5, 0, 16, 1.25], "texture": "#0"},
				"up": {"uv": [14.5, 0, 16, 1.25], "texture": "#0"},
				"down": {"uv": [14.5, 0, 16, 1.25], "texture": "#0"}
			}
		},
		{
			"from": [1, 5, 13],
			"to": [4, 8, 16],
			"faces": {
				"north": {"uv": [14.5, 0, 16, 1.25], "texture": "#0"},
				"east": {"uv": [14.5, 0, 16, 1.25], "texture": "#0"},
				"south": {"uv": [14.5, 0, 16, 1.25], "texture": "#0"},
				"west": {"uv": [14.5, 0, 16, 1.25], "texture": "#0"},
				"up": {"uv": [14.5, 0, 16, 1.25], "texture": "#0"},
				"down": {"uv": [14.5, 0, 16, 1.25], "texture": "#0"}
			}
		},
		{
			"from": [12, 5, 13],
			"to": [15, 8, 16],
			"faces": {
				"north": {"uv": [14.5, 0, 16, 1.25], "texture": "#0"},
				"east": {"uv": [14.5, 0, 16, 1.25], "texture": "#0"},
				"south": {"uv": [14.5, 0, 16, 1.25], "texture": "#0"},
				"west": {"uv": [14.5, 0, 16, 1.25], "texture": "#0"},
				"up": {"uv": [14.5, 0, 16, 1.25], "texture": "#0"},
				"down": {"uv": [14.5, 0, 16, 1.25], "texture": "#0"}
			}
		},
		{
			"from": [1, 1, 0],
			"to": [15, 4, 16],
			"faces": {
				"north": {"uv": [10, 0, 14.5, 1.75], "texture": "#0"},
				"east": {"uv": [10, 0, 14.5, 1.75], "texture": "#0"},
				"south": {"uv": [10, 0, 14.5, 1.75], "texture": "#0"},
				"west": {"uv": [10, 0, 14.5, 1.75], "texture": "#0"},
				"up": {"uv": [9.5, 3, 14.5, 8], "texture": "#0"},
				"down": {"uv": [9.5, 3, 14.5, 8], "texture": "#0"}
			}
		},
		{
			"from": [0, 8, -1],
			"to": [16, 14, 17],
			"faces": {
				"north": {"uv": [5, 0, 10, 1.5], "texture": "#0"},
				"east": {"uv": [0, 0, 5, 1.5], "texture": "#0"},
				"south": {"uv": [5, 0, 10, 1.5], "texture": "#0"},
				"west": {"uv": [5, 0, 10, 1.5], "texture": "#0"},
				"up": {"uv": [9.5, 3, 14.5, 8], "texture": "#0"},
				"down": {"uv": [9.5, 3, 14.5, 8], "texture": "#0"}
			}
		},
		{
			"from": [2, 4, 1],
			"to": [14, 17, 15],
			"faces": {
				"north": {"uv": [4, 3, 8, 7], "texture": "#0", "tintindex": 0},
				"east": {"uv": [4, 3, 8, 7], "texture": "#0", "tintindex": 0},
				"south": {"uv": [4, 3, 8, 7], "texture": "#0", "tintindex": 0},
				"west": {"uv": [4, 3, 8, 7], "texture": "#0", "tintindex": 0},
				"up": {"uv": [4, 3, 8, 7], "texture": "#0", "tintindex": 0},
				"down": {"uv": [4, 3, 8, 7], "texture": "#0", "tintindex": 0}
			}
		}
	],
	"display": {
		"thirdperson_righthand": {
			"rotation": [46, 122, 0],
			"scale": [0.2, 0.2, 0.2]
		},
		"thirdperson_lefthand": {
			"scale": [0.16, 0.16, 0.16]
		},
		"firstperson_righthand": {
			"rotation": [0, -180, 0],
			"scale": [0.26, 0.26, 0.26]
		},
		"firstperson_lefthand": {
			"scale": [0.25, 0.25, 0.25]
		},
		"ground": {
			"scale": [0.58, 0.58, 0.58]
		},
		"gui": {
			"rotation": [7, -110, 0],
			"translation": [0, -0.75, 0],
			"scale": [0.67, 0.67, 0.67]
		},
		"head": {
			"rotation": [0, 89, 0],
			"translation": [0, 11, 0],
			"scale": [0.86, 0.86, 0.86]
		},
		"fixed": {
			"rotation": [90, 0, 0],
			"translation": [0, 0, 17.25],
			"scale": [2.68, 2.68, 2.68]
		}
	}
}