{
	"credit": "Made with Blockbench",
	"parent": "ball",
	"texture_size": [64, 64],
	"textures": {
		"1": "next:item/beach/ball"
	},
	"elements": [
		{
			"from": [3, 0, 3],
			"to": [13, 10, 13],
			"rotation": {"angle": 0, "axis": "y", "origin": [7, 0, 7]},
			"faces": {
				"north": {"uv": [2.5, 2.5, 5, 5], "texture": "#1"},
				"east": {"uv": [0, 2.5, 2.5, 5], "texture": "#1"},
				"south": {"uv": [7.5, 2.5, 10, 5], "texture": "#1"},
				"west": {"uv": [5, 2.5, 7.5, 5], "texture": "#1"},
				"up": {"uv": [5, 2.5, 2.5, 0], "texture": "#1"},
				"down": {"uv": [7.5, 0, 5, 2.5], "texture": "#1"}
			}
		}
	],
	"display": {
		"thirdperson_righthand": {
			"rotation": [42, 45, 0],
			"translation": [0, 2.5, 0],
			"scale": [0.57, 0.57, 0.57]
		},
		"thirdperson_lefthand": {
			"rotation": [42, 45, 0],
			"translation": [0, 2.5, 0],
			"scale": [0.57, 0.57, 0.57]
		},
		"firstperson_righthand": {
			"rotation": [11, 13, 8],
			"translation": [0.25, 2.5, 0.5],
			"scale": [0.49, 0.49, 0.49]
		},
		"firstperson_lefthand": {
			"rotation": [11, 13, 8],
			"translation": [0.25, 2.5, 0.5],
			"scale": [0.49, 0.49, 0.49]
		},
		"ground": {
			"translation": [0, 4.25, 0],
			"scale": [0.84, 0.84, 0.84]
		},
		"gui": {
			"rotation": [30, 225, 11],
			"translation": [0.5, 2.25, 0],
			"scale": [0.89, 0.89, 0.89]
		},
		"head": {
			"translation": [0, 13, -0.25]
		},
		"fixed": {
			"rotation": [-90, -32, 0],
			"translation": [0, 0, -18],
			"scale": [2.3, 2.3, 2.3]
		}
	},
	"groups": [
		{
			"name": "group",
			"origin": [8, 8, 8],
			"color": 0,
			"children": [0]
		}
	]
}