{
	"credit": "Made with Blockbench",
	"parent": "sand_castle",
	"texture_size": [64, 64],
	"textures": {
		"2": "next:item/beach/sand_castle2",
		"particle": "next:item/beach/sand_castle2"
	},
	"elements": [
		{
			"from": [0, 0, 0],
			"to": [5, 11, 5],
			"faces": {
				"north": {"uv": [6.25, 10, 7.5, 12.75], "texture": "#2"},
				"east": {"uv": [5, 10, 6.25, 12.75], "texture": "#2"},
				"south": {"uv": [8.75, 10, 10, 12.75], "texture": "#2"},
				"west": {"uv": [7.5, 10, 8.75, 12.75], "texture": "#2"},
				"up": {"uv": [7.5, 10, 6.25, 8.75], "texture": "#2"},
				"down": {"uv": [8.75, 8.75, 7.5, 10], "texture": "#2"}
			}
		},
		{
			"from": [11, 0, 0],
			"to": [16, 11, 5],
			"rotation": {"angle": 0, "axis": "y", "origin": [16, 0, 0]},
			"faces": {
				"north": {"uv": [1.25, 10, 2.5, 12.75], "texture": "#2"},
				"east": {"uv": [0, 10, 1.25, 12.75], "texture": "#2"},
				"south": {"uv": [3.75, 10, 5, 12.75], "texture": "#2"},
				"west": {"uv": [2.5, 10, 3.75, 12.75], "texture": "#2"},
				"up": {"uv": [2.5, 10, 1.25, 8.75], "texture": "#2"},
				"down": {"uv": [3.75, 8.75, 2.5, 10], "texture": "#2"}
			}
		},
		{
			"from": [2, 0, 2],
			"to": [14, 7, 14],
			"rotation": {"angle": 0, "axis": "y", "origin": [16, 0, 0]},
			"faces": {
				"north": {"uv": [3, 3, 6, 4.75], "texture": "#2"},
				"east": {"uv": [0, 3, 3, 4.75], "texture": "#2"},
				"south": {"uv": [9, 3, 12, 4.75], "texture": "#2"},
				"west": {"uv": [6, 3, 9, 4.75], "texture": "#2"},
				"up": {"uv": [6, 3, 3, 0], "texture": "#2"},
				"down": {"uv": [9, 0, 6, 3], "texture": "#2"}
			}
		},
		{
			"from": [0, 0, 11],
			"to": [5, 11, 16],
			"rotation": {"angle": 0, "axis": "y", "origin": [0, 0, 16]},
			"faces": {
				"north": {"uv": [6.25, 6, 7.5, 8.75], "texture": "#2"},
				"east": {"uv": [5, 6, 6.25, 8.75], "texture": "#2"},
				"south": {"uv": [8.75, 6, 10, 8.75], "texture": "#2"},
				"west": {"uv": [7.5, 6, 8.75, 8.75], "texture": "#2"},
				"up": {"uv": [7.5, 6, 6.25, 4.75], "texture": "#2"},
				"down": {"uv": [8.75, 4.75, 7.5, 6], "texture": "#2"}
			}
		},
		{
			"from": [11, 0, 11],
			"to": [16, 11, 16],
			"rotation": {"angle": 0, "axis": "y", "origin": [16, 0, 16]},
			"faces": {
				"north": {"uv": [1.25, 6, 2.5, 8.75], "texture": "#2"},
				"east": {"uv": [0, 6, 1.25, 8.75], "texture": "#2"},
				"south": {"uv": [3.75, 6, 5, 8.75], "texture": "#2"},
				"west": {"uv": [2.5, 6, 3.75, 8.75], "texture": "#2"},
				"up": {"uv": [2.5, 6, 1.25, 4.75], "texture": "#2"},
				"down": {"uv": [3.75, 4.75, 2.5, 6], "texture": "#2"}
			}
		},
		{
			"from": [0, 11, 0],
			"to": [0, 14, 5],
			"faces": {
				"north": {"uv": [10, 8.75, 11.25, 9.5], "texture": "#2"},
				"east": {"uv": [8.75, 8.75, 10, 9.5], "texture": "#2"},
				"south": {"uv": [12.5, 8.75, 13.75, 9.5], "texture": "#2"},
				"west": {"uv": [11.25, 8.75, 12.5, 9.5], "texture": "#2"},
				"up": {"uv": [11.25, 8.75, 10, 7.5], "texture": "#2"},
				"down": {"uv": [12.5, 7.5, 11.25, 8.75], "texture": "#2"}
			}
		},
		{
			"from": [5, 11, 0],
			"to": [5, 14, 5],
			"faces": {
				"north": {"uv": [10, 8.75, 11.25, 9.5], "texture": "#2"},
				"east": {"uv": [8.75, 8.75, 10, 9.5], "texture": "#2"},
				"south": {"uv": [12.5, 8.75, 13.75, 9.5], "texture": "#2"},
				"west": {"uv": [11.25, 8.75, 12.5, 9.5], "texture": "#2"},
				"up": {"uv": [11.25, 8.75, 10, 7.5], "texture": "#2"},
				"down": {"uv": [12.5, 7.5, 11.25, 8.75], "texture": "#2"}
			}
		},
		{
			"from": [0, 11, 0],
			"to": [5, 14, 0],
			"faces": {
				"north": {"uv": [10, 8.75, 11.25, 9.5], "texture": "#2"},
				"east": {"uv": [8.75, 8.75, 10, 9.5], "texture": "#2"},
				"south": {"uv": [12.5, 8.75, 13.75, 9.5], "texture": "#2"},
				"west": {"uv": [11.25, 8.75, 12.5, 9.5], "texture": "#2"},
				"up": {"uv": [11.25, 8.75, 10, 7.5], "texture": "#2"},
				"down": {"uv": [12.5, 7.5, 11.25, 8.75], "texture": "#2"}
			}
		},
		{
			"from": [0, 11, 5],
			"to": [5, 14, 5],
			"faces": {
				"north": {"uv": [10, 8.75, 11.25, 9.5], "texture": "#2"},
				"east": {"uv": [8.75, 8.75, 10, 9.5], "texture": "#2"},
				"south": {"uv": [12.5, 8.75, 13.75, 9.5], "texture": "#2"},
				"west": {"uv": [11.25, 8.75, 12.5, 9.5], "texture": "#2"},
				"up": {"uv": [11.25, 8.75, 10, 7.5], "texture": "#2"},
				"down": {"uv": [12.5, 7.5, 11.25, 8.75], "texture": "#2"}
			}
		},
		{
			"from": [-1, 11, 2.5],
			"to": [6, 18, 2.5],
			"faces": {
				"north": {"uv": [9, 0, 10.75, 1.75], "texture": "#2"},
				"east": {"uv": [9, 0, 9, 1.75], "texture": "#2"},
				"south": {"uv": [10.75, 0, 12.5, 1.75], "texture": "#2"},
				"west": {"uv": [10.75, 0, 10.75, 1.75], "texture": "#2"},
				"up": {"uv": [10.75, 0, 9, 0], "texture": "#2"},
				"down": {"uv": [12.5, 0, 10.75, 0], "texture": "#2"}
			}
		},
		{
			"from": [-4, 0, 5.5],
			"to": [1, 11, 10.5],
			"faces": {
				"north": {"uv": [6.25, 10, 7.5, 12.75], "texture": "#2"},
				"east": {"uv": [5, 10, 6.25, 12.75], "texture": "#2"},
				"south": {"uv": [8.75, 10, 10, 12.75], "texture": "#2"},
				"west": {"uv": [7.5, 10, 8.75, 12.75], "texture": "#2"},
				"up": {"uv": [7.5, 10, 6.25, 8.75], "texture": "#2"},
				"down": {"uv": [8.75, 8.75, 7.5, 10], "texture": "#2"}
			}
		},
		{
			"from": [-4, 11, 5.5],
			"to": [1, 14, 5.5],
			"faces": {
				"north": {"uv": [10, 8.75, 11.25, 9.5], "texture": "#2"},
				"east": {"uv": [8.75, 8.75, 10, 9.5], "texture": "#2"},
				"south": {"uv": [12.5, 8.75, 13.75, 9.5], "texture": "#2"},
				"west": {"uv": [11.25, 8.75, 12.5, 9.5], "texture": "#2"},
				"up": {"uv": [11.25, 8.75, 10, 7.5], "texture": "#2"},
				"down": {"uv": [12.5, 7.5, 11.25, 8.75], "texture": "#2"}
			}
		},
		{
			"from": [-4, 11, 5.5],
			"to": [-4, 14, 10.5],
			"faces": {
				"north": {"uv": [10, 8.75, 11.25, 9.5], "texture": "#2"},
				"east": {"uv": [8.75, 8.75, 10, 9.5], "texture": "#2"},
				"south": {"uv": [12.5, 8.75, 13.75, 9.5], "texture": "#2"},
				"west": {"uv": [11.25, 8.75, 12.5, 9.5], "texture": "#2"},
				"up": {"uv": [11.25, 8.75, 10, 7.5], "texture": "#2"},
				"down": {"uv": [12.5, 7.5, 11.25, 8.75], "texture": "#2"}
			}
		},
		{
			"from": [-4, 11, 10.5],
			"to": [1, 14, 10.5],
			"faces": {
				"north": {"uv": [10, 8.75, 11.25, 9.5], "texture": "#2"},
				"east": {"uv": [8.75, 8.75, 10, 9.5], "texture": "#2"},
				"south": {"uv": [12.5, 8.75, 13.75, 9.5], "texture": "#2"},
				"west": {"uv": [11.25, 8.75, 12.5, 9.5], "texture": "#2"},
				"up": {"uv": [11.25, 8.75, 10, 7.5], "texture": "#2"},
				"down": {"uv": [12.5, 7.5, 11.25, 8.75], "texture": "#2"}
			}
		},
		{
			"from": [1, 11, 5.5],
			"to": [1, 14, 10.5],
			"faces": {
				"north": {"uv": [10, 8.75, 11.25, 9.5], "texture": "#2"},
				"east": {"uv": [8.75, 8.75, 10, 9.5], "texture": "#2"},
				"south": {"uv": [12.5, 8.75, 13.75, 9.5], "texture": "#2"},
				"west": {"uv": [11.25, 8.75, 12.5, 9.5], "texture": "#2"},
				"up": {"uv": [11.25, 8.75, 10, 7.5], "texture": "#2"},
				"down": {"uv": [12.5, 7.5, 11.25, 8.75], "texture": "#2"}
			}
		},
		{
			"from": [15, 0, 5.5],
			"to": [20, 11, 10.5],
			"rotation": {"angle": 0, "axis": "y", "origin": [16, 0, 0]},
			"faces": {
				"north": {"uv": [7.5, 10, 6.25, 12.75], "texture": "#2"},
				"east": {"uv": [8.75, 10, 7.5, 12.75], "texture": "#2"},
				"south": {"uv": [10, 10, 8.75, 12.75], "texture": "#2"},
				"west": {"uv": [6.25, 10, 5, 12.75], "texture": "#2"},
				"up": {"uv": [6.25, 10, 7.5, 8.75], "texture": "#2"},
				"down": {"uv": [7.5, 8.75, 8.75, 10], "texture": "#2"}
			}
		},
		{
			"from": [15, 11, 5.5],
			"to": [20, 14, 5.5],
			"rotation": {"angle": 0, "axis": "y", "origin": [16, 0, 0]},
			"faces": {
				"north": {"uv": [11.25, 8.75, 10, 9.5], "texture": "#2"},
				"east": {"uv": [12.5, 8.75, 11.25, 9.5], "texture": "#2"},
				"south": {"uv": [13.75, 8.75, 12.5, 9.5], "texture": "#2"},
				"west": {"uv": [10, 8.75, 8.75, 9.5], "texture": "#2"},
				"up": {"uv": [10, 8.75, 11.25, 7.5], "texture": "#2"},
				"down": {"uv": [11.25, 7.5, 12.5, 8.75], "texture": "#2"}
			}
		},
		{
			"from": [20, 11, 5.5],
			"to": [20, 14, 10.5],
			"rotation": {"angle": 0, "axis": "y", "origin": [16, 0, 0]},
			"faces": {
				"north": {"uv": [11.25, 8.75, 10, 9.5], "texture": "#2"},
				"east": {"uv": [12.5, 8.75, 11.25, 9.5], "texture": "#2"},
				"south": {"uv": [13.75, 8.75, 12.5, 9.5], "texture": "#2"},
				"west": {"uv": [10, 8.75, 8.75, 9.5], "texture": "#2"},
				"up": {"uv": [10, 8.75, 11.25, 7.5], "texture": "#2"},
				"down": {"uv": [11.25, 7.5, 12.5, 8.75], "texture": "#2"}
			}
		},
		{
			"from": [15, 11, 10.5],
			"to": [20, 14, 10.5],
			"rotation": {"angle": 0, "axis": "y", "origin": [16, 0, 0]},
			"faces": {
				"north": {"uv": [11.25, 8.75, 10, 9.5], "texture": "#2"},
				"east": {"uv": [12.5, 8.75, 11.25, 9.5], "texture": "#2"},
				"south": {"uv": [13.75, 8.75, 12.5, 9.5], "texture": "#2"},
				"west": {"uv": [10, 8.75, 8.75, 9.5], "texture": "#2"},
				"up": {"uv": [10, 8.75, 11.25, 7.5], "texture": "#2"},
				"down": {"uv": [11.25, 7.5, 12.5, 8.75], "texture": "#2"}
			}
		},
		{
			"from": [15, 11, 5.5],
			"to": [15, 14, 10.5],
			"rotation": {"angle": 0, "axis": "y", "origin": [16, 0, 0]},
			"faces": {
				"north": {"uv": [11.25, 8.75, 10, 9.5], "texture": "#2"},
				"east": {"uv": [12.5, 8.75, 11.25, 9.5], "texture": "#2"},
				"south": {"uv": [13.75, 8.75, 12.5, 9.5], "texture": "#2"},
				"west": {"uv": [10, 8.75, 8.75, 9.5], "texture": "#2"},
				"up": {"uv": [10, 8.75, 11.25, 7.5], "texture": "#2"},
				"down": {"uv": [11.25, 7.5, 12.5, 8.75], "texture": "#2"}
			}
		},
		{
			"from": [11, 11, 0],
			"to": [16, 14, 0],
			"faces": {
				"north": {"uv": [10, 8.75, 11.25, 9.5], "texture": "#2"},
				"east": {"uv": [8.75, 8.75, 10, 9.5], "texture": "#2"},
				"south": {"uv": [12.5, 8.75, 13.75, 9.5], "texture": "#2"},
				"west": {"uv": [11.25, 8.75, 12.5, 9.5], "texture": "#2"},
				"up": {"uv": [11.25, 8.75, 10, 7.5], "texture": "#2"},
				"down": {"uv": [12.5, 7.5, 11.25, 8.75], "texture": "#2"}
			}
		},
		{
			"from": [11, 11, 0],
			"to": [11, 14, 5],
			"faces": {
				"north": {"uv": [10, 8.75, 11.25, 9.5], "texture": "#2"},
				"east": {"uv": [8.75, 8.75, 10, 9.5], "texture": "#2"},
				"south": {"uv": [12.5, 8.75, 13.75, 9.5], "texture": "#2"},
				"west": {"uv": [11.25, 8.75, 12.5, 9.5], "texture": "#2"},
				"up": {"uv": [11.25, 8.75, 10, 7.5], "texture": "#2"},
				"down": {"uv": [12.5, 7.5, 11.25, 8.75], "texture": "#2"}
			}
		},
		{
			"from": [10, 11, 2.5],
			"to": [17, 18, 2.5],
			"faces": {
				"north": {"uv": [9, 0, 10.75, 1.75], "texture": "#2"},
				"east": {"uv": [9, 0, 9, 1.75], "texture": "#2"},
				"south": {"uv": [10.75, 0, 12.5, 1.75], "texture": "#2"},
				"west": {"uv": [10.75, 0, 10.75, 1.75], "texture": "#2"},
				"up": {"uv": [10.75, 0, 9, 0], "texture": "#2"},
				"down": {"uv": [12.5, 0, 10.75, 0], "texture": "#2"}
			}
		},
		{
			"from": [16, 11, 0],
			"to": [16, 14, 5],
			"faces": {
				"north": {"uv": [10, 8.75, 11.25, 9.5], "texture": "#2"},
				"east": {"uv": [8.75, 8.75, 10, 9.5], "texture": "#2"},
				"south": {"uv": [12.5, 8.75, 13.75, 9.5], "texture": "#2"},
				"west": {"uv": [11.25, 8.75, 12.5, 9.5], "texture": "#2"},
				"up": {"uv": [11.25, 8.75, 10, 7.5], "texture": "#2"},
				"down": {"uv": [12.5, 7.5, 11.25, 8.75], "texture": "#2"}
			}
		},
		{
			"from": [11, 11, 5],
			"to": [16, 14, 5],
			"faces": {
				"north": {"uv": [10, 8.75, 11.25, 9.5], "texture": "#2"},
				"east": {"uv": [8.75, 8.75, 10, 9.5], "texture": "#2"},
				"south": {"uv": [12.5, 8.75, 13.75, 9.5], "texture": "#2"},
				"west": {"uv": [11.25, 8.75, 12.5, 9.5], "texture": "#2"},
				"up": {"uv": [11.25, 8.75, 10, 7.5], "texture": "#2"},
				"down": {"uv": [12.5, 7.5, 11.25, 8.75], "texture": "#2"}
			}
		},
		{
			"from": [11, 11, 16],
			"to": [16, 14, 16],
			"faces": {
				"north": {"uv": [10, 8.75, 11.25, 9.5], "texture": "#2"},
				"east": {"uv": [8.75, 8.75, 10, 9.5], "texture": "#2"},
				"south": {"uv": [12.5, 8.75, 13.75, 9.5], "texture": "#2"},
				"west": {"uv": [11.25, 8.75, 12.5, 9.5], "texture": "#2"},
				"up": {"uv": [11.25, 8.75, 10, 7.5], "texture": "#2"},
				"down": {"uv": [12.5, 7.5, 11.25, 8.75], "texture": "#2"}
			}
		},
		{
			"from": [16, 11, 11],
			"to": [16, 14, 16],
			"faces": {
				"north": {"uv": [10, 8.75, 11.25, 9.5], "texture": "#2"},
				"east": {"uv": [8.75, 8.75, 10, 9.5], "texture": "#2"},
				"south": {"uv": [12.5, 8.75, 13.75, 9.5], "texture": "#2"},
				"west": {"uv": [11.25, 8.75, 12.5, 9.5], "texture": "#2"},
				"up": {"uv": [11.25, 8.75, 10, 7.5], "texture": "#2"},
				"down": {"uv": [12.5, 7.5, 11.25, 8.75], "texture": "#2"}
			}
		},
		{
			"from": [10, 11, 13.5],
			"to": [17, 18, 13.5],
			"faces": {
				"north": {"uv": [9, 0, 10.75, 1.75], "texture": "#2"},
				"east": {"uv": [9, 0, 9, 1.75], "texture": "#2"},
				"south": {"uv": [10.75, 0, 12.5, 1.75], "texture": "#2"},
				"west": {"uv": [10.75, 0, 10.75, 1.75], "texture": "#2"},
				"up": {"uv": [10.75, 0, 9, 0], "texture": "#2"},
				"down": {"uv": [12.5, 0, 10.75, 0], "texture": "#2"}
			}
		},
		{
			"from": [11, 11, 11],
			"to": [11, 14, 16],
			"faces": {
				"north": {"uv": [10, 8.75, 11.25, 9.5], "texture": "#2"},
				"east": {"uv": [8.75, 8.75, 10, 9.5], "texture": "#2"},
				"south": {"uv": [12.5, 8.75, 13.75, 9.5], "texture": "#2"},
				"west": {"uv": [11.25, 8.75, 12.5, 9.5], "texture": "#2"},
				"up": {"uv": [11.25, 8.75, 10, 7.5], "texture": "#2"},
				"down": {"uv": [12.5, 7.5, 11.25, 8.75], "texture": "#2"}
			}
		},
		{
			"from": [11, 11, 11],
			"to": [16, 14, 11],
			"faces": {
				"north": {"uv": [10, 8.75, 11.25, 9.5], "texture": "#2"},
				"east": {"uv": [8.75, 8.75, 10, 9.5], "texture": "#2"},
				"south": {"uv": [12.5, 8.75, 13.75, 9.5], "texture": "#2"},
				"west": {"uv": [11.25, 8.75, 12.5, 9.5], "texture": "#2"},
				"up": {"uv": [11.25, 8.75, 10, 7.5], "texture": "#2"},
				"down": {"uv": [12.5, 7.5, 11.25, 8.75], "texture": "#2"}
			}
		},
		{
			"from": [0, 11, 16],
			"to": [5, 14, 16],
			"faces": {
				"north": {"uv": [10, 8.75, 11.25, 9.5], "texture": "#2"},
				"east": {"uv": [8.75, 8.75, 10, 9.5], "texture": "#2"},
				"south": {"uv": [12.5, 8.75, 13.75, 9.5], "texture": "#2"},
				"west": {"uv": [11.25, 8.75, 12.5, 9.5], "texture": "#2"},
				"up": {"uv": [11.25, 8.75, 10, 7.5], "texture": "#2"},
				"down": {"uv": [12.5, 7.5, 11.25, 8.75], "texture": "#2"}
			}
		},
		{
			"from": [5, 11, 11],
			"to": [5, 14, 16],
			"faces": {
				"north": {"uv": [10, 8.75, 11.25, 9.5], "texture": "#2"},
				"east": {"uv": [8.75, 8.75, 10, 9.5], "texture": "#2"},
				"south": {"uv": [12.5, 8.75, 13.75, 9.5], "texture": "#2"},
				"west": {"uv": [11.25, 8.75, 12.5, 9.5], "texture": "#2"},
				"up": {"uv": [11.25, 8.75, 10, 7.5], "texture": "#2"},
				"down": {"uv": [12.5, 7.5, 11.25, 8.75], "texture": "#2"}
			}
		},
		{
			"from": [-1, 11, 13.5],
			"to": [6, 18, 13.5],
			"faces": {
				"north": {"uv": [9, 0, 10.75, 1.75], "texture": "#2"},
				"east": {"uv": [9, 0, 9, 1.75], "texture": "#2"},
				"south": {"uv": [10.75, 0, 12.5, 1.75], "texture": "#2"},
				"west": {"uv": [10.75, 0, 10.75, 1.75], "texture": "#2"},
				"up": {"uv": [10.75, 0, 9, 0], "texture": "#2"},
				"down": {"uv": [12.5, 0, 10.75, 0], "texture": "#2"}
			}
		},
		{
			"from": [0, 11, 11],
			"to": [0, 14, 16],
			"faces": {
				"north": {"uv": [10, 8.75, 11.25, 9.5], "texture": "#2"},
				"east": {"uv": [8.75, 8.75, 10, 9.5], "texture": "#2"},
				"south": {"uv": [12.5, 8.75, 13.75, 9.5], "texture": "#2"},
				"west": {"uv": [11.25, 8.75, 12.5, 9.5], "texture": "#2"},
				"up": {"uv": [11.25, 8.75, 10, 7.5], "texture": "#2"},
				"down": {"uv": [12.5, 7.5, 11.25, 8.75], "texture": "#2"}
			}
		},
		{
			"from": [0, 11, 11],
			"to": [5, 14, 11],
			"faces": {
				"north": {"uv": [10, 8.75, 11.25, 9.5], "texture": "#2"},
				"east": {"uv": [8.75, 8.75, 10, 9.5], "texture": "#2"},
				"south": {"uv": [12.5, 8.75, 13.75, 9.5], "texture": "#2"},
				"west": {"uv": [11.25, 8.75, 12.5, 9.5], "texture": "#2"},
				"up": {"uv": [11.25, 8.75, 10, 7.5], "texture": "#2"},
				"down": {"uv": [12.5, 7.5, 11.25, 8.75], "texture": "#2"}
			}
		}
	],
	"display": {
		"thirdperson_righthand": {
			"rotation": [75, 45, 0],
			"translation": [0, 2.5, 0],
			"scale": [0.375, 0.375, 0.375]
		},
		"thirdperson_lefthand": {
			"rotation": [75, 45, 0],
			"translation": [0, 2.5, 0],
			"scale": [0.375, 0.375, 0.375]
		},
		"firstperson_righthand": {
			"rotation": [0, 121, 0],
			"translation": [0, 4, 0],
			"scale": [0.4, 0.4, 0.4]
		},
		"firstperson_lefthand": {
			"rotation": [0, 121, 0],
			"translation": [0, 4, 0],
			"scale": [0.4, 0.4, 0.4]
		},
		"ground": {
			"translation": [0, 3, 0],
			"scale": [0.61, 0.61, 0.61]
		},
		"gui": {
			"rotation": [30, 225, 0],
			"scale": [0.625, 0.625, 0.625]
		},
		"head": {
			"translation": [0, 12.25, 0],
			"scale": [0, 0, 0]
		},
		"fixed": {
			"rotation": [-90, 0, 0],
			"translation": [0, 0, -17.25],
			"scale": [2.25, 2.25, 2.25]
		}
	},
	"groups": [
		{
			"name": "sand_castle",
			"origin": [8, 8, 8],
			"color": 0,
			"children": [0, 1, 2, 3, 4, 5, 6, 7, 8, 9, 10, 11, 12, 13, 14, 15, 16, 17, 18, 19, 20, 21, 22, 23, 24, 25, 26, 27, 28, 29, 30, 31, 32, 33, 34]
		}
	]
}