{"model":{"type":"minecraft:composite","models":[{"type":"minecraft:composite","models":[{"type":"minecraft:select","property":"minecraft:custom_model_data","index":0,"fallback":{"type":"minecraft:empty"},"cases":[{"when":"chainmail","model":{"type":"minecraft:model","model":"bettermodel:armor/chainmail_left_arm","tints":[{"type":"minecraft:custom_model_data","index":0,"default":16777215}]}},{"when":"copper","model":{"type":"minecraft:model","model":"bettermodel:armor/copper_left_arm","tints":[{"type":"minecraft:custom_model_data","index":0,"default":16777215}]}},{"when":"diamond","model":{"type":"minecraft:model","model":"bettermodel:armor/diamond_left_arm","tints":[{"type":"minecraft:custom_model_data","index":0,"default":16777215}]}},{"when":"gold","model":{"type":"minecraft:model","model":"bettermodel:armor/gold_left_arm","tints":[{"type":"minecraft:custom_model_data","index":0,"default":16777215}]}},{"when":"iron","model":{"type":"minecraft:model","model":"bettermodel:armor/iron_left_arm","tints":[{"type":"minecraft:custom_model_data","index":0,"default":16777215}]}},{"when":"leather","model":{"type":"minecraft:model","model":"bettermodel:armor/leather_left_arm","tints":[{"type":"minecraft:custom_model_data","index":0,"default":16777215}]}},{"when":"netherite","model":{"type":"minecraft:model","model":"bettermodel:armor/netherite_left_arm","tints":[{"type":"minecraft:custom_model_data","index":0,"default":16777215}]}}]},{"type":"minecraft:select","property":"minecraft:custom_model_data","index":1,"fallback":{"type":"minecraft:empty"},"cases":[{"when":"bolt","model":{"type":"minecraft:composite","models":[{"type":"minecraft:model","model":"bettermodel:armor/bolt_left_arm_1","tints":[{"type":"minecraft:custom_model_data","index":1,"default":16777215}]},{"type":"minecraft:model","model":"bettermodel:armor/bolt_left_arm_2","tints":[{"type":"minecraft:custom_model_data","index":2,"default":16777215}]},{"type":"minecraft:model","model":"bettermodel:armor/bolt_left_arm_3","tints":[{"type":"minecraft:custom_model_data","index":3,"default":16777215}]},{"type":"minecraft:model","model":"bettermodel:armor/bolt_left_arm_4","tints":[{"type":"minecraft:custom_model_data","index":4,"default":16777215}]},{"type":"minecraft:model","model":"bettermodel:armor/bolt_left_arm_5","tints":[{"type":"minecraft:custom_model_data","index":5,"default":16777215}]},{"type":"minecraft:model","model":"bettermodel:armor/bolt_left_arm_6","tints":[{"type":"minecraft:custom_model_data","index":6,"default":16777215}]},{"type":"minecraft:model","model":"bettermodel:armor/bolt_left_arm_7","tints":[{"type":"minecraft:custom_model_data","index":7,"default":16777215}]},{"type":"minecraft:model","model":"bettermodel:armor/bolt_left_arm_8","tints":[{"type":"minecraft:custom_model_data","index":8,"default":16777215}]}]}},{"when":"coast","model":{"type":"minecraft:composite","models":[{"type":"minecraft:model","model":"bettermodel:armor/coast_left_arm_1","tints":[{"type":"minecraft:custom_model_data","index":1,"default":16777215}]},{"type":"minecraft:model","model":"bettermodel:armor/coast_left_arm_2","tints":[{"type":"minecraft:custom_model_data","index":2,"default":16777215}]},{"type":"minecraft:model","model":"bettermodel:armor/coast_left_arm_3","tints":[{"type":"minecraft:custom_model_data","index":3,"default":16777215}]},{"type":"minecraft:model","model":"bettermodel:armor/coast_left_arm_4","tints":[{"type":"minecraft:custom_model_data","index":4,"default":16777215}]},{"type":"minecraft:model","model":"bettermodel:armor/coast_left_arm_5","tints":[{"type":"minecraft:custom_model_data","index":5,"default":16777215}]},{"type":"minecraft:model","model":"bettermodel:armor/coast_left_arm_6","tints":[{"type":"minecraft:custom_model_data","index":6,"default":16777215}]},{"type":"minecraft:model","model":"bettermodel:armor/coast_left_arm_7","tints":[{"type":"minecraft:custom_model_data","index":7,"default":16777215}]},{"type":"minecraft:model","model":"bettermodel:armor/coast_left_arm_8","tints":[{"type":"minecraft:custom_model_data","index":8,"default":16777215}]}]}},{"when":"dune","model":{"type":"minecraft:composite","models":[{"type":"minecraft:model","model":"bettermodel:armor/dune_left_arm_1","tints":[{"type":"minecraft:custom_model_data","index":1,"default":16777215}]},{"type":"minecraft:model","model":"bettermodel:armor/dune_left_arm_2","tints":[{"type":"minecraft:custom_model_data","index":2,"default":16777215}]},{"type":"minecraft:model","model":"bettermodel:armor/dune_left_arm_3","tints":[{"type":"minecraft:custom_model_data","index":3,"default":16777215}]},{"type":"minecraft:model","model":"bettermodel:armor/dune_left_arm_4","tints":[{"type":"minecraft:custom_model_data","index":4,"default":16777215}]},{"type":"minecraft:model","model":"bettermodel:armor/dune_left_arm_5","tints":[{"type":"minecraft:custom_model_data","index":5,"default":16777215}]},{"type":"minecraft:model","model":"bettermodel:armor/dune_left_arm_6","tints":[{"type":"minecraft:custom_model_data","index":6,"default":16777215}]},{"type":"minecraft:model","model":"bettermodel:armor/dune_left_arm_7","tints":[{"type":"minecraft:custom_model_data","index":7,"default":16777215}]},{"type":"minecraft:model","model":"bettermodel:armor/dune_left_arm_8","tints":[{"type":"minecraft:custom_model_data","index":8,"default":16777215}]}]}},{"when":"eye","model":{"type":"minecraft:composite","models":[{"type":"minecraft:model","model":"bettermodel:armor/eye_left_arm_1","tints":[{"type":"minecraft:custom_model_data","index":1,"default":16777215}]},{"type":"minecraft:model","model":"bettermodel:armor/eye_left_arm_2","tints":[{"type":"minecraft:custom_model_data","index":2,"default":16777215}]},{"type":"minecraft:model","model":"bettermodel:armor/eye_left_arm_3","tints":[{"type":"minecraft:custom_model_data","index":3,"default":16777215}]},{"type":"minecraft:model","model":"bettermodel:armor/eye_left_arm_4","tints":[{"type":"minecraft:custom_model_data","index":4,"default":16777215}]},{"type":"minecraft:model","model":"bettermodel:armor/eye_left_arm_5","tints":[{"type":"minecraft:custom_model_data","index":5,"default":16777215}]},{"type":"minecraft:model","model":"bettermodel:armor/eye_left_arm_6","tints":[{"type":"minecraft:custom_model_data","index":6,"default":16777215}]},{"type":"minecraft:model","model":"bettermodel:armor/eye_left_arm_7","tints":[{"type":"minecraft:custom_model_data","index":7,"default":16777215}]},{"type":"minecraft:model","model":"bettermodel:armor/eye_left_arm_8","tints":[{"type":"minecraft:custom_model_data","index":8,"default":16777215}]}]}},{"when":"flow","model":{"type":"minecraft:composite","models":[{"type":"minecraft:model","model":"bettermodel:armor/flow_left_arm_1","tints":[{"type":"minecraft:custom_model_data","index":1,"default":16777215}]},{"type":"minecraft:model","model":"bettermodel:armor/flow_left_arm_2","tints":[{"type":"minecraft:custom_model_data","index":2,"default":16777215}]},{"type":"minecraft:model","model":"bettermodel:armor/flow_left_arm_3","tints":[{"type":"minecraft:custom_model_data","index":3,"default":16777215}]},{"type":"minecraft:model","model":"bettermodel:armor/flow_left_arm_4","tints":[{"type":"minecraft:custom_model_data","index":4,"default":16777215}]},{"type":"minecraft:model","model":"bettermodel:armor/flow_left_arm_5","tints":[{"type":"minecraft:custom_model_data","index":5,"default":16777215}]},{"type":"minecraft:model","model":"bettermodel:armor/flow_left_arm_6","tints":[{"type":"minecraft:custom_model_data","index":6,"default":16777215}]},{"type":"minecraft:model","model":"bettermodel:armor/flow_left_arm_7","tints":[{"type":"minecraft:custom_model_data","index":7,"default":16777215}]},{"type":"minecraft:model","model":"bettermodel:armor/flow_left_arm_8","tints":[{"type":"minecraft:custom_model_data","index":8,"default":16777215}]}]}},{"when":"host","model":{"type":"minecraft:composite","models":[{"type":"minecraft:model","model":"bettermodel:armor/host_left_arm_1","tints":[{"type":"minecraft:custom_model_data","index":1,"default":16777215}]},{"type":"minecraft:model","model":"bettermodel:armor/host_left_arm_2","tints":[{"type":"minecraft:custom_model_data","index":2,"default":16777215}]},{"type":"minecraft:model","model":"bettermodel:armor/host_left_arm_3","tints":[{"type":"minecraft:custom_model_data","index":3,"default":16777215}]},{"type":"minecraft:model","model":"bettermodel:armor/host_left_arm_4","tints":[{"type":"minecraft:custom_model_data","index":4,"default":16777215}]},{"type":"minecraft:model","model":"bettermodel:armor/host_left_arm_5","tints":[{"type":"minecraft:custom_model_data","index":5,"default":16777215}]},{"type":"minecraft:model","model":"bettermodel:armor/host_left_arm_6","tints":[{"type":"minecraft:custom_model_data","index":6,"default":16777215}]},{"type":"minecraft:model","model":"bettermodel:armor/host_left_arm_7","tints":[{"type":"minecraft:custom_model_data","index":7,"default":16777215}]},{"type":"minecraft:model","model":"bettermodel:armor/host_left_arm_8","tints":[{"type":"minecraft:custom_model_data","index":8,"default":16777215}]}]}},{"when":"raiser","model":{"type":"minecraft:composite","models":[{"type":"minecraft:model","model":"bettermodel:armor/raiser_left_arm_1","tints":[{"type":"minecraft:custom_model_data","index":1,"default":16777215}]},{"type":"minecraft:model","model":"bettermodel:armor/raiser_left_arm_2","tints":[{"type":"minecraft:custom_model_data","index":2,"default":16777215}]},{"type":"minecraft:model","model":"bettermodel:armor/raiser_left_arm_3","tints":[{"type":"minecraft:custom_model_data","index":3,"default":16777215}]},{"type":"minecraft:model","model":"bettermodel:armor/raiser_left_arm_4","tints":[{"type":"minecraft:custom_model_data","index":4,"default":16777215}]},{"type":"minecraft:model","model":"bettermodel:armor/raiser_left_arm_5","tints":[{"type":"minecraft:custom_model_data","index":5,"default":16777215}]},{"type":"minecraft:model","model":"bettermodel:armor/raiser_left_arm_6","tints":[{"type":"minecraft:custom_model_data","index":6,"default":16777215}]},{"type":"minecraft:model","model":"bettermodel:armor/raiser_left_arm_7","tints":[{"type":"minecraft:custom_model_data","index":7,"default":16777215}]},{"type":"minecraft:model","model":"bettermodel:armor/raiser_left_arm_8","tints":[{"type":"minecraft:custom_model_data","index":8,"default":16777215}]}]}},{"when":"rib","model":{"type":"minecraft:composite","models":[{"type":"minecraft:model","model":"bettermodel:armor/rib_left_arm_1","tints":[{"type":"minecraft:custom_model_data","index":1,"default":16777215}]},{"type":"minecraft:model","model":"bettermodel:armor/rib_left_arm_2","tints":[{"type":"minecraft:custom_model_data","index":2,"default":16777215}]},{"type":"minecraft:model","model":"bettermodel:armor/rib_left_arm_3","tints":[{"type":"minecraft:custom_model_data","index":3,"default":16777215}]},{"type":"minecraft:model","model":"bettermodel:armor/rib_left_arm_4","tints":[{"type":"minecraft:custom_model_data","index":4,"default":16777215}]},{"type":"minecraft:model","model":"bettermodel:armor/rib_left_arm_5","tints":[{"type":"minecraft:custom_model_data","index":5,"default":16777215}]},{"type":"minecraft:model","model":"bettermodel:armor/rib_left_arm_6","tints":[{"type":"minecraft:custom_model_data","index":6,"default":16777215}]},{"type":"minecraft:model","model":"bettermodel:armor/rib_left_arm_7","tints":[{"type":"minecraft:custom_model_data","index":7,"default":16777215}]},{"type":"minecraft:model","model":"bettermodel:armor/rib_left_arm_8","tints":[{"type":"minecraft:custom_model_data","index":8,"default":16777215}]}]}},{"when":"sentry","model":{"type":"minecraft:composite","models":[{"type":"minecraft:model","model":"bettermodel:armor/sentry_left_arm_1","tints":[{"type":"minecraft:custom_model_data","index":1,"default":16777215}]},{"type":"minecraft:model","model":"bettermodel:armor/sentry_left_arm_2","tints":[{"type":"minecraft:custom_model_data","index":2,"default":16777215}]},{"type":"minecraft:model","model":"bettermodel:armor/sentry_left_arm_3","tints":[{"type":"minecraft:custom_model_data","index":3,"default":16777215}]},{"type":"minecraft:model","model":"bettermodel:armor/sentry_left_arm_4","tints":[{"type":"minecraft:custom_model_data","index":4,"default":16777215}]},{"type":"minecraft:model","model":"bettermodel:armor/sentry_left_arm_5","tints":[{"type":"minecraft:custom_model_data","index":5,"default":16777215}]},{"type":"minecraft:model","model":"bettermodel:armor/sentry_left_arm_6","tints":[{"type":"minecraft:custom_model_data","index":6,"default":16777215}]},{"type":"minecraft:model","model":"bettermodel:armor/sentry_left_arm_7","tints":[{"type":"minecraft:custom_model_data","index":7,"default":16777215}]},{"type":"minecraft:model","model":"bettermodel:armor/sentry_left_arm_8","tints":[{"type":"minecraft:custom_model_data","index":8,"default":16777215}]}]}},{"when":"shaper","model":{"type":"minecraft:composite","models":[{"type":"minecraft:model","model":"bettermodel:armor/shaper_left_arm_1","tints":[{"type":"minecraft:custom_model_data","index":1,"default":16777215}]},{"type":"minecraft:model","model":"bettermodel:armor/shaper_left_arm_2","tints":[{"type":"minecraft:custom_model_data","index":2,"default":16777215}]},{"type":"minecraft:model","model":"bettermodel:armor/shaper_left_arm_3","tints":[{"type":"minecraft:custom_model_data","index":3,"default":16777215}]},{"type":"minecraft:model","model":"bettermodel:armor/shaper_left_arm_4","tints":[{"type":"minecraft:custom_model_data","index":4,"default":16777215}]},{"type":"minecraft:model","model":"bettermodel:armor/shaper_left_arm_5","tints":[{"type":"minecraft:custom_model_data","index":5,"default":16777215}]},{"type":"minecraft:model","model":"bettermodel:armor/shaper_left_arm_6","tints":[{"type":"minecraft:custom_model_data","index":6,"default":16777215}]},{"type":"minecraft:model","model":"bettermodel:armor/shaper_left_arm_7","tints":[{"type":"minecraft:custom_model_data","index":7,"default":16777215}]},{"type":"minecraft:model","model":"bettermodel:armor/shaper_left_arm_8","tints":[{"type":"minecraft:custom_model_data","index":8,"default":16777215}]}]}},{"when":"silence","model":{"type":"minecraft:composite","models":[{"type":"minecraft:model","model":"bettermodel:armor/silence_left_arm_1","tints":[{"type":"minecraft:custom_model_data","index":1,"default":16777215}]},{"type":"minecraft:model","model":"bettermodel:armor/silence_left_arm_2","tints":[{"type":"minecraft:custom_model_data","index":2,"default":16777215}]},{"type":"minecraft:model","model":"bettermodel:armor/silence_left_arm_3","tints":[{"type":"minecraft:custom_model_data","index":3,"default":16777215}]},{"type":"minecraft:model","model":"bettermodel:armor/silence_left_arm_4","tints":[{"type":"minecraft:custom_model_data","index":4,"default":16777215}]},{"type":"minecraft:model","model":"bettermodel:armor/silence_left_arm_5","tints":[{"type":"minecraft:custom_model_data","index":5,"default":16777215}]},{"type":"minecraft:model","model":"bettermodel:armor/silence_left_arm_6","tints":[{"type":"minecraft:custom_model_data","index":6,"default":16777215}]},{"type":"minecraft:model","model":"bettermodel:armor/silence_left_arm_7","tints":[{"type":"minecraft:custom_model_data","index":7,"default":16777215}]},{"type":"minecraft:model","model":"bettermodel:armor/silence_left_arm_8","tints":[{"type":"minecraft:custom_model_data","index":8,"default":16777215}]}]}},{"when":"snout","model":{"type":"minecraft:composite","models":[{"type":"minecraft:model","model":"bettermodel:armor/snout_left_arm_1","tints":[{"type":"minecraft:custom_model_data","index":1,"default":16777215}]},{"type":"minecraft:model","model":"bettermodel:armor/snout_left_arm_2","tints":[{"type":"minecraft:custom_model_data","index":2,"default":16777215}]},{"type":"minecraft:model","model":"bettermodel:armor/snout_left_arm_3","tints":[{"type":"minecraft:custom_model_data","index":3,"default":16777215}]},{"type":"minecraft:model","model":"bettermodel:armor/snout_left_arm_4","tints":[{"type":"minecraft:custom_model_data","index":4,"default":16777215}]},{"type":"minecraft:model","model":"bettermodel:armor/snout_left_arm_5","tints":[{"type":"minecraft:custom_model_data","index":5,"default":16777215}]},{"type":"minecraft:model","model":"bettermodel:armor/snout_left_arm_6","tints":[{"type":"minecraft:custom_model_data","index":6,"default":16777215}]},{"type":"minecraft:model","model":"bettermodel:armor/snout_left_arm_7","tints":[{"type":"minecraft:custom_model_data","index":7,"default":16777215}]},{"type":"minecraft:model","model":"bettermodel:armor/snout_left_arm_8","tints":[{"type":"minecraft:custom_model_data","index":8,"default":16777215}]}]}},{"when":"spire","model":{"type":"minecraft:composite","models":[{"type":"minecraft:model","model":"bettermodel:armor/spire_left_arm_1","tints":[{"type":"minecraft:custom_model_data","index":1,"default":16777215}]},{"type":"minecraft:model","model":"bettermodel:armor/spire_left_arm_2","tints":[{"type":"minecraft:custom_model_data","index":2,"default":16777215}]},{"type":"minecraft:model","model":"bettermodel:armor/spire_left_arm_3","tints":[{"type":"minecraft:custom_model_data","index":3,"default":16777215}]},{"type":"minecraft:model","model":"bettermodel:armor/spire_left_arm_4","tints":[{"type":"minecraft:custom_model_data","index":4,"default":16777215}]},{"type":"minecraft:model","model":"bettermodel:armor/spire_left_arm_5","tints":[{"type":"minecraft:custom_model_data","index":5,"default":16777215}]},{"type":"minecraft:model","model":"bettermodel:armor/spire_left_arm_6","tints":[{"type":"minecraft:custom_model_data","index":6,"default":16777215}]},{"type":"minecraft:model","model":"bettermodel:armor/spire_left_arm_7","tints":[{"type":"minecraft:custom_model_data","index":7,"default":16777215}]},{"type":"minecraft:model","model":"bettermodel:armor/spire_left_arm_8","tints":[{"type":"minecraft:custom_model_data","index":8,"default":16777215}]}]}},{"when":"tide","model":{"type":"minecraft:composite","models":[{"type":"minecraft:model","model":"bettermodel:armor/tide_left_arm_1","tints":[{"type":"minecraft:custom_model_data","index":1,"default":16777215}]},{"type":"minecraft:model","model":"bettermodel:armor/tide_left_arm_2","tints":[{"type":"minecraft:custom_model_data","index":2,"default":16777215}]},{"type":"minecraft:model","model":"bettermodel:armor/tide_left_arm_3","tints":[{"type":"minecraft:custom_model_data","index":3,"default":16777215}]},{"type":"minecraft:model","model":"bettermodel:armor/tide_left_arm_4","tints":[{"type":"minecraft:custom_model_data","index":4,"default":16777215}]},{"type":"minecraft:model","model":"bettermodel:armor/tide_left_arm_5","tints":[{"type":"minecraft:custom_model_data","index":5,"default":16777215}]},{"type":"minecraft:model","model":"bettermodel:armor/tide_left_arm_6","tints":[{"type":"minecraft:custom_model_data","index":6,"default":16777215}]},{"type":"minecraft:model","model":"bettermodel:armor/tide_left_arm_7","tints":[{"type":"minecraft:custom_model_data","index":7,"default":16777215}]},{"type":"minecraft:model","model":"bettermodel:armor/tide_left_arm_8","tints":[{"type":"minecraft:custom_model_data","index":8,"default":16777215}]}]}},{"when":"vex","model":{"type":"minecraft:composite","models":[{"type":"minecraft:model","model":"bettermodel:armor/vex_left_arm_1","tints":[{"type":"minecraft:custom_model_data","index":1,"default":16777215}]},{"type":"minecraft:model","model":"bettermodel:armor/vex_left_arm_2","tints":[{"type":"minecraft:custom_model_data","index":2,"default":16777215}]},{"type":"minecraft:model","model":"bettermodel:armor/vex_left_arm_3","tints":[{"type":"minecraft:custom_model_data","index":3,"default":16777215}]},{"type":"minecraft:model","model":"bettermodel:armor/vex_left_arm_4","tints":[{"type":"minecraft:custom_model_data","index":4,"default":16777215}]},{"type":"minecraft:model","model":"bettermodel:armor/vex_left_arm_5","tints":[{"type":"minecraft:custom_model_data","index":5,"default":16777215}]},{"type":"minecraft:model","model":"bettermodel:armor/vex_left_arm_6","tints":[{"type":"minecraft:custom_model_data","index":6,"default":16777215}]},{"type":"minecraft:model","model":"bettermodel:armor/vex_left_arm_7","tints":[{"type":"minecraft:custom_model_data","index":7,"default":16777215}]},{"type":"minecraft:model","model":"bettermodel:armor/vex_left_arm_8","tints":[{"type":"minecraft:custom_model_data","index":8,"default":16777215}]}]}},{"when":"ward","model":{"type":"minecraft:composite","models":[{"type":"minecraft:model","model":"bettermodel:armor/ward_left_arm_1","tints":[{"type":"minecraft:custom_model_data","index":1,"default":16777215}]},{"type":"minecraft:model","model":"bettermodel:armor/ward_left_arm_2","tints":[{"type":"minecraft:custom_model_data","index":2,"default":16777215}]},{"type":"minecraft:model","model":"bettermodel:armor/ward_left_arm_3","tints":[{"type":"minecraft:custom_model_data","index":3,"default":16777215}]},{"type":"minecraft:model","model":"bettermodel:armor/ward_left_arm_4","tints":[{"type":"minecraft:custom_model_data","index":4,"default":16777215}]},{"type":"minecraft:model","model":"bettermodel:armor/ward_left_arm_5","tints":[{"type":"minecraft:custom_model_data","index":5,"default":16777215}]},{"type":"minecraft:model","model":"bettermodel:armor/ward_left_arm_6","tints":[{"type":"minecraft:custom_model_data","index":6,"default":16777215}]},{"type":"minecraft:model","model":"bettermodel:armor/ward_left_arm_7","tints":[{"type":"minecraft:custom_model_data","index":7,"default":16777215}]},{"type":"minecraft:model","model":"bettermodel:armor/ward_left_arm_8","tints":[{"type":"minecraft:custom_model_data","index":8,"default":16777215}]}]}},{"when":"wayfinder","model":{"type":"minecraft:composite","models":[{"type":"minecraft:model","model":"bettermodel:armor/wayfinder_left_arm_1","tints":[{"type":"minecraft:custom_model_data","index":1,"default":16777215}]},{"type":"minecraft:model","model":"bettermodel:armor/wayfinder_left_arm_2","tints":[{"type":"minecraft:custom_model_data","index":2,"default":16777215}]},{"type":"minecraft:model","model":"bettermodel:armor/wayfinder_left_arm_3","tints":[{"type":"minecraft:custom_model_data","index":3,"default":16777215}]},{"type":"minecraft:model","model":"bettermodel:armor/wayfinder_left_arm_4","tints":[{"type":"minecraft:custom_model_data","index":4,"default":16777215}]},{"type":"minecraft:model","model":"bettermodel:armor/wayfinder_left_arm_5","tints":[{"type":"minecraft:custom_model_data","index":5,"default":16777215}]},{"type":"minecraft:model","model":"bettermodel:armor/wayfinder_left_arm_6","tints":[{"type":"minecraft:custom_model_data","index":6,"default":16777215}]},{"type":"minecraft:model","model":"bettermodel:armor/wayfinder_left_arm_7","tints":[{"type":"minecraft:custom_model_data","index":7,"default":16777215}]},{"type":"minecraft:model","model":"bettermodel:armor/wayfinder_left_arm_8","tints":[{"type":"minecraft:custom_model_data","index":8,"default":16777215}]}]}},{"when":"wild","model":{"type":"minecraft:composite","models":[{"type":"minecraft:model","model":"bettermodel:armor/wild_left_arm_1","tints":[{"type":"minecraft:custom_model_data","index":1,"default":16777215}]},{"type":"minecraft:model","model":"bettermodel:armor/wild_left_arm_2","tints":[{"type":"minecraft:custom_model_data","index":2,"default":16777215}]},{"type":"minecraft:model","model":"bettermodel:armor/wild_left_arm_3","tints":[{"type":"minecraft:custom_model_data","index":3,"default":16777215}]},{"type":"minecraft:model","model":"bettermodel:armor/wild_left_arm_4","tints":[{"type":"minecraft:custom_model_data","index":4,"default":16777215}]},{"type":"minecraft:model","model":"bettermodel:armor/wild_left_arm_5","tints":[{"type":"minecraft:custom_model_data","index":5,"default":16777215}]},{"type":"minecraft:model","model":"bettermodel:armor/wild_left_arm_6","tints":[{"type":"minecraft:custom_model_data","index":6,"default":16777215}]},{"type":"minecraft:model","model":"bettermodel:armor/wild_left_arm_7","tints":[{"type":"minecraft:custom_model_data","index":7,"default":16777215}]},{"type":"minecraft:model","model":"bettermodel:armor/wild_left_arm_8","tints":[{"type":"minecraft:custom_model_data","index":8,"default":16777215}]}]}}]}]},{"type":"model","model":"bettermodel:player_limb/left_slim_arm_0","tints":[{"type":"minecraft:custom_model_data","index":9,"default":0},{"type":"minecraft:custom_model_data","index":10,"default":0},{"type":"minecraft:custom_model_data","index":11,"default":0},{"type":"minecraft:custom_model_data","index":12,"default":0},{"type":"minecraft:custom_model_data","index":13,"default":0},{"type":"minecraft:custom_model_data","index":14,"default":0},{"type":"minecraft:custom_model_data","index":15,"default":0},{"type":"minecraft:custom_model_data","index":16,"default":0},{"type":"minecraft:custom_model_data","index":17,"default":0},{"type":"minecraft:custom_model_data","index":18,"default":0},{"type":"minecraft:custom_model_data","index":19,"default":0},{"type":"minecraft:custom_model_data","index":20,"default":0},{"type":"minecraft:custom_model_data","index":21,"default":0},{"type":"minecraft:custom_model_data","index":22,"default":0},{"type":"minecraft:custom_model_data","index":23,"default":0},{"type":"minecraft:custom_model_data","index":24,"default":0},{"type":"minecraft:custom_model_data","index":25,"default":0},{"type":"minecraft:custom_model_data","index":26,"default":0},{"type":"minecraft:custom_model_data","index":27,"default":0},{"type":"minecraft:custom_model_data","index":28,"default":0},{"type":"minecraft:custom_model_data","index":29,"default":0},{"type":"minecraft:custom_model_data","index":30,"default":0},{"type":"minecraft:custom_model_data","index":31,"default":0},{"type":"minecraft:custom_model_data","index":32,"default":0},{"type":"minecraft:custom_model_data","index":33,"default":0},{"type":"minecraft:custom_model_data","index":34,"default":0},{"type":"minecraft:custom_model_data","index":35,"default":0},{"type":"minecraft:custom_model_data","index":36,"default":0},{"type":"minecraft:custom_model_data","index":37,"default":0},{"type":"minecraft:custom_model_data","index":38,"default":0},{"type":"minecraft:custom_model_data","index":39,"default":0},{"type":"minecraft:custom_model_data","index":40,"default":0},{"type":"minecraft:custom_model_data","index":41,"default":0},{"type":"minecraft:custom_model_data","index":42,"default":0},{"type":"minecraft:custom_model_data","index":43,"default":0},{"type":"minecraft:custom_model_data","index":44,"default":0},{"type":"minecraft:custom_model_data","index":45,"default":0},{"type":"minecraft:custom_model_data","index":46,"default":0},{"type":"minecraft:custom_model_data","index":47,"default":0},{"type":"minecraft:custom_model_data","index":48,"default":0},{"type":"minecraft:custom_model_data","index":49,"default":0},{"type":"minecraft:custom_model_data","index":50,"default":0},{"type":"minecraft:custom_model_data","index":51,"default":0},{"type":"minecraft:custom_model_data","index":52,"default":0},{"type":"minecraft:custom_model_data","index":53,"default":0},{"type":"minecraft:custom_model_data","index":54,"default":0},{"type":"minecraft:custom_model_data","index":55,"default":0},{"type":"minecraft:custom_model_data","index":56,"default":0},{"type":"minecraft:custom_model_data","index":57,"default":0},{"type":"minecraft:custom_model_data","index":58,"default":0},{"type":"minecraft:custom_model_data","index":59,"default":0},{"type":"minecraft:custom_model_data","index":60,"default":0},{"type":"minecraft:custom_model_data","index":61,"default":0},{"type":"minecraft:custom_model_data","index":62,"default":0},{"type":"minecraft:custom_model_data","index":63,"default":0},{"type":"minecraft:custom_model_data","index":64,"default":0},{"type":"minecraft:custom_model_data","index":65,"default":0},{"type":"minecraft:custom_model_data","index":66,"default":0},{"type":"minecraft:custom_model_data","index":67,"default":0},{"type":"minecraft:custom_model_data","index":68,"default":0},{"type":"minecraft:custom_model_data","index":69,"default":0},{"type":"minecraft:custom_model_data","index":70,"default":0},{"type":"minecraft:custom_model_data","index":71,"default":0},{"type":"minecraft:custom_model_data","index":72,"default":0},{"type":"minecraft:custom_model_data","index":73,"default":0},{"type":"minecraft:custom_model_data","index":74,"default":0},{"type":"minecraft:custom_model_data","index":75,"default":0},{"type":"minecraft:custom_model_data","index":76,"default":0},{"type":"minecraft:custom_model_data","index":77,"default":0},{"type":"minecraft:custom_model_data","index":78,"default":0},{"type":"minecraft:custom_model_data","index":79,"default":0},{"type":"minecraft:custom_model_data","index":80,"default":0},{"type":"minecraft:custom_model_data","index":81,"default":0},{"type":"minecraft:custom_model_data","index":82,"default":0},{"type":"minecraft:custom_model_data","index":83,"default":0},{"type":"minecraft:custom_model_data","index":84,"default":0},{"type":"minecraft:custom_model_data","index":85,"default":0},{"type":"minecraft:custom_model_data","index":86,"default":0},{"type":"minecraft:custom_model_data","index":87,"default":0},{"type":"minecraft:custom_model_data","index":88,"default":0},{"type":"minecraft:custom_model_data","index":89,"default":0},{"type":"minecraft:custom_model_data","index":90,"default":0},{"type":"minecraft:custom_model_data","index":91,"default":0},{"type":"minecraft:custom_model_data","index":92,"default":0},{"type":"minecraft:custom_model_data","index":93,"default":0},{"type":"minecraft:custom_model_data","index":94,"default":0},{"type":"minecraft:custom_model_data","index":95,"default":0},{"type":"minecraft:custom_model_data","index":96,"default":0},{"type":"minecraft:custom_model_data","index":97,"default":0},{"type":"minecraft:custom_model_data","index":98,"default":0},{"type":"minecraft:custom_model_data","index":99,"default":0},{"type":"minecraft:custom_model_data","index":100,"default":0},{"type":"minecraft:custom_model_data","index":101,"default":0},{"type":"minecraft:custom_model_data","index":102,"default":0},{"type":"minecraft:custom_model_data","index":103,"default":0},{"type":"minecraft:custom_model_data","index":104,"default":0}]},{"type":"minecraft:condition","property":"minecraft:custom_model_data","index":0,"on_true":{"type":"model","model":"bettermodel:player_limb/left_slim_arm_1","tints":[{"type":"minecraft:custom_model_data","index":105,"default":0}]},"on_false":{"type":"empty"}},{"type":"minecraft:condition","property":"minecraft:custom_model_data","index":1,"on_true":{"type":"model","model":"bettermodel:player_limb/left_slim_arm_2","tints":[{"type":"minecraft:custom_model_data","index":106,"default":0}]},"on_false":{"type":"empty"}},{"type":"minecraft:condition","property":"minecraft:custom_model_data","index":2,"on_true":{"type":"model","model":"bettermodel:player_limb/left_slim_arm_3","tints":[{"type":"minecraft:custom_model_data","index":107,"default":0}]},"on_false":{"type":"empty"}},{"type":"minecraft:condition","property":"minecraft:custom_model_data","index":3,"on_true":{"type":"model","model":"bettermodel:player_limb/left_slim_arm_4","tints":[{"type":"minecraft:custom_model_data","index":108,"default":0}]},"on_false":{"type":"empty"}},{"type":"minecraft:condition","property":"minecraft:custom_model_data","index":4,"on_true":{"type":"model","model":"bettermodel:player_limb/left_slim_arm_5","tints":[{"type":"minecraft:custom_model_data","index":109,"default":0}]},"on_false":{"type":"empty"}},{"type":"minecraft:condition","property":"minecraft:custom_model_data","index":5,"on_true":{"type":"model","model":"bettermodel:player_limb/left_slim_arm_6","tints":[{"type":"minecraft:custom_model_data","index":110,"default":0}]},"on_false":{"type":"empty"}},{"type":"minecraft:condition","property":"minecraft:custom_model_data","index":6,"on_true":{"type":"model","model":"bettermodel:player_limb/left_slim_arm_7","tints":[{"type":"minecraft:custom_model_data","index":111,"default":0}]},"on_false":{"type":"empty"}},{"type":"minecraft:condition","property":"minecraft:custom_model_data","index":7,"on_true":{"type":"model","model":"bettermodel:player_limb/left_slim_arm_8","tints":[{"type":"minecraft:custom_model_data","index":112,"default":0}]},"on_false":{"type":"empty"}},{"type":"minecraft:condition","property":"minecraft:custom_model_data","index":8,"on_true":{"type":"model","model":"bettermodel:player_limb/left_slim_arm_9","tints":[{"type":"minecraft:custom_model_data","index":113,"default":0}]},"on_false":{"type":"empty"}},{"type":"minecraft:condition","property":"minecraft:custom_model_data","index":9,"on_true":{"type":"model","model":"bettermodel:player_limb/left_slim_arm_10","tints":[{"type":"minecraft:custom_model_data","index":114,"default":0}]},"on_false":{"type":"empty"}},{"type":"minecraft:condition","property":"minecraft:custom_model_data","index":10,"on_true":{"type":"model","model":"bettermodel:player_limb/left_slim_arm_11","tints":[{"type":"minecraft:custom_model_data","index":115,"default":0}]},"on_false":{"type":"empty"}},{"type":"minecraft:condition","property":"minecraft:custom_model_data","index":11,"on_true":{"type":"model","model":"bettermodel:player_limb/left_slim_arm_12","tints":[{"type":"minecraft:custom_model_data","index":116,"default":0}]},"on_false":{"type":"empty"}},{"type":"minecraft:condition","property":"minecraft:custom_model_data","index":12,"on_true":{"type":"model","model":"bettermodel:player_limb/left_slim_arm_13","tints":[{"type":"minecraft:custom_model_data","index":117,"default":0}]},"on_false":{"type":"empty"}},{"type":"minecraft:condition","property":"minecraft:custom_model_data","index":13,"on_true":{"type":"model","model":"bettermodel:player_limb/left_slim_arm_14","tints":[{"type":"minecraft:custom_model_data","index":118,"default":0}]},"on_false":{"type":"empty"}},{"type":"minecraft:condition","property":"minecraft:custom_model_data","index":14,"on_true":{"type":"model","model":"bettermodel:player_limb/left_slim_arm_15","tints":[{"type":"minecraft:custom_model_data","index":119,"default":0}]},"on_false":{"type":"empty"}},{"type":"minecraft:condition","property":"minecraft:custom_model_data","index":15,"on_true":{"type":"model","model":"bettermodel:player_limb/left_slim_arm_16","tints":[{"type":"minecraft:custom_model_data","index":120,"default":0}]},"on_false":{"type":"empty"}},{"type":"minecraft:condition","property":"minecraft:custom_model_data","index":16,"on_true":{"type":"model","model":"bettermodel:player_limb/left_slim_arm_17","tints":[{"type":"minecraft:custom_model_data","index":121,"default":0}]},"on_false":{"type":"empty"}},{"type":"minecraft:condition","property":"minecraft:custom_model_data","index":17,"on_true":{"type":"model","model":"bettermodel:player_limb/left_slim_arm_18","tints":[{"type":"minecraft:custom_model_data","index":122,"default":0}]},"on_false":{"type":"empty"}},{"type":"minecraft:condition","property":"minecraft:custom_model_data","index":18,"on_true":{"type":"model","model":"bettermodel:player_limb/left_slim_arm_19","tints":[{"type":"minecraft:custom_model_data","index":123,"default":0}]},"on_false":{"type":"empty"}},{"type":"minecraft:condition","property":"minecraft:custom_model_data","index":19,"on_true":{"type":"model","model":"bettermodel:player_limb/left_slim_arm_20","tints":[{"type":"minecraft:custom_model_data","index":124,"default":0}]},"on_false":{"type":"empty"}},{"type":"minecraft:condition","property":"minecraft:custom_model_data","index":20,"on_true":{"type":"model","model":"bettermodel:player_limb/left_slim_arm_21","tints":[{"type":"minecraft:custom_model_data","index":125,"default":0}]},"on_false":{"type":"empty"}},{"type":"minecraft:condition","property":"minecraft:custom_model_data","index":21,"on_true":{"type":"model","model":"bettermodel:player_limb/left_slim_arm_22","tints":[{"type":"minecraft:custom_model_data","index":126,"default":0}]},"on_false":{"type":"empty"}},{"type":"minecraft:condition","property":"minecraft:custom_model_data","index":22,"on_true":{"type":"model","model":"bettermodel:player_limb/left_slim_arm_23","tints":[{"type":"minecraft:custom_model_data","index":127,"default":0}]},"on_false":{"type":"empty"}},{"type":"minecraft:condition","property":"minecraft:custom_model_data","index":23,"on_true":{"type":"model","model":"bettermodel:player_limb/left_slim_arm_24","tints":[{"type":"minecraft:custom_model_data","index":128,"default":0}]},"on_false":{"type":"empty"}},{"type":"minecraft:condition","property":"minecraft:custom_model_data","index":24,"on_true":{"type":"model","model":"bettermodel:player_limb/left_slim_arm_25","tints":[{"type":"minecraft:custom_model_data","index":129,"default":0}]},"on_false":{"type":"empty"}},{"type":"minecraft:condition","property":"minecraft:custom_model_data","index":25,"on_true":{"type":"model","model":"bettermodel:player_limb/left_slim_arm_26","tints":[{"type":"minecraft:custom_model_data","index":130,"default":0}]},"on_false":{"type":"empty"}},{"type":"minecraft:condition","property":"minecraft:custom_model_data","index":26,"on_true":{"type":"model","model":"bettermodel:player_limb/left_slim_arm_27","tints":[{"type":"minecraft:custom_model_data","index":131,"default":0}]},"on_false":{"type":"empty"}},{"type":"minecraft:condition","property":"minecraft:custom_model_data","index":27,"on_true":{"type":"model","model":"bettermodel:player_limb/left_slim_arm_28","tints":[{"type":"minecraft:custom_model_data","index":132,"default":0}]},"on_false":{"type":"empty"}},{"type":"minecraft:condition","property":"minecraft:custom_model_data","index":28,"on_true":{"type":"model","model":"bettermodel:player_limb/left_slim_arm_29","tints":[{"type":"minecraft:custom_model_data","index":133,"default":0}]},"on_false":{"type":"empty"}},{"type":"minecraft:condition","property":"minecraft:custom_model_data","index":29,"on_true":{"type":"model","model":"bettermodel:player_limb/left_slim_arm_30","tints":[{"type":"minecraft:custom_model_data","index":134,"default":0}]},"on_false":{"type":"empty"}},{"type":"minecraft:condition","property":"minecraft:custom_model_data","index":30,"on_true":{"type":"model","model":"bettermodel:player_limb/left_slim_arm_31","tints":[{"type":"minecraft:custom_model_data","index":135,"default":0}]},"on_false":{"type":"empty"}},{"type":"minecraft:condition","property":"minecraft:custom_model_data","index":31,"on_true":{"type":"model","model":"bettermodel:player_limb/left_slim_arm_32","tints":[{"type":"minecraft:custom_model_data","index":136,"default":0}]},"on_false":{"type":"empty"}},{"type":"minecraft:condition","property":"minecraft:custom_model_data","index":32,"on_true":{"type":"model","model":"bettermodel:player_limb/left_slim_arm_33","tints":[{"type":"minecraft:custom_model_data","index":137,"default":0}]},"on_false":{"type":"empty"}},{"type":"minecraft:condition","property":"minecraft:custom_model_data","index":33,"on_true":{"type":"model","model":"bettermodel:player_limb/left_slim_arm_34","tints":[{"type":"minecraft:custom_model_data","index":138,"default":0}]},"on_false":{"type":"empty"}},{"type":"minecraft:condition","property":"minecraft:custom_model_data","index":34,"on_true":{"type":"model","model":"bettermodel:player_limb/left_slim_arm_35","tints":[{"type":"minecraft:custom_model_data","index":139,"default":0}]},"on_false":{"type":"empty"}},{"type":"minecraft:condition","property":"minecraft:custom_model_data","index":35,"on_true":{"type":"model","model":"bettermodel:player_limb/left_slim_arm_36","tints":[{"type":"minecraft:custom_model_data","index":140,"default":0}]},"on_false":{"type":"empty"}},{"type":"minecraft:condition","property":"minecraft:custom_model_data","index":36,"on_true":{"type":"model","model":"bettermodel:player_limb/left_slim_arm_37","tints":[{"type":"minecraft:custom_model_data","index":141,"default":0}]},"on_false":{"type":"empty"}},{"type":"minecraft:condition","property":"minecraft:custom_model_data","index":37,"on_true":{"type":"model","model":"bettermodel:player_limb/left_slim_arm_38","tints":[{"type":"minecraft:custom_model_data","index":142,"default":0}]},"on_false":{"type":"empty"}},{"type":"minecraft:condition","property":"minecraft:custom_model_data","index":38,"on_true":{"type":"model","model":"bettermodel:player_limb/left_slim_arm_39","tints":[{"type":"minecraft:custom_model_data","index":143,"default":0}]},"on_false":{"type":"empty"}},{"type":"minecraft:condition","property":"minecraft:custom_model_data","index":39,"on_true":{"type":"model","model":"bettermodel:player_limb/left_slim_arm_40","tints":[{"type":"minecraft:custom_model_data","index":144,"default":0}]},"on_false":{"type":"empty"}},{"type":"minecraft:condition","property":"minecraft:custom_model_data","index":40,"on_true":{"type":"model","model":"bettermodel:player_limb/left_slim_arm_41","tints":[{"type":"minecraft:custom_model_data","index":145,"default":0}]},"on_false":{"type":"empty"}},{"type":"minecraft:condition","property":"minecraft:custom_model_data","index":41,"on_true":{"type":"model","model":"bettermodel:player_limb/left_slim_arm_42","tints":[{"type":"minecraft:custom_model_data","index":146,"default":0}]},"on_false":{"type":"empty"}},{"type":"minecraft:condition","property":"minecraft:custom_model_data","index":42,"on_true":{"type":"model","model":"bettermodel:player_limb/left_slim_arm_43","tints":[{"type":"minecraft:custom_model_data","index":147,"default":0}]},"on_false":{"type":"empty"}},{"type":"minecraft:condition","property":"minecraft:custom_model_data","index":43,"on_true":{"type":"model","model":"bettermodel:player_limb/left_slim_arm_44","tints":[{"type":"minecraft:custom_model_data","index":148,"default":0}]},"on_false":{"type":"empty"}},{"type":"minecraft:condition","property":"minecraft:custom_model_data","index":44,"on_true":{"type":"model","model":"bettermodel:player_limb/left_slim_arm_45","tints":[{"type":"minecraft:custom_model_data","index":149,"default":0}]},"on_false":{"type":"empty"}},{"type":"minecraft:condition","property":"minecraft:custom_model_data","index":45,"on_true":{"type":"model","model":"bettermodel:player_limb/left_slim_arm_46","tints":[{"type":"minecraft:custom_model_data","index":150,"default":0}]},"on_false":{"type":"empty"}},{"type":"minecraft:condition","property":"minecraft:custom_model_data","index":46,"on_true":{"type":"model","model":"bettermodel:player_limb/left_slim_arm_47","tints":[{"type":"minecraft:custom_model_data","index":151,"default":0}]},"on_false":{"type":"empty"}},{"type":"minecraft:condition","property":"minecraft:custom_model_data","index":47,"on_true":{"type":"model","model":"bettermodel:player_limb/left_slim_arm_48","tints":[{"type":"minecraft:custom_model_data","index":152,"default":0}]},"on_false":{"type":"empty"}},{"type":"minecraft:condition","property":"minecraft:custom_model_data","index":48,"on_true":{"type":"model","model":"bettermodel:player_limb/left_slim_arm_49","tints":[{"type":"minecraft:custom_model_data","index":153,"default":0}]},"on_false":{"type":"empty"}},{"type":"minecraft:condition","property":"minecraft:custom_model_data","index":49,"on_true":{"type":"model","model":"bettermodel:player_limb/left_slim_arm_50","tints":[{"type":"minecraft:custom_model_data","index":154,"default":0}]},"on_false":{"type":"empty"}},{"type":"minecraft:condition","property":"minecraft:custom_model_data","index":50,"on_true":{"type":"model","model":"bettermodel:player_limb/left_slim_arm_51","tints":[{"type":"minecraft:custom_model_data","index":155,"default":0}]},"on_false":{"type":"empty"}},{"type":"minecraft:condition","property":"minecraft:custom_model_data","index":51,"on_true":{"type":"model","model":"bettermodel:player_limb/left_slim_arm_52","tints":[{"type":"minecraft:custom_model_data","index":156,"default":0}]},"on_false":{"type":"empty"}},{"type":"minecraft:condition","property":"minecraft:custom_model_data","index":52,"on_true":{"type":"model","model":"bettermodel:player_limb/left_slim_arm_53","tints":[{"type":"minecraft:custom_model_data","index":157,"default":0}]},"on_false":{"type":"empty"}},{"type":"minecraft:condition","property":"minecraft:custom_model_data","index":53,"on_true":{"type":"model","model":"bettermodel:player_limb/left_slim_arm_54","tints":[{"type":"minecraft:custom_model_data","index":158,"default":0}]},"on_false":{"type":"empty"}},{"type":"minecraft:condition","property":"minecraft:custom_model_data","index":54,"on_true":{"type":"model","model":"bettermodel:player_limb/left_slim_arm_55","tints":[{"type":"minecraft:custom_model_data","index":159,"default":0}]},"on_false":{"type":"empty"}},{"type":"minecraft:condition","property":"minecraft:custom_model_data","index":55,"on_true":{"type":"model","model":"bettermodel:player_limb/left_slim_arm_56","tints":[{"type":"minecraft:custom_model_data","index":160,"default":0}]},"on_false":{"type":"empty"}},{"type":"minecraft:condition","property":"minecraft:custom_model_data","index":56,"on_true":{"type":"model","model":"bettermodel:player_limb/left_slim_arm_57","tints":[{"type":"minecraft:custom_model_data","index":161,"default":0}]},"on_false":{"type":"empty"}},{"type":"minecraft:condition","property":"minecraft:custom_model_data","index":57,"on_true":{"type":"model","model":"bettermodel:player_limb/left_slim_arm_58","tints":[{"type":"minecraft:custom_model_data","index":162,"default":0}]},"on_false":{"type":"empty"}},{"type":"minecraft:condition","property":"minecraft:custom_model_data","index":58,"on_true":{"type":"model","model":"bettermodel:player_limb/left_slim_arm_59","tints":[{"type":"minecraft:custom_model_data","index":163,"default":0}]},"on_false":{"type":"empty"}},{"type":"minecraft:condition","property":"minecraft:custom_model_data","index":59,"on_true":{"type":"model","model":"bettermodel:player_limb/left_slim_arm_60","tints":[{"type":"minecraft:custom_model_data","index":164,"default":0}]},"on_false":{"type":"empty"}},{"type":"minecraft:condition","property":"minecraft:custom_model_data","index":60,"on_true":{"type":"model","model":"bettermodel:player_limb/left_slim_arm_61","tints":[{"type":"minecraft:custom_model_data","index":165,"default":0}]},"on_false":{"type":"empty"}},{"type":"minecraft:condition","property":"minecraft:custom_model_data","index":61,"on_true":{"type":"model","model":"bettermodel:player_limb/left_slim_arm_62","tints":[{"type":"minecraft:custom_model_data","index":166,"default":0}]},"on_false":{"type":"empty"}},{"type":"minecraft:condition","property":"minecraft:custom_model_data","index":62,"on_true":{"type":"model","model":"bettermodel:player_limb/left_slim_arm_63","tints":[{"type":"minecraft:custom_model_data","index":167,"default":0}]},"on_false":{"type":"empty"}},{"type":"minecraft:condition","property":"minecraft:custom_model_data","index":63,"on_true":{"type":"model","model":"bettermodel:player_limb/left_slim_arm_64","tints":[{"type":"minecraft:custom_model_data","index":168,"default":0}]},"on_false":{"type":"empty"}},{"type":"minecraft:condition","property":"minecraft:custom_model_data","index":64,"on_true":{"type":"model","model":"bettermodel:player_limb/left_slim_arm_65","tints":[{"type":"minecraft:custom_model_data","index":169,"default":0}]},"on_false":{"type":"empty"}},{"type":"minecraft:condition","property":"minecraft:custom_model_data","index":65,"on_true":{"type":"model","model":"bettermodel:player_limb/left_slim_arm_66","tints":[{"type":"minecraft:custom_model_data","index":170,"default":0}]},"on_false":{"type":"empty"}},{"type":"minecraft:condition","property":"minecraft:custom_model_data","index":66,"on_true":{"type":"model","model":"bettermodel:player_limb/left_slim_arm_67","tints":[{"type":"minecraft:custom_model_data","index":171,"default":0}]},"on_false":{"type":"empty"}},{"type":"minecraft:condition","property":"minecraft:custom_model_data","index":67,"on_true":{"type":"model","model":"bettermodel:player_limb/left_slim_arm_68","tints":[{"type":"minecraft:custom_model_data","index":172,"default":0}]},"on_false":{"type":"empty"}},{"type":"minecraft:condition","property":"minecraft:custom_model_data","index":68,"on_true":{"type":"model","model":"bettermodel:player_limb/left_slim_arm_69","tints":[{"type":"minecraft:custom_model_data","index":173,"default":0}]},"on_false":{"type":"empty"}},{"type":"minecraft:condition","property":"minecraft:custom_model_data","index":69,"on_true":{"type":"model","model":"bettermodel:player_limb/left_slim_arm_70","tints":[{"type":"minecraft:custom_model_data","index":174,"default":0}]},"on_false":{"type":"empty"}},{"type":"minecraft:condition","property":"minecraft:custom_model_data","index":70,"on_true":{"type":"model","model":"bettermodel:player_limb/left_slim_arm_71","tints":[{"type":"minecraft:custom_model_data","index":175,"default":0}]},"on_false":{"type":"empty"}},{"type":"minecraft:condition","property":"minecraft:custom_model_data","index":71,"on_true":{"type":"model","model":"bettermodel:player_limb/left_slim_arm_72","tints":[{"type":"minecraft:custom_model_data","index":176,"default":0}]},"on_false":{"type":"empty"}},{"type":"minecraft:condition","property":"minecraft:custom_model_data","index":72,"on_true":{"type":"model","model":"bettermodel:player_limb/left_slim_arm_73","tints":[{"type":"minecraft:custom_model_data","index":177,"default":0}]},"on_false":{"type":"empty"}},{"type":"minecraft:condition","property":"minecraft:custom_model_data","index":73,"on_true":{"type":"model","model":"bettermodel:player_limb/left_slim_arm_74","tints":[{"type":"minecraft:custom_model_data","index":178,"default":0}]},"on_false":{"type":"empty"}},{"type":"minecraft:condition","property":"minecraft:custom_model_data","index":74,"on_true":{"type":"model","model":"bettermodel:player_limb/left_slim_arm_75","tints":[{"type":"minecraft:custom_model_data","index":179,"default":0}]},"on_false":{"type":"empty"}},{"type":"minecraft:condition","property":"minecraft:custom_model_data","index":75,"on_true":{"type":"model","model":"bettermodel:player_limb/left_slim_arm_76","tints":[{"type":"minecraft:custom_model_data","index":180,"default":0}]},"on_false":{"type":"empty"}},{"type":"minecraft:condition","property":"minecraft:custom_model_data","index":76,"on_true":{"type":"model","model":"bettermodel:player_limb/left_slim_arm_77","tints":[{"type":"minecraft:custom_model_data","index":181,"default":0}]},"on_false":{"type":"empty"}},{"type":"minecraft:condition","property":"minecraft:custom_model_data","index":77,"on_true":{"type":"model","model":"bettermodel:player_limb/left_slim_arm_78","tints":[{"type":"minecraft:custom_model_data","index":182,"default":0}]},"on_false":{"type":"empty"}},{"type":"minecraft:condition","property":"minecraft:custom_model_data","index":78,"on_true":{"type":"model","model":"bettermodel:player_limb/left_slim_arm_79","tints":[{"type":"minecraft:custom_model_data","index":183,"default":0}]},"on_false":{"type":"empty"}},{"type":"minecraft:condition","property":"minecraft:custom_model_data","index":79,"on_true":{"type":"model","model":"bettermodel:player_limb/left_slim_arm_80","tints":[{"type":"minecraft:custom_model_data","index":184,"default":0}]},"on_false":{"type":"empty"}},{"type":"minecraft:condition","property":"minecraft:custom_model_data","index":80,"on_true":{"type":"model","model":"bettermodel:player_limb/left_slim_arm_81","tints":[{"type":"minecraft:custom_model_data","index":185,"default":0}]},"on_false":{"type":"empty"}},{"type":"minecraft:condition","property":"minecraft:custom_model_data","index":81,"on_true":{"type":"model","model":"bettermodel:player_limb/left_slim_arm_82","tints":[{"type":"minecraft:custom_model_data","index":186,"default":0}]},"on_false":{"type":"empty"}},{"type":"minecraft:condition","property":"minecraft:custom_model_data","index":82,"on_true":{"type":"model","model":"bettermodel:player_limb/left_slim_arm_83","tints":[{"type":"minecraft:custom_model_data","index":187,"default":0}]},"on_false":{"type":"empty"}},{"type":"minecraft:condition","property":"minecraft:custom_model_data","index":83,"on_true":{"type":"model","model":"bettermodel:player_limb/left_slim_arm_84","tints":[{"type":"minecraft:custom_model_data","index":188,"default":0}]},"on_false":{"type":"empty"}},{"type":"minecraft:condition","property":"minecraft:custom_model_data","index":84,"on_true":{"type":"model","model":"bettermodel:player_limb/left_slim_arm_85","tints":[{"type":"minecraft:custom_model_data","index":189,"default":0}]},"on_false":{"type":"empty"}},{"type":"minecraft:condition","property":"minecraft:custom_model_data","index":85,"on_true":{"type":"model","model":"bettermodel:player_limb/left_slim_arm_86","tints":[{"type":"minecraft:custom_model_data","index":190,"default":0}]},"on_false":{"type":"empty"}},{"type":"minecraft:condition","property":"minecraft:custom_model_data","index":86,"on_true":{"type":"model","model":"bettermodel:player_limb/left_slim_arm_87","tints":[{"type":"minecraft:custom_model_data","index":191,"default":0}]},"on_false":{"type":"empty"}},{"type":"minecraft:condition","property":"minecraft:custom_model_data","index":87,"on_true":{"type":"model","model":"bettermodel:player_limb/left_slim_arm_88","tints":[{"type":"minecraft:custom_model_data","index":192,"default":0}]},"on_false":{"type":"empty"}},{"type":"minecraft:condition","property":"minecraft:custom_model_data","index":88,"on_true":{"type":"model","model":"bettermodel:player_limb/left_slim_arm_89","tints":[{"type":"minecraft:custom_model_data","index":193,"default":0}]},"on_false":{"type":"empty"}},{"type":"minecraft:condition","property":"minecraft:custom_model_data","index":89,"on_true":{"type":"model","model":"bettermodel:player_limb/left_slim_arm_90","tints":[{"type":"minecraft:custom_model_data","index":194,"default":0}]},"on_false":{"type":"empty"}},{"type":"minecraft:condition","property":"minecraft:custom_model_data","index":90,"on_true":{"type":"model","model":"bettermodel:player_limb/left_slim_arm_91","tints":[{"type":"minecraft:custom_model_data","index":195,"default":0}]},"on_false":{"type":"empty"}},{"type":"minecraft:condition","property":"minecraft:custom_model_data","index":91,"on_true":{"type":"model","model":"bettermodel:player_limb/left_slim_arm_92","tints":[{"type":"minecraft:custom_model_data","index":196,"default":0}]},"on_false":{"type":"empty"}},{"type":"minecraft:condition","property":"minecraft:custom_model_data","index":92,"on_true":{"type":"model","model":"bettermodel:player_limb/left_slim_arm_93","tints":[{"type":"minecraft:custom_model_data","index":197,"default":0}]},"on_false":{"type":"empty"}},{"type":"minecraft:condition","property":"minecraft:custom_model_data","index":93,"on_true":{"type":"model","model":"bettermodel:player_limb/left_slim_arm_94","tints":[{"type":"minecraft:custom_model_data","index":198,"default":0}]},"on_false":{"type":"empty"}},{"type":"minecraft:condition","property":"minecraft:custom_model_data","index":94,"on_true":{"type":"model","model":"bettermodel:player_limb/left_slim_arm_95","tints":[{"type":"minecraft:custom_model_data","index":199,"default":0}]},"on_false":{"type":"empty"}},{"type":"minecraft:condition","property":"minecraft:custom_model_data","index":95,"on_true":{"type":"model","model":"bettermodel:player_limb/left_slim_arm_96","tints":[{"type":"minecraft:custom_model_data","index":200,"default":0}]},"on_false":{"type":"empty"}}]}}