{
	"credit": "Made with Blockbench",
	"textures": {
		"0": "next:item/hats/turtle/texture",
		"particle": "next:item/hats/turtle/texture"
	},
	"elements": [
		{
			"from": [5.5, 0.5, 6],
			"to": [10.5, 2.5, 11],
			"faces": {
				"north": {"uv": [5, 8, 10, 10], "texture": "#0"},
				"east": {"uv": [9, 0, 14, 2], "texture": "#0"},
				"south": {"uv": [9, 2, 14, 4], "texture": "#0"},
				"west": {"uv": [9, 4, 14, 6], "texture": "#0"},
				"up": {"uv": [5, 5, 0, 0], "texture": "#0"},
				"down": {"uv": [5, 5, 0, 10], "texture": "#0"}
			}
		},
		{
			"from": [6, 1.5, 6.5],
			"to": [10, 3.5, 10.5],
			"faces": {
				"north": {"uv": [9, 6, 13, 8], "texture": "#0"},
				"east": {"uv": [0, 10, 4, 12], "texture": "#0"},
				"south": {"uv": [4, 10, 8, 12], "texture": "#0"},
				"west": {"uv": [8, 10, 12, 12], "texture": "#0"},
				"up": {"uv": [9, 4, 5, 0], "texture": "#0"},
				"down": {"uv": [9, 4, 5, 8], "texture": "#0"}
			}
		},
		{
			"from": [7.5, 0.5, 4],
			"to": [8.5, 1.5, 6],
			"rotation": {"angle": 45, "axis": "x", "origin": [8, 0.5, 6]},
			"faces": {
				"north": {"uv": [11, 12, 12, 13], "texture": "#0"},
				"east": {"uv": [12, 8, 14, 9], "texture": "#0"},
				"south": {"uv": [12, 12, 13, 13], "texture": "#0"},
				"west": {"uv": [12, 9, 14, 10], "texture": "#0"},
				"up": {"uv": [11, 14, 10, 12], "texture": "#0"},
				"down": {"uv": [13, 10, 12, 12], "texture": "#0"}
			}
		},
		{
			"from": [7.5, 0.5, 11],
			"to": [8.5, 1.5, 12],
			"faces": {
				"north": {"uv": [13, 6, 14, 7], "texture": "#0"},
				"east": {"uv": [13, 7, 14, 8], "texture": "#0"},
				"south": {"uv": [13, 10, 14, 11], "texture": "#0"},
				"west": {"uv": [11, 13, 12, 14], "texture": "#0"},
				"up": {"uv": [14, 12, 13, 11], "texture": "#0"},
				"down": {"uv": [13, 13, 12, 14], "texture": "#0"}
			}
		},
		{
			"from": [5.25, 0, 10.25],
			"to": [6.25, 1, 11.25],
			"faces": {
				"north": {"uv": [13, 12, 14, 13], "texture": "#0"},
				"east": {"uv": [13, 13, 14, 14], "texture": "#0"},
				"south": {"uv": [0, 14, 1, 15], "texture": "#0"},
				"west": {"uv": [14, 0, 15, 1], "texture": "#0"},
				"up": {"uv": [2, 15, 1, 14], "texture": "#0"},
				"down": {"uv": [15, 1, 14, 2], "texture": "#0"}
			}
		},
		{
			"from": [9.75, 0, 10.25],
			"to": [10.75, 1, 11.25],
			"faces": {
				"north": {"uv": [2, 14, 3, 15], "texture": "#0"},
				"east": {"uv": [14, 2, 15, 3], "texture": "#0"},
				"south": {"uv": [3, 14, 4, 15], "texture": "#0"},
				"west": {"uv": [14, 3, 15, 4], "texture": "#0"},
				"up": {"uv": [5, 15, 4, 14], "texture": "#0"},
				"down": {"uv": [15, 4, 14, 5], "texture": "#0"}
			}
		},
		{
			"from": [9.75, 0, 5.75],
			"to": [10.75, 1, 6.75],
			"faces": {
				"north": {"uv": [5, 14, 6, 15], "texture": "#0"},
				"east": {"uv": [14, 5, 15, 6], "texture": "#0"},
				"south": {"uv": [6, 14, 7, 15], "texture": "#0"},
				"west": {"uv": [14, 6, 15, 7], "texture": "#0"},
				"up": {"uv": [8, 15, 7, 14], "texture": "#0"},
				"down": {"uv": [15, 7, 14, 8], "texture": "#0"}
			}
		},
		{
			"from": [7, 1.5, 3.75],
			"to": [9, 3.5, 5.75],
			"faces": {
				"north": {"uv": [10, 8, 12, 10], "texture": "#0"},
				"east": {"uv": [0, 12, 2, 14], "texture": "#0"},
				"south": {"uv": [2, 12, 4, 14], "texture": "#0"},
				"west": {"uv": [4, 12, 6, 14], "texture": "#0"},
				"up": {"uv": [8, 14, 6, 12], "texture": "#0"},
				"down": {"uv": [10, 12, 8, 14], "texture": "#0"}
			}
		},
		{
			"from": [5.25, 0, 5.75],
			"to": [6.25, 1, 6.75],
			"faces": {
				"north": {"uv": [8, 14, 9, 15], "texture": "#0"},
				"east": {"uv": [14, 8, 15, 9], "texture": "#0"},
				"south": {"uv": [9, 14, 10, 15], "texture": "#0"},
				"west": {"uv": [14, 9, 15, 10], "texture": "#0"},
				"up": {"uv": [11, 15, 10, 14], "texture": "#0"},
				"down": {"uv": [15, 10, 14, 11], "texture": "#0"}
			}
		}
	],
	"display": {
		"thirdperson_righthand": {
			"rotation": [90, 0, 0],
			"translation": [0, -1.75, 16],
			"scale": [0.5, 0.5, 0.5]
		},
		"thirdperson_lefthand": {
			"rotation": [90, 0, 0],
			"translation": [0, -1.75, 16],
			"scale": [0.5, 0.5, 0.5]
		},
		"firstperson_righthand": {
			"rotation": [0, 225, 0],
			"translation": [0, 2.75, 0],
			"scale": [0.4, 0.4, 0.4]
		},
		"firstperson_lefthand": {
			"rotation": [0, 225, 0],
			"translation": [0, 2.75, 0],
			"scale": [0.4, 0.4, 0.4]
		},
		"ground": {
			"translation": [0, 3, 0],
			"scale": [0.5, 0.5, 0.5]
		},
		"gui": {
			"rotation": [30, -135, 0],
			"translation": [0.5, 5, 0],
			"scale": [1, 1, 1]
		},
		"head": {
			"translation": [0, 18.5, 0],
			"scale": [1.5, 1.5, 1.5]
		},
		"fixed": {
			"rotation": [-90, -90, 0],
			"translation": [0, 0, -8]
		}
	}
}