{
	"credit": "Bloons (https://jeqo.net/bloons)",
	"texture_size": [64, 64],
	"textures": {
		"1": "next:item/balloons/balloon_creeper",
		"particle": "next:item/balloons/balloon_creeper"
	},
	"elements": [
		{
			"from": [7, -2, 8],
			"to": [9, 0, 8],
			"rotation": {"angle": 22.5, "axis": "y", "origin": [8, -0.5, 8]},
			"faces": {
				"north": {"uv": [4.25, 7, 4.75, 7.5], "texture": "#1"},
				"east": {"uv": [0, 0, 0, 0.5], "texture": "#1"},
				"south": {"uv": [4.75, 7, 5.25, 7.5], "texture": "#1"},
				"west": {"uv": [0, 0, 0, 0.5], "texture": "#1"},
				"up": {"uv": [0.5, 0, 0, 0], "rotation": 180, "texture": "#1"},
				"down": {"uv": [0.5, 0, 0, 0], "rotation": 180, "texture": "#1"}
			}
		},
		{
			"from": [8, -2, 7],
			"to": [8, 0, 9],
			"rotation": {"angle": 22.5, "axis": "y", "origin": [8, -0.5, 8]},
			"faces": {
				"north": {"uv": [0, 0, 0, 0.5], "texture": "#1"},
				"east": {"uv": [4.25, 7, 4.75, 7.5], "texture": "#1"},
				"south": {"uv": [0, 0, 0, 0.5], "texture": "#1"},
				"west": {"uv": [4.75, 7, 5.25, 7.5], "texture": "#1"},
				"up": {"uv": [0.5, 0, 0, 0], "rotation": 90, "texture": "#1"},
				"down": {"uv": [0.5, 0, 0, 0], "rotation": 270, "texture": "#1"}
			}
		},
		{
			"from": [1, 0, 1],
			"to": [15, 14, 15],
			"rotation": {"angle": 0, "axis": "y", "origin": [8, -0.5, 8]},
			"faces": {
				"north": {"uv": [4, 2, 6, 4], "texture": "#1", "tintindex": 0},
				"east": {"uv": [2, 2, 4, 4], "texture": "#1", "tintindex": 0},
				"south": {"uv": [0, 2, 2, 4], "texture": "#1", "tintindex": 0},
				"west": {"uv": [6, 2, 8, 4], "texture": "#1", "tintindex": 0},
				"up": {"uv": [6, 2, 4, 0], "rotation": 90, "texture": "#1", "tintindex": 0},
				"down": {"uv": [4, 0, 2, 2], "rotation": 270, "texture": "#1", "tintindex": 0}
			}
		},
		{
			"from": [6.5, -3, 6.5],
			"to": [9.5, -2, 9.5],
			"rotation": {"angle": 0, "axis": "y", "origin": [8, -0.5, 8]},
			"faces": {
				"north": {"uv": [7, 5.75, 7.75, 6], "texture": "#1", "tintindex": 0},
				"east": {"uv": [5.25, 7, 6, 7.25], "texture": "#1", "tintindex": 0},
				"south": {"uv": [7, 5.25, 7.75, 5.5], "texture": "#1", "tintindex": 0},
				"west": {"uv": [7, 5.5, 7.75, 5.75], "texture": "#1", "tintindex": 0},
				"up": {"uv": [4.25, 7.75, 3.5, 7], "rotation": 90, "texture": "#1", "tintindex": 0},
				"down": {"uv": [7.75, 3.5, 7, 4.25], "rotation": 270, "texture": "#1", "tintindex": 0}
			}
		}
	],
	"gui_light": "front",
	"display": {
		"gui": {
			"rotation": [10, -45, 0],
			"translation": [0, 0.75, 0],
			"scale": [0.64, 0.64, 0.64]
		},
		"head": {
			"translation": [0, 14.5, 0],
			"scale": [2.2857, 2.2857, 2.2857]
		}
	},
	"groups": [
		{
			"name": "balloon_creeper",
			"origin": [8, 8, 8],
			"color": 0,
			"children": [0, 1, 2, 3]
		}
	]
}