{
	"credit": "Bloons (https://jeqo.net/bloons)",
	"texture_size": [64, 64],
	"textures": {
		"0": "next:item/balloons/balloon_green"
	},
	"elements": [
		{
			"from": [7, -2, 8],
			"to": [9, 0, 8],
			"rotation": {"angle": -45, "axis": "y", "origin": [8, -0.5, 8]},
			"faces": {
				"north": {"uv": [4.75, 7, 5.25, 7.5], "texture": "#0"},
				"east": {"uv": [0, 0, 0, 0.5], "texture": "#0"},
				"south": {"uv": [4.25, 7, 4.75, 7.5], "texture": "#0"},
				"west": {"uv": [0, 0, 0, 0.5], "texture": "#0"},
				"up": {"uv": [0.5, 0, 0, 0], "texture": "#0"},
				"down": {"uv": [0.5, 0, 0, 0], "texture": "#0"}
			}
		},
		{
			"from": [7, -2, 8],
			"to": [9, 0, 8],
			"rotation": {"angle": 45, "axis": "y", "origin": [8, -0.5, 8]},
			"faces": {
				"north": {"uv": [4.25, 7, 4.75, 7.5], "texture": "#0"},
				"east": {"uv": [0, 0, 0, 0.5], "texture": "#0"},
				"south": {"uv": [4.75, 7, 5.25, 7.5], "texture": "#0"},
				"west": {"uv": [0, 0, 0, 0.5], "texture": "#0"},
				"up": {"uv": [0.5, 0, 0, 0], "texture": "#0"},
				"down": {"uv": [0.5, 0, 0, 0], "texture": "#0"}
			}
		},
		{
			"from": [1, 0, 1],
			"to": [15, 14, 15],
			"faces": {
				"north": {"uv": [0, 0, 3.5, 3.5], "texture": "#0", "tintindex": 0},
				"east": {"uv": [0, 3.5, 3.5, 7], "texture": "#0", "tintindex": 0},
				"south": {"uv": [3.5, 0, 7, 3.5], "texture": "#0", "tintindex": 0},
				"west": {"uv": [3.5, 3.5, 7, 7], "texture": "#0", "tintindex": 0},
				"up": {"uv": [3.5, 10.5, 0, 7], "texture": "#0", "tintindex": 0},
				"down": {"uv": [10.5, 0, 7, 3.5], "texture": "#0", "tintindex": 0}
			}
		},
		{
			"from": [6.5, -3, 6.5],
			"to": [9.5, -2, 9.5],
			"faces": {
				"north": {"uv": [5.25, 7, 6, 7.25], "texture": "#0", "tintindex": 0},
				"east": {"uv": [7, 5.25, 7.75, 5.5], "texture": "#0", "tintindex": 0},
				"south": {"uv": [7, 5.5, 7.75, 5.75], "texture": "#0", "tintindex": 0},
				"west": {"uv": [7, 5.75, 7.75, 6], "texture": "#0", "tintindex": 0},
				"up": {"uv": [4.25, 7.75, 3.5, 7], "texture": "#0", "tintindex": 0},
				"down": {"uv": [7.75, 3.5, 7, 4.25], "texture": "#0", "tintindex": 0}
			}
		},
		{
			"from": [15, 14, 15],
			"to": [1, 0, 1],
			"faces": {
				"north": {"uv": [3.5, 3.5, 7, 0], "texture": "#0", "tintindex": 0},
				"east": {"uv": [3.5, 7, 7, 3.5], "texture": "#0", "tintindex": 0},
				"south": {"uv": [0, 3.5, 3.5, 0], "texture": "#0", "tintindex": 0},
				"west": {"uv": [0, 7, 3.5, 3.5], "texture": "#0", "tintindex": 0},
				"up": {"uv": [7, 0, 10.5, 3.5], "texture": "#0", "tintindex": 0},
				"down": {"uv": [0, 10.5, 3.5, 7], "texture": "#0", "tintindex": 0}
			}
		}
	],
	"gui_light": "front",
	"display": {
		"thirdperson_righthand": {
			"translation": [0, 4.5, 0],
			"scale": [0.5, 0.5, 0.5]
		},
		"thirdperson_lefthand": {
			"translation": [0, 4.5, 0],
			"scale": [0.5, 0.5, 0.5]
		},
		"firstperson_righthand": {
			"rotation": [-20, 0, 0],
			"translation": [1, 2.5, 0.5],
			"scale": [0.5, 0.5, 0.5]
		},
		"firstperson_lefthand": {
			"rotation": [-20, 0, 0],
			"translation": [1, 2.5, 0.5],
			"scale": [0.5, 0.5, 0.5]
		},
		"gui": {
			"rotation": [10, 45, 0],
			"translation": [0, 0.75, 0],
			"scale": [0.64, 0.64, 0.64]
		},
		"head": {
			"translation": [0, 14.5, 0],
			"scale": [2.2857, 2.2857, 2.2857]
		}
	},
	"groups": [
		{
			"name": "balloon_green",
			"origin": [8, 8, 8],
			"color": 0,
			"nbt": "{}",
			"children": [0, 1, 2, 3, 4]
		}
	]
}
